0.947844959172,0.890275014403,1.0
0.334157424443,0.715811783451,1.0
1.00114201659,0.432450600941,1.0
-0.662184194175,0.490314130265,-1.0
0.648418729064,1.360709185,0.0
0.550499584617,0.186674059161,1.0
-1.04993351038,0.318222185885,-1.0
0.660866953659,0.437595446826,1.0
0.594626813579,1.36598664466,0.0
-0.884276627588,-0.149082515641,0.0
-0.750598242092,0.462216829344,-1.0
-0.557999285999,0.607235591883,-1.0
-1.45076327116,-0.595940618894,-1.0
-0.843106607636,-0.117239089474,0.0
-0.724663423491,-0.399000231224,0.0
-0.841928665827,0.261974405608,-1.0
-0.380439601277,-0.631598519706,0.0
-0.900533030778,0.900442170926,-1.0
-0.321867946931,0.603783826339,-1.0
0.672837675848,0.816764591014,1.0
0.636842197402,1.1935877605,0.0
0.138259893036,0.557871962788,1.0
0.217796018944,0.567361386769,1.0
-0.458705476079,-0.219992002208,0.0
0.624770575982,0.642314250214,1.0
-0.64209787309,-0.355677953002,0.0
-0.528638507672,-0.425393272302,0.0
0.300214335517,0.191016894969,-1.0
0.7224294155,1.0967931429,0.0
-0.203175250606,1.02717700763,-1.0
0.634804331343,0.711085008751,1.0
0.708626841995,0.405222813605,1.0
-0.842063106586,-0.894433371682,0.0
-0.4383990029,-1.01808565518,0.0
0.242709020097,0.608292584604,1.0
0.528010534276,0.264845271192,1.0
-0.437248681294,0.189292353922,-1.0
0.261572520843,0.489193383804,1.0
-0.599080062058,-0.206628752423,-1.0
-0.534824028239,-0.883175234504,0.0
0.601401482078,1.14015465107,0.0
0.588570725128,1.18681089923,0.0
0.788111902855,0.0418263919706,1.0
-1.14602176301,0.228689882984,-1.0
0.474211995105,1.27828181092,0.0
-0.664430608249,0.0826996139197,-1.0
0.620843851369,1.12483424138,0.0
-0.732804098686,0.177913931453,-1.0
0.828320149896,0.517546844871,1.0
0.503312464652,0.338991919617,1.0
0.671990555701,0.722457808327,1.0
-0.918633550295,-0.49402245796,0.0
0.812452428307,1.2408726656,0.0
0.799005647693,0.186742611154,1.0
0.619029484955,1.38980936237,0.0
0.533366308348,0.628250971369,1.0
-0.148416450797,0.085886877865,-1.0
0.603217975633,0.799224072123,1.0
-0.816041632702,-0.26781162834,0.0
0.722478296119,1.04988450961,0.0
-0.482414863435,-0.455584296543,0.0
0.449933954678,0.318868669696,1.0
-0.901371940649,0.401877401573,-1.0
0.801610047911,0.75019245482,1.0
0.436119399036,0.365786737754,1.0
-0.0100338457444,-0.16520190929,-1.0
-0.886290844248,1.52103522639,-1.0
0.703882987055,1.2520570653,0.0
-0.237972922019,0.742509681812,-1.0
-1.47236528087,0.0627585460971,-1.0
0.744601647518,0.691298223345,1.0
-0.47924200426,0.0518842909225,-1.0
0.0293703666899,0.543313746205,1.0
-0.222626847509,0.713876813297,-1.0
0.607579401819,0.181325411666,1.0
-0.852461304039,-0.464761685734,0.0
0.594119091002,1.47170254886,0.0
-0.0962421256428,0.657671259519,-1.0
1.11268668661,0.850183748347,-1.0
0.449646258447,1.04549681432,0.0
-0.301123152809,-0.290227780182,0.0
-0.10397102097,0.862810242093,1.0
-0.538671671251,-0.41734041516,0.0
0.0992338676117,0.165967721424,1.0
0.726558991186,1.16785901703,0.0
0.596668965261,1.11224405596,0.0
0.645831581822,0.671251881364,1.0
-0.65329333962,-0.422466952054,0.0
0.409304634737,1.17541184559,0.0
-0.330135462844,-0.910382260983,-1.0
-0.686867009027,0.295654749103,-1.0
0.622942789281,0.414353310083,1.0
0.735350274155,0.809047856001,-1.0
-0.73835749854,-0.777753664831,-1.0
0.260366350553,0.113720066385,1.0
0.796515378202,1.06411015109,0.0
0.26592960103,0.906425161302,1.0
0.513242506328,1.15446570325,0.0
0.556963506341,1.08304827157,0.0
-0.480055305711,-0.298923410026,0.0
-0.425120567565,0.257849166349,-1.0
0.0829165125562,0.304140148507,1.0
-0.429704322691,0.252115377783,-1.0
-0.342798151377,0.720087279298,-1.0
-0.708326675314,-0.733546454561,0.0
0.620815108303,1.08841525406,0.0
-0.85815597621,1.04076975593,-1.0
-0.329096187664,0.0410637010992,-1.0
0.774664490724,1.01793042453,0.0
-1.21201380159,0.677355022128,-1.0
0.295180649766,0.549308930069,-1.0
-0.69363907574,-0.362844104461,0.0
0.400211853637,0.339930191934,1.0
0.387135087283,0.791996403005,1.0
-0.682226216291,-0.358068363755,0.0
0.670199307401,1.0906084004,0.0
0.548278799558,1.21738302204,0.0
0.0676967772054,0.683565166003,1.0
0.337805653941,0.345094700834,1.0
-0.272277602845,0.417071966277,-1.0
0.462726273967,0.709353446894,1.0
-0.396349527395,0.628680475527,-1.0
-0.0322947289125,-0.21863526047,0.0
0.72012736615,0.500205678264,1.0
0.581934354317,0.301532157151,1.0
0.372425096279,-0.124561126362,-1.0
-0.622594900924,-0.239642168349,-1.0
0.613990716898,0.192138054906,1.0
-0.693094584495,-0.430061699565,0.0
-0.907240352076,0.00426009985708,-1.0
0.283773066787,0.662539526476,1.0
0.826848144119,0.639108045092,1.0
-0.872932135654,1.37694037788,-1.0
0.158852326244,0.732171663535,1.0
-1.99726879182,1.03480834742,-1.0
-0.773557898185,-0.370120669116,0.0
-0.415704160014,1.88029258026,-1.0
0.733026484915,1.27126725182,0.0
0.641690237235,1.10917226835,0.0
0.379776594783,1.04437197651,1.0
-0.817863789742,0.857028119946,-1.0
-0.501440024865,-0.819955494667,0.0
-0.303722520392,0.281485758497,-1.0
0.199054530355,0.160959536042,1.0
-0.366463689204,-0.788877812776,0.0
-0.293530291871,0.646214711954,-1.0
0.438490104482,0.474890440551,1.0
-0.287157851896,-0.62040422546,0.0
0.658385120075,0.197952572367,1.0
-0.160685665024,0.988929645237,-1.0
0.62055476464,1.14828476812,0.0
0.34592357827,0.360889342671,1.0
-0.676591191769,-0.454426148648,-1.0
-0.71072991024,0.932230001123,-1.0
0.58872710929,1.20227689912,0.0
0.671766202996,1.18231649703,0.0
-0.260980736982,-0.780298683765,0.0
0.411313869927,0.792222717764,1.0
0.410736106448,0.757931302134,1.0
-0.306849097058,-0.647747551758,-1.0
0.63584570971,0.447466824291,1.0
-0.666929978019,-0.568794890551,0.0
-1.46848758867,1.02190468884,-1.0
0.248326316854,0.824148458922,1.0
0.199141631956,0.222202906513,1.0
-0.337222606493,0.603280314113,-1.0
0.78711263272,1.18896625866,0.0
0.708118614101,0.182397388669,1.0
-0.216141836604,0.0335797690668,-1.0
-0.818064136051,0.279798568457,-1.0
0.744879953857,0.964963900667,0.0
0.654214007374,1.11331078073,0.0
-0.44218829173,-0.355865758453,0.0
-0.954535026172,-0.402134378243,-1.0
0.779669657194,0.331183734329,1.0
0.526904723685,1.15640700692,0.0
0.632104126978,1.13091412774,0.0
0.215399911177,0.794393684758,1.0
0.295321021138,0.34677527013,1.0
0.629415609971,1.08184279903,0.0
-1.5506064348,0.980865299613,-1.0
0.970561595144,0.800861902429,1.0
0.269184164491,0.535239082451,1.0
0.696104757074,1.23796930123,0.0
-0.806065133763,-0.497764444873,0.0
-0.893379486997,0.963338026341,-1.0
0.369960645799,0.397671777057,1.0
-0.468760821532,0.18828100853,-1.0
0.15374943657,1.15457860714,-1.0
0.656186401428,1.39772747351,0.0
0.508401174893,1.09091315337,0.0
-0.0548100652301,0.663672569558,1.0
0.2754609555,0.414102155916,1.0
0.511481922973,0.528383051458,1.0
-0.259067500013,0.362481241921,-1.0
0.346311967324,0.723144338831,1.0
-0.697226753194,-0.621195123443,0.0
0.680985926075,1.16231463697,0.0
0.139938009567,0.66107487187,1.0
-0.30248974158,-0.295307833927,-1.0
0.535939256824,0.831966448713,1.0
-0.210247696263,-0.454141544979,0.0
0.725805602212,0.33442043459,1.0
0.497124174625,1.06100289274,0.0
0.266723260547,0.391234146194,1.0
0.0127572895681,-0.582282782351,0.0
-0.362849193196,-0.385521761135,0.0
0.191716752708,1.05855070367,-1.0
0.456548955274,0.862089239841,1.0
-0.883365497711,-0.956224478319,0.0
0.0325766750181,0.301217077136,-1.0
0.643919555582,0.371868843536,1.0
-0.51811132618,-0.274390664925,-1.0
-0.698378383518,0.247706124647,-1.0
0.400757531689,0.425963877228,1.0
-0.0843691993418,0.261067042014,-1.0
-1.14192554577,0.347433848156,-1.0
-1.14074207679,0.429428901537,-1.0
1.08267737449,0.722660677177,1.0
-1.02410573472,-0.144119205636,-1.0
0.174956447997,0.669687381049,1.0
-0.377949788752,-0.286823949544,-1.0
0.42404777732,1.21344019298,0.0
0.878435133739,-0.0669482342176,1.0
0.387592315741,0.451443565995,1.0
0.653648055272,0.430838712724,1.0
-0.643654292349,-0.521452210798,-1.0
-0.445758608057,0.401270174595,-1.0
-0.594391767041,0.945614641364,-1.0
0.26650585744,0.0423994180746,1.0
-0.0926675248043,0.985967403037,-1.0
-0.542962547622,-0.0375455543576,0.0
0.738721955347,1.33908496721,0.0
-0.753977970687,1.04742641721,-1.0
-0.247493099231,-0.56907702162,-1.0
0.480959051939,0.208925724369,1.0
0.608401424754,1.0765531101,0.0
-0.950501976552,0.948815858821,-1.0
-0.386721377755,-0.800060001427,0.0
0.600110521003,1.17140798137,0.0
0.525876453509,0.535488176511,1.0
-0.47416165105,0.196913346961,-1.0
0.666927023342,0.452720994844,1.0
-0.417306746002,-0.270913268663,-1.0
0.726588556181,1.02682305415,0.0
0.676469074297,1.14158129618,0.0
-0.365742314769,1.03950411058,-1.0
-0.529468089227,0.92313387483,-1.0
0.553315691816,0.977062326813,1.0
-0.0119606257737,0.416925771121,1.0
-1.30385130384,0.045781235167,-1.0
0.911332496916,0.288311588256,1.0
-1.86218108404,0.350418488716,-1.0
0.625712153002,1.41006552758,0.0
0.533421700799,0.515652361983,1.0
0.571901092952,0.364600769904,1.0
-0.388833288004,1.49328317579,-1.0
0.634814065131,0.34061947011,1.0
0.772110083837,1.17996357365,0.0
0.146869540382,0.658961798485,-1.0
0.488382876759,1.29368155308,0.0
0.108839976294,-0.0178615783326,-1.0
-0.323814051053,-0.939795069974,0.0
-0.401196464822,0.67629801096,-1.0
0.263280985908,0.478735196617,1.0
-0.880097670993,0.999398240634,-1.0
-0.584786572231,-0.0866403974164,-1.0
-0.782928038622,-0.675465866764,0.0
0.608983696517,1.26148320014,0.0
0.300489169155,0.568057535837,-1.0
-0.00748974136727,0.289985770027,-1.0
-0.57192938552,-0.639545882276,0.0
-0.0746273777225,0.36049765592,-1.0
-0.698858675242,-0.693519233263,0.0
-1.00293356936,0.490965676596,-1.0
-0.484524637274,-0.102774564255,-1.0
-1.01897555114,1.62417729581,-1.0
-1.92526408568,0.0759447622394,-1.0
0.0817073014652,0.836031397554,-1.0
0.187808904617,1.40428661469,-1.0
0.408353029115,1.0694390618,0.0
0.0152037331177,-0.21971092488,-1.0
-0.467993658013,-0.310372199305,0.0
0.700749819665,1.17355606853,0.0
-0.412306592815,0.119672603303,-1.0
0.20565131395,0.532744128367,1.0
-0.698549510461,-0.438168822401,0.0
0.0271299950222,0.6890963752,-1.0
0.798876905606,0.500516238236,1.0
-0.426163598209,0.509073519718,-1.0
0.701724136105,1.09245162752,0.0
-0.0785996080399,0.681576230993,-1.0
0.590005240274,0.647399340027,1.0
0.288960807029,0.745343827783,1.0
-0.115266323905,0.172862447681,-1.0
0.463840330047,-0.0971959462923,-1.0
0.522981294217,1.18010595234,0.0
0.246438846597,0.583672594141,1.0
0.804476128265,0.741639354597,1.0
0.490103842729,1.11626354987,0.0
0.670530968865,0.752973421953,1.0
0.555344364273,1.10278154483,0.0
0.938372113019,0.447294691576,1.0
-0.333029812508,-0.662165021828,0.0
-0.251937756786,-0.757206044863,0.0
0.36234799935,0.55055012529,1.0
0.768600697978,0.679075748989,1.0
-1.31405517375,0.270612524906,-1.0
0.639508876206,0.204246444947,1.0
0.164109107327,0.863400373761,-1.0
-0.776201474378,0.896566654517,-1.0
0.156455700429,0.515015544564,1.0
0.548987153853,0.782736827973,1.0
-0.543007622207,-0.0325053189421,0.0
0.680015079379,1.44840409543,0.0
0.594888212182,1.30229979055,0.0
0.798862762775,0.20485469482,1.0
-0.839036423291,0.0650067081291,-1.0
-0.737848341145,1.07683086591,-1.0
-0.868816526709,0.308390412423,-1.0
-0.330115229769,0.0616389286518,0.0
0.610411229205,0.333351875332,1.0
0.937466019801,0.96343215133,1.0
-0.40245663447,-0.628272005482,0.0
-0.952596851452,-0.134221856466,-1.0
-0.438878280997,-0.0628626280081,-1.0
0.797797095387,1.14418110972,0.0
-0.918140671906,0.547106280339,-1.0
0.478882311025,0.366870662193,1.0
-0.278875561977,-0.686928205012,0.0
0.585465426016,0.151810668265,1.0
0.510517410036,0.458656698151,1.0
0.564457909641,1.12303382002,0.0
0.492273078291,0.473576965585,1.0
0.65991000779,1.23250897272,0.0
0.305880757085,0.474981254181,1.0
0.572617665714,0.496828265825,1.0
-0.55895454467,0.767187087433,-1.0
0.527719079954,1.15586165842,0.0
0.342439357113,0.627144844875,1.0
-0.529995330709,0.0511059176638,-1.0
0.365656495992,0.858735711403,1.0
0.117179334462,0.0100155806823,-1.0
0.746758488792,1.22164794991,0.0
-0.338600100428,0.969570414138,-1.0
0.743186316422,1.10144304794,0.0
-0.477995740652,-0.505148250282,0.0
-0.729385573054,-0.228363006304,0.0
0.0289943175135,0.33039259855,-1.0
-0.77052524747,-0.373982022838,0.0
0.674757088357,1.1258141215,0.0
0.639776204766,0.87901492297,0.0
0.607484895139,1.13176566886,0.0
-0.154957780239,0.929556548731,-1.0
-0.405614766481,0.774904134578,-1.0
-1.20585440032,1.12123907714,-1.0
-0.593839554117,0.501184460265,-1.0
0.606960045048,0.429986590872,1.0
-0.100118785863,-0.266384597872,-1.0
0.268842264139,0.483071673594,1.0
0.591556721452,0.48538255129,1.0
0.619665695065,0.7132939546,1.0
0.500038844762,1.23204114519,0.0
0.479312270799,0.688675599226,1.0
0.463571151203,0.665541701585,1.0
0.0484601286265,0.321273398766,-1.0
0.174664658502,0.589026943734,1.0
-0.143249940039,0.165700953997,-1.0
-0.368576358501,-0.606778776838,0.0
0.713356436428,1.04811691984,0.0
0.588733883787,1.28875732082,0.0
-0.605987351417,0.785197621332,-1.0
0.861231061139,0.336789906555,1.0
-0.975116012235,0.349072628746,-1.0
0.253388193434,0.391048587139,1.0
-1.41634532562,0.871857642264,-1.0
-1.03256553819,0.2031697772,-1.0
-0.105803910862,0.287202720297,-1.0
-0.0255551818443,0.882134690714,1.0
0.477374525522,0.442122227358,1.0
-0.13659320172,0.50824789706,-1.0
-1.03131773435,0.850424579108,-1.0
-0.717885973426,0.553144610155,-1.0
-0.232173447172,0.594641199357,1.0
0.703511192598,0.173685877861,1.0
0.638917174146,1.07937332852,0.0
0.50124857796,0.582268970309,1.0
0.574726612215,0.598731948572,1.0
-0.0388463317024,0.25010701997,-1.0
0.787434364317,0.875436344536,1.0
0.327662479335,0.867817601809,-1.0
0.455509579032,0.737239044375,1.0
0.223481594372,-0.0039840594554,-1.0
-0.86472825519,0.239433509598,-1.0
0.320797762535,0.329163104816,1.0
0.510103536589,1.27176321144,0.0
0.0655357035812,0.9094320921,1.0
-0.704277617901,-0.12431491852,-1.0
0.442279679273,1.25671309138,0.0
-0.966927128137,0.755223702401,-1.0
0.346931754904,0.127477475331,1.0
0.519848749779,1.07567663916,0.0
0.373586297308,0.827344787326,-1.0
0.48816645237,0.290706167662,1.0
-0.416013994585,-0.449353789317,0.0
0.608281683384,0.909645313829,1.0
0.356841351161,0.77645963713,1.0
0.612293815333,0.519720122732,1.0
0.741162216235,1.22270948605,0.0
0.753368327451,1.16321477622,0.0
-0.92627560756,0.404250743006,-1.0
0.544148332477,-0.0194711337888,1.0
0.427671219011,1.12182729626,0.0
0.739425930276,1.17130282107,0.0
-0.0707139742723,-0.0541027915488,-1.0
0.554066888776,0.99123576156,1.0
0.663920420805,0.420876667561,1.0
0.648938053543,1.20489244357,0.0
-0.294636290536,-0.806854064555,-1.0
-0.117969047072,-0.805641815892,0.0
-0.403387742459,-0.814779543116,0.0
0.558462303356,0.521122268958,1.0
0.0839774521352,0.705448799754,1.0
-0.409315441377,-0.425107284544,0.0
0.897629806179,0.704617164037,1.0
-0.829504270471,0.805457656347,-1.0
-0.161742853046,-0.347746850026,0.0
-1.38549882194,0.51101041969,-1.0
-1.42448739103,1.43177596566,-1.0
-0.150112725805,0.545730839252,1.0
-0.744053960619,1.04934219878,-1.0
0.190018539822,0.62087929738,1.0
0.622020771736,1.15248741431,0.0
0.608618293163,1.14053884798,0.0
-0.87059217233,-0.307784036262,0.0
-0.774865149649,0.356171427513,-1.0
-1.15841435433,-0.248003797975,-1.0
0.17615577848,0.636695295375,1.0
0.639694031074,1.2291149031,0.0
0.454994956461,0.781364929307,1.0
0.562218698871,1.25044544176,0.0
0.673307506967,0.328612668639,1.0
0.675050525136,1.20351133116,0.0
0.511472750084,0.635993557205,1.0
-1.29640805577,0.634938625081,-1.0
-0.183209308904,-0.382168685456,0.0
0.456980850199,0.23595643496,1.0
-0.408023662035,-0.50617566471,0.0
0.155162874183,0.250028932614,1.0
0.881873061148,0.0306227278636,1.0
0.664441722299,1.00891541555,0.0
-0.553911889,-0.127898613336,0.0
-0.757695515777,0.0126014479308,-1.0
0.564926111984,0.348999658737,1.0
-0.102077593619,-0.613844495981,0.0
-0.513495199577,-0.329998750512,0.0
-0.590781092013,0.285118391966,-1.0
0.669736651896,1.18469871257,0.0
-0.723792434483,-0.566662913006,0.0
0.498552279508,0.146291938125,1.0
0.532668431504,-0.15849904536,-1.0
0.668094911223,0.935600879485,1.0
0.426322766788,1.30219851883,0.0
0.552585048041,0.228396893476,1.0
0.549054974507,0.411885903345,-1.0
0.661889698274,0.661888291335,1.0
-0.0894527120817,-0.425865097065,0.0
-0.578668930229,0.154571687486,-1.0
0.172318536091,0.414347081681,1.0
-1.97766325457,1.16402019222,-1.0
-0.335899541932,-0.383860408432,0.0
0.966330219512,0.734690336701,1.0
-0.872300175472,0.145844381742,-1.0
0.597720462545,1.18347919607,0.0
0.189247452052,0.0562778591787,1.0
0.468636623537,0.336664992059,1.0
-0.588561037972,0.0635547242783,0.0
-0.447057789545,-0.672723163797,0.0
-1.25035755211,0.357149800641,-1.0
0.455512887629,0.598958691368,1.0
0.213721060769,0.232051011253,1.0
-0.462841205603,-0.312514836285,0.0
0.603852278016,0.94840103304,0.0
0.611556768058,1.20433362422,0.0
-0.57034484316,0.561509045067,-1.0
0.702316366979,0.55691696263,1.0
-1.00861279667,-0.287860706738,0.0
0.832071701621,0.759470985954,1.0
-0.178739061853,0.513233583579,-1.0
0.338296018275,0.23391566511,1.0
0.785922423596,1.34849436918,0.0
0.359043631224,-0.0120355584501,1.0
0.575728491927,0.905602438395,1.0
0.641766438637,1.11323959496,0.0
-0.883951448047,0.785858181336,-1.0
-0.62508685501,0.92309069739,-1.0
0.663435619425,1.25476225686,0.0
-0.265332521072,-0.661714613349,0.0
-0.936489367317,0.210840858342,-1.0
0.956379600313,0.695329542099,1.0
0.627215227102,0.718405541446,1.0
0.727064659054,0.32317457517,1.0
0.657018938861,1.09376803783,0.0
0.686392044087,1.30015692493,0.0
0.444434967257,1.21222983794,0.0
-0.083294769591,-0.806311988736,0.0
-0.711861956831,0.772675578556,-1.0
0.704265552007,0.113217723822,-1.0
0.454422473984,0.215926571197,-1.0
0.464622670837,1.21405271982,0.0
0.349655179506,0.157901545986,1.0
0.737241070655,0.644856133476,1.0
0.521089017554,0.265518929595,1.0
0.613151896372,1.29058088442,0.0
-0.0620385359613,1.08671768041,-1.0
-1.22796669918,-0.271719073588,-1.0
0.316096705837,0.531062567697,1.0
0.535939730656,1.39239645776,0.0
0.503838102548,0.86973531798,1.0
0.435690296143,0.351320919786,1.0
-1.01608857013,-0.0272517745546,-1.0
-0.560006326928,-0.067255867232,0.0
0.932637660178,0.526046187643,1.0
0.0510478892039,0.998960117744,-1.0
-0.185179163351,0.414628644367,-1.0
-0.477259049794,-0.447753151115,0.0
0.0419554712712,0.424959371973,1.0
0.649827413286,1.28384387607,0.0
0.0851123975689,0.393246155703,1.0
-0.545646518445,-1.28583712878,-1.0
0.52550005204,1.16841653224,0.0
-0.569450154177,-0.380872708991,0.0
-0.0851733703689,1.36834895718,-1.0
0.72389755421,1.25150083349,0.0
-0.292326071953,1.16952544277,-1.0
-0.834789231494,-0.16107581851,0.0
0.474184450154,0.0488024533969,1.0
-0.684704863178,0.144032015441,-1.0
0.254885525966,0.388061204835,1.0
0.667231338922,0.695603161655,1.0
0.168356854538,0.40921248931,1.0
-0.590036515578,-0.692477196457,0.0
0.525417155682,1.18572805596,0.0
0.248432861024,0.741042068453,1.0
0.615961911982,0.378915197984,1.0
0.441945216457,0.475297648695,1.0
0.583009768712,-0.126318576214,1.0
-0.845332537165,0.791684047999,-1.0
-0.418423934535,-0.476297136686,0.0
0.434034125428,0.749626441102,1.0
0.60138759463,1.21200585668,0.0
0.131071812701,0.54879066164,-1.0
-0.771320232941,-1.10932519439,0.0
0.582330854044,1.34717840835,0.0
-0.417560645721,-0.429992432547,0.0
-0.437774044824,0.995449925347,-1.0
0.565449566429,1.12419306367,0.0
-0.201205466285,-0.454870723854,0.0
0.589941240234,1.0103143506,0.0
0.887335050754,0.519297832286,1.0
-0.923706790007,0.39239290506,-1.0
-0.0564197405677,0.823555684946,-1.0
-1.3691605841,0.200272862677,-1.0
0.62157527135,0.700779748877,1.0
0.377733650506,0.97234300485,1.0
0.694636284544,0.530806377448,1.0
0.114781232501,-0.163251870154,0.0
0.198922773801,-0.198758586934,1.0
0.780926443764,0.648206163558,1.0
-0.897547134178,0.0819840580813,-1.0
-0.684255339385,-0.62584496305,0.0
-0.599506352463,-0.860940157692,0.0
-0.955681217547,-0.823034699319,0.0
-1.52642022443,1.04434547785,-1.0
-1.09643746631,-0.445709875453,-1.0
-0.422820539701,-0.620561966286,0.0
0.694770166537,1.18558247482,0.0
-0.896745149069,-0.406460579952,0.0
0.36981396111,0.291845616309,1.0
-0.365641459182,-0.418446334085,0.0
-0.819545231857,-0.570816746962,0.0
-0.624680178182,0.457670637092,-1.0
-0.0015616651292,-0.578638975201,0.0
-0.707782539806,0.438348942331,-1.0
0.24738596371,0.431630007682,-1.0
-0.318759103869,0.594578050836,-1.0
-0.219268165147,-0.024208355314,0.0
0.237696709354,0.723128874885,-1.0
0.694543299645,0.706088818205,1.0
-0.443541378365,0.515418113963,-1.0
0.588243257776,1.23431144958,0.0
0.292124298228,0.938489472796,-1.0
0.052815265675,0.389227841769,1.0
-0.00771943458866,0.437028352079,-1.0
-0.620994095232,0.323865943374,-1.0
0.391825227793,0.36700721824,1.0
0.561960406128,1.32775819538,0.0
0.328947844662,-0.0290288083177,1.0
-0.363394350391,-0.638829978156,0.0
0.603344905819,0.915390872695,1.0
0.173853672799,0.605577032455,-1.0
-1.05830663452,1.19605748186,-1.0
0.685771609368,0.342919374586,1.0
0.526213713306,0.259575963999,1.0
0.596310328872,1.3193745811,0.0
-0.104084134621,0.374121015093,-1.0
-0.941474796528,0.560352373058,-1.0
-0.54409194006,-0.821902351474,0.0
0.470989272545,1.46868514508,0.0
0.316905056357,0.224905645822,-1.0
0.609067058402,0.491045559655,1.0
0.645791571722,1.29326992289,0.0
0.605220954201,1.19017287681,0.0
0.233494539022,0.0769925688162,-1.0
-0.156868432443,0.49993268972,-1.0
0.011030893051,1.00897223989,-1.0
0.457328145999,0.731316343234,1.0
0.540177222909,1.13388851552,0.0
0.308808604374,0.297723255961,1.0
0.582165525182,0.276857887147,1.0
0.55874396095,1.2093040574,0.0
-0.839394534799,-0.369026834672,-1.0
0.251739777707,0.649136839554,1.0
0.861581183272,0.118854662418,1.0
-0.96528508174,0.296147029389,-1.0
-0.301372128485,-0.63019157905,0.0
-0.603003213425,1.51647312033,-1.0
1.06813378297,0.380993446833,1.0
-0.951166722315,0.344042073968,-1.0
0.69272383746,0.435831389194,1.0
0.634911212197,1.28253543372,0.0
0.183136135302,0.44499706034,1.0
-0.249515087275,-0.182119076738,0.0
-0.184019649747,0.417324071441,-1.0
-0.304745577242,-0.329387496173,0.0
0.304316842091,0.772380328748,1.0
-0.385544646175,0.785577632622,-1.0
0.677496700681,0.500692911165,1.0
-1.1774460327,0.308629034822,-1.0
-0.62953774469,0.017660036114,-1.0
0.830720823446,0.346759338915,-1.0
-0.723217000052,0.616668158516,-1.0
-0.499805245782,0.155874350411,-1.0
-1.25544488842,1.17625944977,-1.0
0.895144486696,0.638798261397,1.0
-0.238249622126,1.6231228873,-1.0
0.730572789316,0.824977387863,1.0
-0.799684661312,1.24052653701,-1.0
-0.751376665625,0.496611790055,-1.0
-0.851227068889,0.477540383456,-1.0
-0.941330183862,-0.933318751722,0.0
0.0504850785741,0.593218661385,1.0
0.347841159653,0.39519350853,1.0
0.746921158296,0.513309592955,-1.0
0.634964914913,1.29393787174,0.0
0.692971197613,1.32185706148,0.0
-0.950163475938,0.0592689628017,-1.0
0.483364275488,0.425859037349,1.0
-0.64609610719,-0.322668625542,0.0
0.616162112092,0.818867113261,1.0
0.641597489989,0.642079338029,1.0
0.436691713334,1.19169786513,0.0
-0.542919760772,0.780862027299,-1.0
0.527900837182,0.580892701,1.0
-0.107208592735,0.274956496276,-1.0
0.577000439459,0.467589018859,1.0
-0.163191362612,0.340307018551,-1.0
-0.706687818893,0.941954045933,-1.0
-0.327309114133,0.54838506572,-1.0
0.696319895023,0.973239184606,1.0
-0.580562190265,0.378213886784,-1.0
0.718130835339,1.29400143972,0.0
0.56789730161,0.267823995591,1.0
-0.361354562218,-0.193256747866,-1.0
0.610898446977,0.620416416722,-1.0
0.884292724519,0.389796014893,1.0
0.687051143298,1.07845184442,0.0
0.607473666434,0.352768944982,1.0
-1.65522018453,-0.549146248718,-1.0
-1.76105536013,0.0250728487857,-1.0
1.218168413,0.450494524015,1.0
0.671139634553,1.33628286677,0.0
0.397497578224,1.44491450052,-1.0
0.798504902977,0.605858813461,1.0
-0.928459784048,0.770015270313,-1.0
-0.605192112133,0.770901255021,-1.0
-0.538885095432,-0.100213273673,-1.0
0.33823635922,0.28191619004,1.0
0.00564509787633,-0.186164314788,-1.0
0.496470805035,0.392925782549,1.0
0.306765798803,0.570866393759,1.0
0.883504348398,0.914431724632,1.0
0.535483897543,0.348968752397,1.0
0.796141182567,0.992696816392,1.0
-0.98745190701,-0.853247143094,-1.0
-0.947998858398,0.657473728399,-1.0
-0.849580864152,0.526784934651,-1.0
-0.903726822444,0.516516948881,-1.0
0.539389662631,1.15956691766,0.0
0.150662250067,0.230179488001,-1.0
0.539515014584,0.76715010133,1.0
0.772588362813,0.529491567544,1.0
0.794603302282,1.24342736378,0.0
0.551196355833,0.614468865183,1.0
-0.0600122944485,1.34235801727,-1.0
0.555441315933,0.602295117959,1.0
0.685439130579,1.1047493692,0.0
-0.209478327013,0.368368627752,-1.0
0.690114739104,1.22425952738,0.0
0.483397331055,1.19358355798,0.0
0.549833940132,1.11145694896,0.0
-0.800186514063,-0.448352313245,-1.0
0.533079901054,1.05277859484,0.0
-0.829425374011,0.11065588127,-1.0
-0.632619488937,-0.324278108651,0.0
0.534519868571,1.12026994627,1.0
-0.734905215859,-0.458202308009,0.0
0.199660775058,0.115490688989,1.0
-0.415126280599,0.647769387639,-1.0
-0.829451112649,-0.606407321409,0.0
0.019139137048,0.74078108602,1.0
0.479601471889,1.23013175528,0.0
0.498381724739,0.737527126734,1.0
0.531853081401,1.41120727059,0.0
-0.431285744688,-0.656853322128,0.0
0.674448819435,0.326028129565,1.0
0.38254169784,0.612917997009,1.0
0.707778345742,0.326364240223,1.0
0.758364544868,1.19047645026,0.0
-0.133616854257,-0.40184827524,0.0
-0.392049042414,-0.38059984971,0.0
-0.659796357054,1.06924694113,-1.0
-0.217145128117,1.68078433351,-1.0
-1.19784789522,-0.142536022646,-1.0
-0.0686149999331,0.286289073988,-1.0
0.500424764852,0.447420363603,1.0
0.658534066029,1.32290009689,-1.0
-0.421582626686,0.705704659835,-1.0
0.467724410309,0.383787046788,1.0
0.591865605216,1.20999897646,0.0
-0.282685196144,-0.393296859308,0.0
-0.806197181673,0.470994893099,-1.0
-0.125245293856,-0.580898168743,0.0
0.460540264447,1.23788653412,0.0
-0.382770579427,-0.487936055178,0.0
0.702383035124,0.189282396242,1.0
-0.566278472002,-0.731369157697,0.0
-0.47636463509,1.15013053579,-1.0
0.70486422211,0.726865925619,1.0
-0.916291997509,0.219136726066,-1.0
0.495761781792,1.09122900154,1.0
0.396549088419,0.753167616504,1.0
0.325308631209,0.463777569858,1.0
-0.11337386468,0.318786308469,-1.0
-0.464636198033,-0.939301314804,0.0
0.441085220156,0.123421077167,1.0
0.808879685855,-0.223009935881,1.0
-0.846110474883,-0.311793384697,0.0
0.422129998235,0.651188568641,1.0
0.569511678865,0.920178876699,1.0
-0.00383789308329,0.283904896193,1.0
1.05019940056,0.293666323062,1.0
-0.247719752141,0.140581231551,-1.0
0.642358698852,0.774492811932,1.0
0.342420662601,0.405321406094,1.0
0.465423399245,0.0728352136393,1.0
0.0697269763713,0.71178423516,1.0
0.509915393491,0.476587872866,1.0
0.463171114643,1.2851534151,0.0
-0.418034500822,0.782242058197,-1.0
0.327877735325,0.750887782955,1.0
0.509172074444,0.0595548653956,1.0
0.617657729246,1.33783327715,0.0
0.0590894666202,0.104118127965,0.0
0.0732713752065,0.580241794297,-1.0
-0.307804493571,-0.596962755861,0.0
-0.301902902527,-0.742297798773,0.0
-0.145248483285,0.695219969417,-1.0
0.264051378138,0.548367185005,1.0
-0.837664775422,-0.129408119014,0.0
0.887363991863,0.55688925491,1.0
0.605704534431,1.18396078089,0.0
0.845243215786,0.834081882207,1.0
-0.779494030507,0.663407186738,-1.0
0.305503774054,0.591537522984,1.0
0.651772781762,1.19487965626,0.0
-0.032685173495,-0.206601749321,-1.0
-0.773091864508,-0.432538765534,-1.0
-0.230333943915,-0.796998179813,0.0
-0.16956993449,0.936916696889,-1.0
0.519980643727,1.39487088179,0.0
-0.544567733694,-0.10371662137,-1.0
0.328526967108,0.537875060592,-1.0
-0.804209436263,-0.484046011158,0.0
0.320970259766,1.23559760729,1.0
-0.742493954796,-0.676510455704,0.0
0.401598582635,0.319463045886,1.0
-0.463641972613,1.08691618489,-1.0
0.641276419779,1.24324066422,0.0
-1.2390528016,0.491580743309,-1.0
-0.929299394673,0.464473647437,-1.0
0.260739617645,0.512707114659,1.0
-0.405753563422,0.535938158919,-1.0
0.55940517325,0.645909599733,1.0
0.577193153134,1.23078591861,0.0
-0.365115886986,0.546371383907,-1.0
0.730861244738,0.755605187918,1.0
-1.0981832283,1.17388245031,-1.0
-0.216496770537,-0.171875220497,0.0
0.530391734078,1.25514117508,0.0
0.0403514808087,0.48908944928,1.0
0.557458887526,1.22332576935,0.0
0.581726263821,1.13243554315,0.0
-0.243618946838,1.03411571014,-1.0
-0.958126992849,-0.691467016896,0.0
0.536487847866,1.14617221206,0.0
0.681495903482,1.23906274859,0.0
-0.681406738128,0.48518694284,-1.0
0.528490599543,0.682514066269,-1.0
-0.383779356445,-0.759207498258,0.0
0.562751168599,1.10911267572,0.0
0.589191855618,0.0209221930001,1.0
-0.274061815279,0.0345678778244,-1.0
0.516035111889,1.23895244576,0.0
-1.33615488453,0.582490099045,-1.0
-0.349267325405,0.577445802838,-1.0
0.606531285285,1.11463170444,0.0
1.2335366205,-0.137346660884,1.0
-0.905124218778,0.364940675183,-1.0
0.519439527483,1.26952673661,0.0
0.261167945201,0.743266470388,1.0
-0.0609351831132,0.14914406048,-1.0
-0.978543873343,0.583561966111,-1.0
-0.518450263583,-0.801737391647,0.0
0.376639591847,-0.243162907749,-1.0
0.235011180413,1.03017408654,-1.0
-0.336594570562,0.289783598308,-1.0
-0.528708821962,-0.572773277494,0.0
0.609732209137,1.13305905214,0.0
-0.629841211985,-0.486883530683,-1.0
-0.516999892448,0.986561672157,-1.0
-0.411552045466,0.455366011134,-1.0
0.918580824018,0.168715938455,1.0
-0.17889901002,0.719599475013,-1.0
0.6049383707,1.14326598199,0.0
0.640719074375,1.04529126514,0.0
1.07058080645,-0.00461097495869,1.0
0.721080678073,0.310242665451,1.0
-0.761978477706,-0.380895594815,0.0
-0.486495301335,-0.29330009148,0.0
0.720059944058,0.647331018755,1.0
-0.720320126785,0.607386707207,-1.0
0.651728178759,0.244181776841,1.0
0.886897884094,0.145665190203,1.0
-0.448430160438,0.149941478833,-1.0
0.433596822829,0.418460516104,1.0
-0.586134015337,-0.401407981777,0.0
0.446572973668,0.815486333008,1.0
0.693005902079,1.16354208686,0.0
-0.507590091655,-0.68648356223,0.0
0.146397151723,0.769598585407,-1.0
0.663375399726,1.24521713109,0.0
-0.233268561427,0.155501192452,-1.0
-0.500265409188,1.14320627926,-1.0
0.599733567595,0.660499082697,1.0
-0.627381836697,-0.708574055739,0.0
0.82849599295,0.445738516786,1.0
0.703856811905,0.762698781435,1.0
-0.164714676834,1.57669102679,-1.0
0.817395257136,1.13398073551,0.0
0.0617909792157,0.753892376652,-1.0
-0.789716010123,-0.791459524223,0.0
0.718818102649,0.457854573129,1.0
0.573246057253,1.30470527391,0.0
0.621020539989,1.18079856004,0.0
0.697585106235,0.352058589147,1.0
-0.285609504069,-0.190287099913,-1.0
0.222925820651,0.929753618819,1.0
0.729914735968,1.22811477952,0.0
0.71883926568,1.15689112175,0.0
0.544780623557,1.08010012697,0.0
0.602009975214,1.32759922994,0.0
0.305141108182,0.729089684396,1.0
0.4043882905,0.159414901109,1.0
-0.49395621575,0.826054441548,-1.0
0.494990178709,1.31561167541,0.0
0.126528966126,0.48379912718,1.0
0.148049750887,0.951125071812,1.0
0.580107402981,1.25171959734,0.0
-0.482471144611,0.604569384389,-1.0
-0.574774882397,0.782764602086,-1.0
-0.675598736546,-0.60435801345,0.0
-0.445083991574,0.398228171476,-1.0
0.359702677433,0.369882868447,1.0
-0.701196196899,-0.581434148939,0.0
0.729283135882,0.393960669199,1.0
0.531744017544,0.702865221943,1.0
0.847942805307,0.595948645565,1.0
-0.851708289565,0.520176169002,-1.0
-0.913634536887,-0.684549585825,0.0
-0.575989539645,-0.459455875804,0.0
0.656075733436,0.577446833205,1.0
-0.773641754634,-0.692389098479,0.0
0.522911357094,1.32996016763,0.0
0.386275725903,0.348145917718,1.0
-0.463517850585,0.0180301363437,0.0
-0.398799169442,0.549761608683,-1.0
0.538494472846,0.293812179682,1.0
0.101678997959,0.72202922937,1.0
-1.27384940193,0.461316114913,-1.0
0.234220682236,0.208182894078,1.0
0.633534249075,1.11204893722,0.0
-0.232418280026,0.91857736729,-1.0
0.102691577946,0.758352961242,-1.0
-0.649029791197,-0.451586139533,0.0
0.53252081541,1.13127246599,0.0
0.761121201069,0.501772746076,1.0
-0.56545692735,1.14077280835,-1.0
-1.31224295157,1.96362407422,-1.0
0.512608505073,1.09387855383,0.0
-0.534541704787,-0.342729921417,0.0
0.974869130276,-0.0178238208047,1.0
-0.379070305775,0.987567387959,-1.0
0.503320061263,1.214153866,0.0
0.963757926138,0.493059151797,1.0
0.554333948306,1.23137299909,0.0
0.781900939181,0.327021549175,1.0
0.5307015399,1.15776433586,0.0
-0.240172503333,-0.477592920709,0.0
0.14169203866,0.563619302729,1.0
0.167121420507,0.777737212807,1.0
0.71958332509,1.20369964178,0.0
0.0646362660294,0.965711965333,-1.0
0.67078003249,0.827978631934,1.0
0.606191916476,0.27571533569,-1.0
0.527919011147,0.231752429234,1.0
-0.622313388867,-0.284559149065,0.0
-0.620298689268,0.535813740089,-1.0
-1.12753446117,0.610797927049,-1.0
-0.161563657861,0.728231170637,-1.0
-0.498565033682,-0.0136880906072,-1.0
0.312539732544,0.251279382865,1.0
0.535086802913,0.279216128828,1.0
0.326650506727,0.81001902046,1.0
-0.364826233505,-0.0568484354142,0.0
-0.723980617055,-0.0665427920766,-1.0
0.688172263294,1.26455272465,0.0
0.345170867558,0.534590686991,1.0
0.567691108368,0.55399893882,1.0
0.12993311183,0.211060554492,-1.0
0.455738457547,1.29359476962,0.0
-0.714080939264,0.311784342977,-1.0
-0.110535134968,-0.286688216419,0.0
0.232661577285,0.826060698243,1.0
0.664168131816,0.0721630713486,1.0
-0.415463982758,0.540560581333,-1.0
0.76027366762,1.32369439964,0.0
-1.44210516389,0.0148816853299,-1.0
0.401454822365,0.273205292906,1.0
0.576427592214,1.11228293608,0.0
-1.0954250128,0.363188587086,-1.0
0.737593075597,0.872883388159,1.0
0.677930440508,1.18995786941,0.0
-0.23064139362,-0.266520589882,0.0
0.743973143752,0.304252351618,-1.0
0.379406094926,0.939500766364,1.0
0.482156731049,1.20727122889,0.0
-0.776315313275,-0.553750587309,0.0
0.349789226566,0.306631222017,1.0
-1.08190780136,0.1280758934,-1.0
-0.00378815651701,1.97556300889,-1.0
0.285059328061,0.470870106319,1.0
0.709109529413,0.84387376223,1.0
-0.272898326654,-0.62874679049,0.0
-0.63968257096,0.963451303385,-1.0
-0.879877859042,-0.780686506121,0.0
-0.341517031725,0.937645606194,-1.0
0.540907381761,1.2276261372,0.0
0.334353582578,0.641967762629,1.0
-0.348387251759,0.83659468689,-1.0
-0.659777019644,-0.569813553649,0.0
-0.229077786673,0.846099692385,-1.0
0.698806759292,0.513974729779,1.0
0.485269217114,0.41315332743,1.0
-0.399010453967,-0.638512463069,0.0
-0.413392305926,0.704278957461,-1.0
-0.508578073767,-0.657418339474,0.0
-0.0952319109442,0.277393065234,-1.0
-0.555452567116,-0.49247484533,0.0
0.285425695938,0.338209635608,1.0
-1.16002722106,1.51624381842,-1.0
-0.269685299864,-0.135819872865,-1.0
-0.388348790625,-0.504413131094,-1.0
0.378788012716,-0.0163269473072,1.0
0.841737976446,1.04299813421,0.0
0.524161512567,0.0929220406764,1.0
-0.986798221402,-0.109650205666,-1.0
0.617213868021,1.24341146872,0.0
-0.491125080331,-0.639964401886,0.0
0.396363235076,0.126226881713,1.0
0.602037596119,1.06398879971,0.0
-0.804958506414,-0.444424464102,-1.0
