0.0131438006049,-0.766720909614,0.184581479728
0.720327325194,-0.692240888421,-0.844287623166
-0.300281503924,0.220147003422,-0.835495837454
0.202319636895,0.550462259392,0.913687762549
0.605555242184,0.53194888861,-0.204750943728
-0.617028974431,0.279635020301,0.881776047028
0.0601269598999,0.484223721644,0.166260160282
0.288304341185,-0.281035810208,-0.633615859979
-0.49824434683,0.798390703379,-0.999905519294
-0.766050420186,0.00598319160815,0.192043300364
0.221044209185,0.638471753982,0.890049393266
-0.661606712384,0.345363807725,0.38087370576
0.0733914150634,-0.426213292742,-0.377902532029
0.365451340918,0.096346194226,-0.80341407814
-0.385430198421,0.578349519882,0.785708477079
0.360603330107,0.835525749225,-0.947788274506
-0.693128343219,-0.575288018341,-0.914268912654
-0.527678462912,-0.0125233329893,0.536160124333
0.12438496747,0.531412217286,0.678238589353
0.521015661415,0.998128698927,0.26067862522
-0.899871711764,-0.878692139357,0.999940958481
-0.510267627961,0.401600910523,0.977963784956
0.769203594353,0.469368721399,-0.915608253242
-0.553650178409,-0.523952792024,0.22922844147
-0.643591547018,-0.235593689899,0.841692340748
0.821961724936,0.404695520466,-0.965639621517
0.669815990547,0.864592486958,-0.0585684571065
0.431371751706,0.958979168106,-0.461991698431
-0.560016400857,-0.230967612214,0.974698844105
-0.296580321338,0.63305708864,0.759875867829
-0.416410023358,0.15518798788,-0.265294957469
0.948658163162,0.368248492461,-0.73068929955
-0.20859868362,0.322841985646,-0.76348238262
-0.988213590251,-0.497805584049,0.0695243448366
0.246920366306,0.248453439721,-0.935457200553
-0.463529465578,0.918622666847,-0.648892069536
-0.924664921829,-0.186835847665,-0.999961795303
0.676423789302,-0.509389540126,-0.575947029844
0.411717719142,-0.340700004623,0.590480577295
-0.378646284942,-0.898095411921,-0.948682978393
0.844626331228,-0.911813918911,0.99057830217
0.397970342125,-0.622105240143,0.451899152465
0.511610563148,-0.230256564127,0.782075506704
-0.356743525035,-0.567456662149,0.913252891252
-0.673050448919,-0.924292224217,0.424314491422
0.976566437483,-0.892950397829,0.786098286715
0.878755074392,-0.994067547829,0.763833984965
0.455920146347,-0.273589026077,0.568513619612
-0.5740798393,-0.133538052893,0.925243315795
-0.789045221332,-0.193427541433,-0.266825150054
0.387741612793,0.506291681152,0.995592681651
0.386336886047,-0.582237165556,0.762033494201
0.276561867028,-0.972404755518,-0.774477335475
-0.795806980177,0.69253369809,-0.431460773474
0.369717855005,-0.204541956606,-0.468085699539
-0.0711339523245,0.563834687824,0.825254344425
-0.764501779146,0.0444113303036,0.194821071906
0.219003230475,-0.183412357776,-0.959668010866
-0.142278756646,-0.274469723959,-0.998748176185
-0.434662864454,-0.883975958488,-0.910695083875
-0.522454717028,0.829038266321,-0.930681509076
-0.148384520269,0.487267653167,0.37204594056
0.417214568656,-0.561367685159,0.757637846408
-0.644345975066,-0.484574456837,-0.206738019253
0.152179364676,0.64145145599,0.952524009987
0.992918403533,0.560756058073,0.396449256624
-0.605453700462,0.555496615246,-0.35486871936
0.967263411246,0.824200067193,0.990003069388
0.504840687396,-0.575307497908,0.198614985981
0.0184150613097,0.28840359211,-0.968494532525
-0.0285028780278,-0.0959054208173,0.539870511114
-0.265855408141,-0.534250085124,0.950562214158
0.84566454838,0.770327089351,0.429214605876
0.905897461461,-0.436380189517,-0.807757072852
-0.190260392734,0.779011121897,-0.164354923961
-0.741472054101,0.309945805108,-0.181469278066
-0.159532766266,0.242766277995,-0.972125804358
-0.667806555239,-0.351013819598,0.30468175401
-0.844498990027,-0.966075451833,0.965052070142
0.886310955184,-0.558861988487,-0.494819248928
-0.765581168197,-0.930611980145,0.869879303735
0.270547565665,-0.706686855156,0.283011657746
-0.122433100487,0.821642168273,-0.4378071228
0.459751325925,-0.017028782121,-0.111490869415
0.00977897059102,-0.0636886042416,0.799490500561
-0.0871356143935,0.451255291496,-0.116215059322
-0.551446175261,0.824446074979,-0.880484761946
-0.0708451203333,0.805491510819,-0.229952172782
-0.453907983933,-0.872337654503,-0.917572446291
0.3123387622,0.391593709754,0.292284010187
-0.57073216985,0.0649254989263,0.858195051608
-0.952521294838,-0.572540503973,0.117655365429
-0.427909433916,0.736215229679,-0.614231990367
0.00134615241742,-0.673759759669,0.898513246839
-0.839490614797,0.970162340649,0.965582003273
-0.460690437452,-0.00329866548398,-0.105171654035
0.273214376732,-0.831969211128,-0.785087750585
0.736209086297,-0.129810616647,0.369363231692
-0.0517023129916,0.335829981043,-0.967341420697
-0.380189589633,-0.678582721635,0.0756150144016
-0.318569890441,-0.569343968654,0.971119189813
0.156827284245,-0.601245162178,0.997581201752
0.0912232138061,-0.244118308145,-0.859996310745
0.0303642064377,0.0450884003475,0.855855126589
-0.956601304378,0.500201092027,-0.19938220246
0.283362503348,-0.0628591920316,-0.971555390571
0.924699944989,0.63539044304,0.222142456066
-0.948595571151,-0.271109693821,-0.904329000917
-0.693564354813,0.409101491027,-0.197022102154
0.391857649766,0.210827233029,-0.259653927453
0.629906958616,0.619370737002,-0.830530697225
-0.0817097107064,0.144811675692,-0.0918098479047
0.24627552637,0.350147077085,-0.418292069821
0.668042759042,0.301202557455,0.502013402322
0.943298727179,-0.987667927475,0.461394861653
0.682478331454,0.730958380975,-0.83886249195
0.812643128413,0.514278938019,-0.981577401108
0.0394433708454,-0.986131953897,-0.902857290627
-0.0430127017019,-0.773351285225,0.108303637403
-0.735461236498,0.466466997732,-0.754687993809
-0.256768978837,0.211047889501,-0.983459590486
-0.388580895885,-0.257478256153,-0.0509276233844
-0.322494867716,0.783066784277,-0.576765758355
-0.855979537621,-0.368323578042,-0.994368509241
0.154346978942,-0.0222534205594,0.0113665505907
0.592907721108,0.914568814431,-0.0959965134481
0.626684744644,0.984362397799,0.623826533595
0.132306549114,-0.813341969733,-0.376807320783
-0.716000694867,0.163543479745,0.487804047284
0.108620510901,0.393368895453,-0.590346695644
-0.443147649949,-0.0485693428847,-0.251641283765
0.273157843408,-0.0415383701506,-0.929178730234
0.105375828606,-0.269664197071,-0.969802858594
-0.3803147202,0.3551050507,0.471392011261
-0.834979263057,-0.761663787132,0.301526469429
-0.247816311241,0.802665164312,-0.519717351189
0.808354237249,-0.686509300227,-0.380408469689
0.00274370590229,0.0192578921238,0.981139867524
0.382560992919,-0.35706599245,0.497461244198
0.158693654104,0.639241770596,0.954365526361
0.446966531273,0.0744372685807,-0.180174767473
0.729424770453,0.572539866789,-0.988485147204
-0.347855062947,-0.498275898927,0.978789900308
0.467819435063,-0.197311697139,0.356840202153
0.825518316094,-0.564969092676,-0.837243113567
-0.4645223416,0.273543189884,0.62755405566
0.434054012684,-0.240270730376,0.246230818565
0.138580966579,0.343420137112,-0.846363022997
-0.590033221476,-0.0620675715439,0.939270683928
0.0322983073702,-0.490924006229,0.205979214933
0.405230023385,-0.551085574975,0.848746950801
0.0499828999214,-0.607516731422,0.982474957631
-0.963426089645,0.555313257719,0.12418808999
0.147621318451,-0.199951774179,-0.792328630494
0.838776074247,0.463006614414,-0.987850684699
-0.909093187872,-0.756542678258,0.738972437698
0.668606758486,-0.513126599078,-0.543120662072
0.393575999228,-0.407618509285,0.815609508033
-0.348451750518,-0.244814151415,-0.438417956849
-0.719560273303,-0.863650154531,0.243218536668
-0.230638350711,0.254541430696,-0.957292856837
0.341870744458,0.634880237502,0.599787914587
0.662384972895,-0.468424867384,-0.255941255417
-0.636090911024,0.503418261842,-0.255142092845
0.381411361254,-0.00330116043161,-0.782164694497
-0.0694254542582,0.743185007077,0.379980042606
-0.699769308932,0.602789025176,-0.982228945207
-0.362955574469,0.647494612745,0.417905263134
0.36141868774,0.748397933393,-0.441251354938
0.476169117272,-0.888903969247,-0.790418147193
0.625547042377,-0.629877115214,-0.853809934396
-0.945925608244,0.92566811431,0.784708444346
-0.850681410306,-0.318321147805,-0.942120251395
-0.461820259697,0.109148639585,0.0330383667495
-0.797366853684,0.787260100608,0.208125659385
-0.982850005521,0.241134497245,-0.767924217339
-0.141371354498,-0.939334039146,-0.997237320825
0.488366755673,-0.741990887901,-0.856722602642
-0.239629082022,-0.447190859266,0.353292970468
-0.356384277677,-0.981017148465,-0.529592912599
0.623415131101,0.20731303794,0.959201252884
0.977968538637,-0.0877538936641,-0.923304259315
0.16997545539,-0.914044305702,-0.99186568866
-0.211529279383,-0.981677435398,-0.815438733669
0.189038174365,0.79115822022,-0.276652126639
0.230200009727,-0.311706796677,-0.742924414555
0.716342295573,0.567699397044,-0.959774589161
-0.219414558245,0.268593570657,-0.947130979626
0.0923594350994,0.015660664482,0.592387278968
0.1561993885,-0.592008371442,0.987146727102
-0.89389100246,-0.303215449556,-0.999896327331
0.291239881756,0.276088409333,-0.643714111688
0.336866680584,-0.996038730878,-0.462625512643
0.99503586183,0.542854658133,0.332801271435
-0.0634422424015,-0.865928935134,-0.736929771942
-0.75276371481,-0.872744240302,0.505335293425
-0.950974538487,-0.25176880709,-0.916081230533
-0.510814230742,-0.656124089278,-0.445063666293
0.780903636052,-0.281134236789,-0.431088491393
-0.90726935235,-0.609301722742,-0.0667266271643
-0.0995306199143,-0.1247258252,-0.0249102105067
0.858835250096,-0.681077937049,-0.0344309380191
-0.943786718152,0.88165558068,0.939739032389
0.838950071281,0.594662860265,-0.653562150791
0.588440439913,0.701068367547,-0.963273014192
0.41617764617,0.741236879209,-0.602650208048
-0.297798560227,0.206148516206,-0.88685552459
0.143084965834,-0.677221155483,0.802971162563
0.276383572938,-0.056093213717,-0.948791081518
-0.326300076307,0.369479256384,0.21528018637
-0.860703637462,-0.274563198832,-0.924748170311
0.161028192719,-0.929989194436,-0.99990894274
-0.0980896633864,0.581982858443,0.928191514762
-0.321260361465,0.839165666342,-0.905094781223
-0.0390029371982,0.255686323764,-0.849820057155
-0.984700694059,-0.221106890507,-0.785423906624
-0.176041316664,-0.518917810232,0.694170212521
-0.311452712705,-0.685271921818,0.320914856196
-0.82664063116,-0.104055294093,-0.459700821584
0.347630835013,-0.985065812399,-0.522272444793
-0.449161379568,-0.523809057072,0.815633407534
-0.462491237366,0.142290635456,0.126125002727
0.587933450323,0.0833896599198,0.941072975033
-0.879571072358,-0.483824833064,-0.817461577877
0.674857762801,0.296044428032,0.465869781151
-0.313611051805,-0.0295707957797,-0.999964481595
-0.139739132037,-0.792174315066,-0.188924604691
0.0161097885791,0.731441089134,0.512245118397
-0.347056109269,0.205301762142,-0.628839807798
0.427328853717,0.0721976739965,-0.36956440107
0.553117886336,-0.412020803929,0.817396407744
-0.184081380942,-0.730354809414,0.316485628169
0.11072209819,0.13056882997,-0.140681774243
0.177552525588,-0.469888441543,0.30578033203
-0.577376053129,-0.976954954245,0.345312107528
-0.00413929607692,0.903299261631,-0.924265028139
0.0179638134094,-0.207193185911,-0.487224213174
-0.0157958783391,0.826777059378,-0.403462390522
-0.777454156282,0.473787007219,-0.949130464157
-0.301878619676,-0.886640274075,-0.998286255452
0.979768512156,0.378188141343,-0.473556171325
-0.930300371845,-0.861801137572,0.993400042242
0.306546923781,-0.59810772093,0.905726189225
0.690843559483,0.450968956171,-0.385819636887
0.271604039283,0.474939611736,0.688033242713
0.927569649032,0.0123182593229,-0.98902907671
-0.80438075755,-0.37727819493,-0.85763473331
0.469857960534,0.494426886819,0.858965182889
0.783557616791,0.724693121425,-0.316949720073
-0.838080283634,0.575718352863,-0.73646533851
0.597931098621,0.579824926851,-0.457334143795
-0.722079931578,0.127968789631,0.497456476086
-0.584867812899,0.144904840011,0.966985134167
-0.486923216938,-0.411129617298,0.99599011002
0.379211855696,0.645734744756,0.357407455126
-0.074199880671,-0.550834513465,0.748440029552
0.0589285717079,0.84852692888,-0.606559086475
-0.807141297688,0.653942383897,-0.570829032996
-0.695332708755,-0.808481921123,-0.325879377743
0.938325299296,-0.495095774521,-0.376732293944
0.286618349741,0.645635633066,0.710367800389
-0.393635010762,-0.377538148582,0.675628234063
0.572775036825,0.62285782333,-0.571090142395
-0.510769849297,-0.465504414185,0.809478793647
0.436993541499,0.28726104621,0.494417175941
-0.847347041893,0.0533265929709,-0.594185298927
-0.409305452986,0.361279985724,0.679473566337
-0.849760700243,-0.48608302617,-0.934174012893
-0.876894382838,-0.0741463020569,-0.811230687097
-0.941192101607,0.238350365211,-0.959870475444
-0.0755420480562,-0.963203638231,-0.97208519489
0.851516803102,-0.683139187104,-0.0787166187853
-0.601995690499,0.120258535416,0.989608914553
-0.0125883931791,-0.599867388372,0.960168776103
-0.937045363094,0.603606265538,0.150131261618
0.892420907413,-0.0116293982648,-0.877673067383
-0.0592125092073,-0.127188241485,0.167049386943
0.463974981089,-0.567258178362,0.501715286839
-0.516617528049,0.0526738531743,0.462284477366
0.0270999379608,0.476938503042,0.0646439134978
-0.452211680344,0.196973069181,0.218320469171
0.747436358431,-0.849765520008,0.315993599646
-0.715682640596,-0.389382776419,-0.289339677507
-0.589062859102,-0.0799449701047,0.943235445171
0.964596917296,0.457243267598,-0.315278919082
0.393353800523,-0.383439661592,0.703860434225
-0.873979539859,0.0120509965306,-0.77495542262
-0.361495062138,0.599390049723,0.75415039961
0.818284757879,0.696223833921,-0.249009174023
-0.125475352169,-0.134066519171,-0.262340638643
-0.377201264494,0.842722242673,-0.981644888752
0.345669456127,0.343887235368,0.162801557693
-0.325247863695,-0.521278219126,0.990362961828
-0.355393334999,-0.0403227408323,-0.906809967964
0.387479045099,-0.161385904368,-0.492486351503
-0.584364895033,0.411254096201,0.650519158162
0.0168518754972,-0.831192177329,-0.443632908581
0.0141361006375,0.748528430685,0.359155286377
0.672831452004,-0.769847965877,-0.697032146001
-0.137934720561,-0.641500503547,0.961486186808
-0.537140078319,0.927104153861,-0.277224409761
0.984670937292,-0.199568014514,-0.812637117127
0.595130132228,-0.557596741732,-0.296807651081
-0.592803601359,-0.137401814357,0.980462871151
-0.45812356918,0.0393059755374,-0.11407352079
-0.789857780228,-0.0567528734031,-0.0649132874498
0.399659852622,0.484548002435,0.999997701043
0.376474391526,-0.200238783806,-0.433391986375
0.99988701043,0.539007625649,0.35561998148
-0.776476836891,-0.742307073376,-0.250728433269
0.229458125886,-0.543441521813,0.927096812593
-0.900065381813,0.384761699865,-0.934557475872
0.350667178403,0.625533301756,0.63096277618
-0.0337558858623,0.364738977099,-0.867130655786
0.846756761019,0.791754206563,0.562142347844
-0.5881019569,-0.691942874811,-0.941494058871
-0.516484092066,-0.471536992695,0.758098292075
-0.0870949053187,-0.0780389937626,0.390678738157
0.264454597732,0.170240945979,-0.999993755581
-0.714404904166,0.505671801654,-0.782461172556
-0.236990913792,-0.633674950619,0.885962287485
-0.639702472521,-0.169574984801,0.944481919076
-0.370678546017,0.55120279487,0.936140552823
-0.739379121296,0.197956548343,0.198452088297
-0.945796372163,0.860977698685,0.975122928312
-0.185651345852,0.548010849102,0.878946459924
-0.779748136263,0.97745932624,0.998039031382
-0.312945354834,0.215825410817,-0.790037903725
0.895511455001,-0.42417584554,-0.885077058471
-0.182543367859,0.704369770025,0.54600588527
0.313487810691,0.129728044613,-0.968638451333
0.465562488293,-0.153127938999,0.187480560859
0.204114642175,-0.955172656678,-0.941882919256
0.767899519059,0.583125183567,-0.976474192399
-0.5468892937,-0.24216965763,0.954714358023
0.120974396511,0.0584984984034,0.225092001463
-0.912439155246,-0.451726747056,-0.727181922576
0.239047978747,-0.748950711415,-0.00776812029294
-0.0136666257004,-0.693404330443,0.794747625197
0.0338989155139,-0.462530687858,-0.074607078626
0.829019586866,0.325621436467,-0.868799692767
-0.807083077126,-0.339399734525,-0.784225443825
-0.468559412442,-0.846037896206,-0.969782653499
-0.181244894863,0.10845628975,-0.515310828951
-0.332433385587,-0.636695422922,0.622092385683
0.417564598461,0.834083172644,-0.995289067166
0.583235725399,-0.319863001957,0.932795384457
-0.0063984604165,-0.0664531039417,0.785307097102
-0.424330450076,-0.503603724266,0.954683930429
-0.636544963629,-0.766085170784,-0.86000179477
0.935187045289,0.553578449567,-0.127731983315
-0.413415385281,-0.123680605094,-0.386831293193
0.179601947645,0.526747305905,0.753162646188
0.489295423107,0.13444757384,0.354070918534
-0.0266171649572,-0.601821042823,0.966623092478
-0.356204762304,0.390186817029,0.54035896557
-0.854918786056,-0.888941552123,0.97296207912
0.657130266613,0.291340864355,0.617687732817
0.0120795326782,0.650587019934,0.975059755277
-0.23275840513,-0.441981724272,0.279095405168
-0.36038526745,0.974217389072,-0.571384781573
0.211567715363,-0.554753520073,0.940767262575
0.0685147541973,0.95738078902,-0.984984031395
-0.271735319708,0.79511000013,-0.521524738648
0.163913965248,0.161172010337,-0.665370799408
0.12294823152,0.0199348979322,0.319552867647
-0.150006226604,-0.674104114594,0.812282599243
0.78076329968,0.466687020457,-0.946465927396
-0.399797725354,0.330007946024,0.454364180487
0.557049429309,0.104994980247,0.817001208452
0.671271362319,0.722511334133,-0.905851045904
-0.388960552384,0.956785594448,-0.618880764474
0.397702309498,0.320292931226,0.383908548966
-0.200535347428,0.28123263973,-0.95157389969
0.177204830806,-0.975786024775,-0.881067951081
-0.106602155195,-0.495475204825,0.348287683936
-0.560027476156,-0.66999543224,-0.769644474629
-0.611668813364,-0.441867785289,0.303358640191
-0.70399657755,0.676138501909,-0.94400235159
0.818129728983,-0.362001883783,-0.887745063396
-0.313260533298,0.732957933356,-0.116695940656
-0.386909856745,0.200819939398,-0.345874062031
0.485954606641,-0.533378042806,0.595923382383
0.621229976097,0.599617419679,-0.703326122766
-0.80240663889,0.358083822106,-0.803308093386
-0.940222169754,-0.864401473447,0.97895840281
0.959797919451,-0.945346972399,0.617350786436
0.14144915249,0.920421047125,-0.993677074661
0.320546875751,-0.184349430679,-0.849279582092
0.936837672653,0.0726132033847,-0.999599509681
0.104492619361,-0.90401426794,-0.947827628988
0.64551834815,0.721845155588,-0.966648148398
0.851706090368,-0.400827587674,-0.999931906608
-0.916117137883,-0.302825295336,-0.975034439959
-0.588828068066,0.318139078686,0.917288477477
-0.184748275085,0.535302069183,0.813691434379
0.174462343788,-0.507141612031,0.605761986058
0.571126434516,0.116854886319,0.898874718862
0.674060783318,0.271652511606,0.553505863837
0.821291904683,-0.105301017179,-0.413384138809
0.654670165075,-0.51556171821,-0.460950955604
0.255307161106,-0.581902958848,0.997460372323
0.953742373442,-0.643177751779,0.486354530028
0.0821255548577,-0.392436173274,-0.646521138223
-0.203765859253,-0.0653505186755,-0.538867285365
0.989960269091,-0.930783807622,0.521843788714
0.896110548981,0.647059309851,0.057447340055
-0.968602439063,0.271552196699,-0.805248693809
-0.657394279996,-0.862267117905,-0.152141021244
0.760788248584,-0.0392750659083,0.233784444296
0.93641613223,-0.804157803652,0.975199801563
0.373470233701,-0.58552470804,0.788927203621
0.418290191919,0.347931819905,0.665686026058
0.963773520287,-0.266937360505,-0.838758715633
-0.61348544112,-0.0579885846672,0.992690175207
0.48638340562,0.961127234914,-0.221831599059
-0.0549245682977,-0.277653338162,-0.951949820272
-0.0604213235814,0.906991305851,-0.944488644813
-0.0497188065428,-0.977426909088,-0.935144994164
-0.754880496263,-0.195364486557,0.0564401880247
0.485745468218,-0.0738161834151,0.19948552304
-0.198061455272,0.0295902520309,-0.418506323492
0.932357794043,-0.356333378365,-0.849094687026
0.676208492078,-0.0891561350087,0.859031644631
0.912355782355,-0.286509984125,-0.990483158151
-0.533898162206,-0.144737290846,0.730669954592
-0.87503684829,0.803679464202,0.774207309488
0.978357812083,0.808321201158,0.992267118143
0.77422528666,0.558668880295,-0.992486691858
0.0834039567854,-0.839625299856,-0.551026827486
-0.653901932151,0.98184437704,0.718095118515
-0.035024396087,0.824597098391,-0.38888795538
0.10575840777,-0.482314378201,0.223440990923
-0.681410273787,-0.484041063485,-0.483231327643
0.41437457239,0.853549193009,-0.997991794151
0.584617142661,0.432462518129,0.549788441636
0.00881714673208,-0.494440309463,0.230703100585
-0.116831865629,0.436170994444,-0.195647398189
0.829383925321,0.155048120098,-0.550981089396
0.0572762464485,-0.846009778316,-0.585488463068
-0.671067971886,-0.0816077673585,0.88840683773
-0.862214390214,-0.167000565801,-0.800664331948
0.219246748486,-0.238624456893,-0.995109049628
0.936370479134,-0.750851200641,0.845119576552
-0.737323348147,0.943260888716,0.828732533573
-0.611811156861,0.19737698037,0.989444115056
0.938670107031,-0.337539415098,-0.852334587019
-0.501307018557,0.599319257028,0.0405698369048
0.648117569943,0.636750720926,-0.943077164536
-0.705529322531,-0.753362799867,-0.624198899127
0.753924934644,-0.829051336052,0.208808889431
-0.246602981646,0.45930374874,0.480123839433
-0.799380749427,-0.818903891,0.433397048115
0.166693390705,0.899775456188,-0.962718710851
-0.74013331096,0.274617415289,-0.0403853971176
-0.296806640854,0.102444887953,-0.999998551706
0.756108463834,-0.521190342052,-0.970997827351
-0.996603106225,0.0721885279931,-0.843320719585
-0.064989223525,0.660152300879,0.93928690787
0.0438101209922,0.4265305935,-0.411995323713
0.40461403016,0.296373670539,0.298466708238
-0.110587532238,-0.858275124234,-0.717162078004
0.857464510877,0.851763175794,0.886884763592
-0.713791042562,-0.765501255609,-0.504678316921
0.722271568707,0.489964552357,-0.766772867391
-0.0172035064755,0.293631681652,-0.980018770169
-0.359376858461,-0.65541002748,0.370236912586
-0.339332790959,-0.78236314251,-0.623997743739
0.45564348113,-0.402826710073,0.979786189408
0.856142785819,0.647031114574,-0.261111060717
0.203725529447,-0.778172191907,-0.188856736175
-0.578821101896,-0.828829783222,-0.774680029617
0.880598168573,-0.72321280298,0.389009151483
-0.168284532755,-0.0107675434552,-0.115233679486
0.352016188847,0.674471932835,0.243437484219
0.00513670129155,0.788884429706,-0.0350227318534
0.904500126041,0.556450835838,-0.36718345178
0.0586275369964,0.207426814011,-0.551976848141
0.781847142054,-0.619001786794,-0.853868013913
-0.315002153763,0.857193427863,-0.957560603036
0.102397661197,0.423421494393,-0.348637636335
-0.277918461732,0.895345900413,-0.998755142905
-0.0629318725788,-0.619395049275,0.99835612123
0.812187253017,-0.452505725356,-0.991893674568
-0.777315444052,0.705433561242,-0.478233614243
-0.01061858453,0.844760153698,-0.559918350582
-0.673094717069,0.490183116377,-0.455290344452
0.9069180598,-0.645607085124,0.136424005149
-0.0861470342904,-0.0701568013167,0.443762438485
0.982158900884,0.181961325947,-0.845152547534
-0.382021710455,0.345609682008,0.425197513082
0.766959242553,0.916836106861,0.817887791486
0.187370886264,0.924938862388,-0.999922035202
-0.420730770504,-0.592010912033,0.557292984612
-0.322890161767,-0.896044802016,-0.995035356092
0.727753706704,0.0623817761456,0.522480233424
-0.251179239576,-0.613409555334,0.94098896764
-0.72097549634,0.439077855718,-0.554325849912
-0.903055670365,0.31928192541,-0.988228892331
0.00782645964153,-0.328654674336,-0.98937752053
-0.0979058644324,0.02785134213,0.525152072099
-0.581184006329,0.208010126575,0.993921275576
0.440026084475,0.285507398966,0.508089716675
-0.586463325442,-0.682320366765,-0.909982522662
0.572049199083,-0.968935221656,0.253627812958
-0.331693498837,-0.33122146978,-0.0248685314597
-0.466895674932,0.459722360116,0.9639866367
0.0643043612291,-0.908675023224,-0.950702474658
-0.561315925938,0.190858712393,0.937848039258
0.807279757398,0.945885284631,0.99143972175
-0.0374893517359,-0.388680728983,-0.722591429762
-0.356224749852,-0.780955085178,-0.666607034128
-0.750835962717,0.310282950017,-0.266964990207
-0.262043814782,-0.103171157963,-0.947533359258
-0.247814923513,0.272468613623,-0.856938844352
0.266881134206,-0.36933139601,-0.155103374394
0.350360285636,0.336538501016,0.145187156318
0.085375189658,-0.943139669012,-0.998979480973
-0.940187680485,-0.445393138264,-0.558084233681
-0.919184120604,-0.555507061659,-0.25274909037
-0.57094130484,-0.260141982603,0.999959055243
-0.913562336199,0.861190129778,0.999933730025
-0.582349259981,-0.0895168732286,0.924416643665
-0.587391407557,0.091604594718,0.943329872709
0.474445683921,0.0607106282478,0.070694143176
-0.79679148346,0.476511512122,-0.99011720751
-0.579669606516,0.760696173733,-0.990342702535
-0.210427127273,-0.506610645887,0.698540247233
0.188641447807,0.65394398087,0.866373281894
0.410699408041,0.0221322372992,-0.564176718633
0.338808131272,-0.0861759243842,-0.937866818141
-0.923005754925,0.933514407049,0.846500159924
0.314962491522,0.880994664798,-0.997637788385
0.245793576071,0.796215762018,-0.460829074507
0.604104960647,0.868161177286,-0.406815217973
0.294808511932,-0.929680717104,-0.946603424044
0.715549826288,0.78736711066,-0.34873436847
0.989184730701,-0.5047288881,0.109330237531
-0.856716529056,-0.2839750259,-0.921360285725
0.294202516477,0.753229061487,-0.230394654589
-0.952776850099,-0.271727381638,-0.885655151274
0.100937770447,-0.538047472352,0.690331207445
0.187624164856,0.109435346708,-0.565694010702
0.0916525670457,-0.354210515338,-0.869222950003
-0.00824360910352,0.948636256708,-0.998082159173
0.716382180536,-0.481402364879,-0.701198145197
-0.431750804185,-0.600575707774,0.441582065331
-0.890820824954,0.24161833678,-0.981103419411
0.29571689554,0.645966716667,0.681350679987
0.31598545303,-0.970512802942,-0.709647966449
0.406779311387,-0.147986641472,-0.374418553979
0.8354141762,-0.301609730359,-0.856236516505
0.140967107667,0.713784266,0.546576577843
0.0618894520808,0.606929466906,0.983408019786
-0.459694605083,0.681435057221,-0.357837155652
0.359505837208,-0.586458422394,0.827807741788
-0.524752136912,0.0220216816015,0.513922536253
-0.817476820908,-0.272774461789,-0.691723874428
0.506641940389,0.337705848318,0.981160945863
0.476301336188,0.0632663612269,0.0923268479026
0.477634896125,0.784989866134,-0.972290909386
0.193714827074,0.346867405237,-0.673881748423
-0.708104589728,-0.93102031771,0.645349443782
-0.836345927828,0.253608542807,-0.774254750835
-0.105193137109,0.324862537373,-0.962939379186
0.899993100655,-0.914340350084,0.965534955853
0.345382468137,-0.789444815361,-0.691044371298
0.231870442433,-0.486560527648,0.62681833986
0.403226140416,-0.959383044624,-0.555372939501
0.885939819045,-0.40032834761,-0.956184905117
-0.918016575074,0.575976777883,-0.15746409653
0.326946339256,0.00668840189739,-0.991748205834
0.976012641753,0.867131578679,0.882639579914
-0.293982658567,-0.788051282729,-0.528664789792
0.352570438462,-0.0803045522694,-0.889562502091
-0.73864148692,-0.596987623488,-0.997372041165
0.944994911086,-0.0848504407772,-0.998004302965
-0.705093569209,0.183944588541,0.537152887579
0.571251657464,0.00168178389588,0.84155329028
0.917221050579,-0.198820225883,-0.999217768769
0.40853988066,-0.89442035524,-0.917800395433
0.862844048444,0.649943096573,-0.191941382459
-0.0972414075622,0.424225415222,-0.352379641494
0.713767652932,0.0149707754573,0.655417497707
-0.038291175016,-0.354181932445,-0.912735828521
0.334616374695,-0.271723100217,-0.3911846397
0.663451775236,-0.879890706832,0.0242958890008
0.643194200154,-0.440544326082,0.0579368432633
0.772259083539,0.180447666815,-0.0765515276473
-0.99097255205,-0.2134212168,-0.756951816679
-0.288048812542,-0.0981164442788,-0.995144432186
-0.501481018426,-0.278670724261,0.854552467907
0.604716374211,-0.996937139111,0.616639362902
-0.538303130942,-0.832638191773,-0.882265448963
0.688767670124,0.294529238465,0.35507835435
-0.243790039522,-0.310089619207,-0.694633185328
-0.237459355158,0.458991174027,0.439816488781
0.441024724677,-0.613396184713,0.294689868688
0.723208685791,0.698192560177,-0.809437294125
0.712597697344,0.315795934772,0.05957304526
-0.475166211709,0.716842114565,-0.678914490432
0.230243194913,0.616675931607,0.95552070818
-0.141861270313,0.955640468971,-0.972199854953
-0.861523464827,-0.390537606007,-0.999411677891
-0.841736901387,-0.00191862086464,-0.534071606451
-0.962257031219,0.673049343782,0.679607769943
0.556037883459,0.782401604796,-0.98493168746
0.279492800317,0.246647018263,-0.83314828952
-0.589040035538,-0.788517730052,-0.914056003407
0.149352153459,-0.212593965194,-0.855917942177
-0.698431285155,-0.225172120759,0.493114469636
0.614402375005,-0.968345284609,0.455174311135
0.541835207953,-0.770726603723,-0.999993876977
0.765317644521,0.00117260991389,0.199449602119
0.210447633398,-0.485018975271,0.543571212198
-0.587288104866,-0.92843072502,-0.0097153641108
0.448219229093,0.877379417474,-0.909960243651
-0.996631786394,0.866250806431,0.803037364747
-0.532108905912,0.00659254883513,0.572136478686
-0.922489806763,0.896393617837,0.956393847797
-0.0798932046021,0.704947561743,0.688470557325
0.759215239272,-0.410880270794,-0.702348265823
-0.591981780553,0.780915131686,-0.930667521819
-0.363900680499,0.367673474337,0.444566516636
0.969512939248,0.598832663069,0.389275938273
0.488403739698,0.162030884073,0.419965731472
0.70841401464,0.370652277034,-0.140757481775
-0.99488575585,0.799873277863,0.980227527356
-0.297730688775,0.449188795802,0.626160947785
-0.443394055199,-0.29299695884,0.566433163793
-0.990491256522,0.0845545106085,-0.869720997263
-0.498519773581,-0.715833537778,-0.76381519995
-0.272366729441,-0.247539564471,-0.85827922271
-0.99916096866,0.206486718263,-0.712344040424
0.555482655605,-0.922054328704,-0.22902084273
0.985497504338,0.263001025522,-0.714351860427
-0.0181050446782,-0.368661032213,-0.852806278166
0.312894680386,-0.668001428493,0.459535104191
0.0795711094641,0.026353039861,0.668790936058
-0.393864067893,-0.422985757792,0.87589182413
0.609922734127,-0.414362685178,0.462103175597
0.181845677944,0.769576481259,-0.053683809741
0.0358073431849,-0.800660780964,-0.159939238675
-0.311759862978,0.324271249829,-0.212467866458
0.0581771570288,0.707066565938,0.68850264948
0.563383499542,0.549970518748,-0.0191902398615
0.822942804884,0.638615377068,-0.547129902752
-0.903316403939,-0.668611178436,0.240468367878
-0.301476849573,-0.340868359003,-0.161084889962
-0.853132960267,0.469569697482,-0.951274327227
-0.288293606775,0.0529821018683,-0.977952450858
0.404200628081,-0.433283471882,0.936701486447
-0.880624398886,0.684115392325,0.155089474317
-0.654763838129,-0.565860270293,-0.717354271463
-0.351024780383,0.265152678101,-0.308151006951
0.428892568533,-0.705905663148,-0.394819067003
0.606575683489,0.587123654423,-0.554588159567
0.983723110814,0.918754985753,0.626281013499
0.456846745974,-0.821958352318,-0.999781077636
0.660782154649,-0.185039191826,0.837103194885
-0.587839220167,0.0617311653451,0.931431716013
0.247358737636,-0.497761161242,0.748608455492
0.811233339125,-0.965143628881,0.999136077214
-0.199248629692,0.395633509626,-0.278901298387
-0.980203167958,0.953704738562,0.444923971119
-0.0829605359328,0.298671883179,-0.999126641574
-0.7452662694,-0.641653636165,-0.917297802838
-0.183382245773,-0.696368682197,0.607478036048
-0.188804707412,-0.171471742848,-0.830324337915
0.297095952694,0.470600728773,0.753230414739
0.58651078255,-0.0819897646689,0.935527474478
0.525119548877,0.227549511367,0.847166090733
0.819179873124,0.918303006721,0.966252484914
0.457890271792,-0.682016654923,-0.352930841487
-0.624037919951,-0.919811844398,0.11934258701
0.57526326468,-0.466070051338,0.435210725385
0.962036087556,-0.752986456074,0.939519881813
-0.811126880767,0.888648413264,0.860446617939
-0.529459766449,0.423512520318,0.879082379707
0.634661460002,0.282800209713,0.786924170423
0.856106096173,-0.60774574988,-0.476489515734
0.844991667701,-0.488027851203,-0.944999284807
0.409636060499,0.283403332832,0.265542925155
0.674473152993,0.389515288431,0.0652498992877
0.0160082018482,-0.891056926627,-0.871388497542
0.15851559149,0.907777498909,-0.978105336742
0.376833456946,0.343363652181,0.376179991346
0.338219950493,-0.560480023837,0.965604119433
0.393303862092,0.913921368058,-0.865426234214
-0.115634328362,0.638101338444,0.979716236946
-0.858761393458,0.257744893956,-0.896623986774
-0.122544831498,0.290095978317,-0.999971268527
0.874992473782,-0.216859656419,-0.917071563879
0.556091316981,-0.738252043788,-0.98344858355
-0.0460679705896,-0.394695997435,-0.673279447794
0.774656165704,-0.458318870595,-0.911469619095
-0.997100700512,-0.294148394201,-0.564430330883
-0.162742934391,-0.844438064541,-0.678553112529
0.158591355642,-0.692335457027,0.682595865498
-0.839678126332,-0.245994432704,-0.78065864506
0.519564561279,0.283729653336,0.934727511097
0.675013985189,0.440504725742,-0.204881621379
-0.542130415966,-0.129283140513,0.758452941342
0.755909616144,0.665243889737,-0.799265418898
-0.6026366493,-0.891113389412,-0.23575966452
0.477905708564,-0.344863314991,0.925000129479
0.0938920649368,-0.639644799312,0.983518672813
-0.453567763924,0.0443199414689,-0.154488165742
-0.35397595138,0.299810826487,-0.073513427701
0.407034661072,0.698100652364,-0.22505004365
0.399180131904,-0.629048568466,0.39294755059
-0.654799737103,0.513010887095,-0.447822666557
-0.64167730822,0.482985873133,-0.176435509417
-0.23722537392,0.756205495908,-0.0713764116967
0.390689844544,0.755590796992,-0.606958501025
0.381012665342,-0.701893067025,-0.132023523428
0.186000239326,-0.284452103806,-0.967139037267
-0.447419518939,-0.0433951024876,-0.215494942405
-0.809498382264,0.597530145362,-0.804072419669
-0.604952244877,-0.0278301546244,0.974286324004
0.971623299311,-0.0211854527164,-0.957160645556
0.312758051618,0.803157872157,-0.692586053184
0.680112110584,-0.271178346517,0.507399012053
-0.511633824182,0.380106034211,0.995899779263
-0.232114455889,0.799335200274,-0.452496253392
-0.439113162977,-0.500210518326,0.93128509627
-0.151612630343,0.148007007935,-0.520970768765
-0.656525272813,0.113941042545,0.928587766571
-0.892356792589,0.443984793367,-0.856532415624
-0.85240486025,-0.160383985945,-0.730899971184
0.0738113110689,0.374213939533,-0.78217565518
0.96961810587,-0.674671231047,0.729013101966
0.345201215685,-0.284071841279,-0.239461160088
-0.110923919879,-0.748747228518,0.280956497522
0.711208824643,-0.267056103135,0.254207887053
0.529261062557,0.975841922214,0.105511445714
0.915176962128,-0.801720234201,0.921218500885
0.258977527342,-0.3128438106,-0.606062439834
0.121036034777,-0.660952994481,0.906341080105
0.952365334801,-0.692069377179,0.7012183127
-0.344906426958,0.677763354846,0.246650595469
0.660484032428,-0.493732328556,-0.382310000516
-0.491691952118,0.871434319882,-0.835906463308
-0.925349773734,-0.562600399735,-0.165263160271
0.712648574252,-0.0681645881942,0.640362796132
-0.81558050382,-0.3617437617,-0.876272376469
-0.233377049518,0.877863597025,-0.942345433473
-0.429821461952,-0.0459560499617,-0.379889018081
-0.854072568994,0.845237088159,0.852381077603
0.308426696047,0.199010803332,-0.863313393337
0.218025753203,0.59322709087,0.999313766227
-0.74356799286,0.169293067157,0.226045423612
-0.76168513303,-0.738979697861,-0.373757642391
0.966902129022,0.747268479874,0.940647014072
0.870664882638,0.454320414078,-0.922635686054
0.500771053691,0.296227704576,0.893858936624
0.300501057031,0.673746086325,0.45889877583
0.297010995606,0.733939497737,-0.0635680258671
-0.00960296785681,-0.22436453222,-0.62482168337
0.762308157557,-0.648234379503,-0.835459714202
-0.277670789183,0.191856089928,-0.97287168988
0.693540992772,0.744515944486,-0.731548053057
0.694292936499,-0.367579460288,-0.00195459986441
0.180151901285,-0.0177883111842,-0.237200926537
0.556300394963,0.550796307683,0.0255262553779
-0.0257619842712,-0.594252728087,0.944385158382
0.646779783546,-0.563799266259,-0.664026769355
-0.0993362645369,0.690214521755,0.771197421816
0.323233987626,0.976920395334,-0.648424241759
0.717043268566,-0.933607461632,0.700655441135
-0.0962954308167,-0.581569037852,0.92554963706
-0.907536298867,0.643556081495,0.12964542359
0.722705842187,-0.336122821133,-0.116214908736
-0.979985786833,-0.687237673266,0.827047976822
-0.489951165802,0.630939143519,-0.13395813544
0.516691690462,-0.934012077716,-0.316033411078
-0.54159474113,-0.510551179424,0.399479357291
0.269263229533,0.536093782179,0.95993529266
-0.121059808259,-0.640236474018,0.973063927441
0.387885184524,-0.190244600172,-0.382141055012
0.558953212065,-0.486005941529,0.432282331774
-0.370404259905,-0.560034143092,0.90844039564
0.641634666023,-0.0424019040133,0.989191997615
0.15892653939,0.904947773935,-0.972092025319
-0.180436212445,-0.788894556624,-0.236421004071
-0.497988070406,0.519675601177,0.610252211058
0.874602991078,-0.00173875538316,-0.778370177493
0.264490176222,-0.759139269506,-0.183917351586
0.585588297926,0.773203449266,-0.962564624908
-0.188210946269,0.498960529944,0.58134989091
-0.610273827179,0.318053260353,0.826115764339
-0.174982961272,0.959535190006,-0.946423913558
0.745635548159,0.418289192099,-0.640777723235
-0.0836477858907,-0.323665592781,-0.979786375717
-0.0828238455571,0.686630496452,0.806320432505
0.72922140832,-0.449560988612,-0.653828638029
0.246295399963,0.119617079265,-0.919679168381
-0.214921186837,-0.4623604128,0.376781594597
-0.139054645219,0.778097241462,-0.0502461298013
-0.73509097865,0.117059536882,0.39902168274
-0.457505645279,-0.765834390093,-0.875687439106
0.166019646811,0.0804054796274,-0.270449456182
0.808851139513,0.946271709844,0.993070171704
-0.0567063795371,-0.448383283027,-0.191647541539
-0.423772743581,-0.23801016927,0.147443692271
0.386395833321,-0.633451103141,0.420498640054
0.82853582296,-0.150739863649,-0.537428417747
0.415219246746,0.981548833325,-0.331573306733
-0.605764619174,-0.931460825799,0.115289526983
-0.991803667118,-0.50641151452,0.14006323763
0.838186236368,0.60185783458,-0.626233609853
0.398139999111,-0.580150022982,0.729589777283
0.314386092859,-0.500756955749,0.932139282937
-0.418558221825,0.34745537709,0.664951778693
-0.856062480515,0.391249364272,-0.999922490438
0.253927399614,0.304777960612,-0.678277703214
-0.92591135609,0.941498150565,0.802890152014
0.895306876923,0.904215626156,0.987491816107
-0.0450225385559,-0.118382108841,0.299579336751
-0.0814826384905,-0.161851228473,-0.238919871805
0.427036819083,0.390386783279,0.878863905942
-0.781204709985,-0.13819037213,-0.0792659374229
0.416610198809,-0.191553790633,-0.126669786991
-0.416433456934,-0.362870587792,0.725061283349
-0.681450417591,0.498079209128,-0.55364798715
0.0542961164062,0.079772710354,0.569438020781
0.630494253099,-0.453074870039,0.0898417786427
0.489269533464,-0.432397632326,0.969801378856
0.248795117975,0.827638170674,-0.709129741002
0.857704070358,-0.903857682729,0.994390070429
-0.519591503684,-0.387484235895,0.980368164861
0.164771136253,0.106238391887,-0.379926608351
0.121123649226,-0.458576694149,0.030638195658
-0.803075917854,-0.9209690859,0.940376030901
-0.476723111479,-0.353592484258,0.940137970529
0.658610466488,0.408928819814,0.101448931135
-0.657399613515,-0.0200239442345,0.957133051003
0.0135830899167,0.731248090952,0.514341217382
0.482711403578,0.558819691357,0.45253671397
-0.625619224742,0.884461480741,-0.161254960231
0.470935084256,-0.283919729315,0.707965525461
0.384136914466,0.692190505256,-0.0623461669909
-0.673516222719,0.379862773796,0.121155668413
-0.562726431545,0.867056643873,-0.612324333605
0.413005170797,0.659168362709,0.075246026296
0.0637528626559,-0.29632714983,-0.993899229836
-0.67712825717,-0.935990646634,0.528500376647
0.917151239017,0.945198957167,0.823111751911
0.845124907512,0.68899832373,-0.0915256261924
0.307064661549,-0.492718250529,0.888147238497
-0.295292571603,0.287433645883,-0.557621474807
0.718836647617,-0.829108348673,-0.0222102607855
0.333395689204,0.439351481966,0.719362720613
-0.590139247253,-0.731806072374,-0.999719393766
-0.684456095026,0.189187907112,0.683662183094
-0.336223428795,0.831033427337,-0.896028509386
0.234136788151,0.0206032505085,-0.703008622249
-0.868419507259,0.680502963721,0.0372622485151
0.996734216455,-0.0195300494572,-0.855398108121
0.774934230813,-0.334751155994,-0.554258648947
0.938664468175,-0.307352820164,-0.899466314069
-0.414605398839,-0.191673138704,-0.144212874235
0.509135529785,-0.730612906003,-0.867996285895
-0.480668858122,-0.701448332656,-0.604696107062
-0.81361814998,0.679132743882,-0.387097111176
0.509385416022,0.341264784644,0.988495921385
-0.914463622729,-0.410989067649,-0.824788907283
-0.320638626351,0.64346874799,0.616804120909
0.686559409328,-0.420876529391,-0.197663258751
0.228944703881,0.120410684535,-0.850000192014
0.922327570016,-0.850812948291,0.999834744183
0.898450345096,-0.617179762522,-0.0953198010724
-0.713567715248,-0.505265765807,-0.776712526268
-0.819855511545,-0.25478276213,-0.667866876587
0.894009341644,0.20074410631,-0.965853952166
0.954216896855,-0.509921207559,-0.175467467988
0.202294008066,-0.362746396714,-0.530324248089
0.403726340081,-0.755720586856,-0.654886120968
-0.712988823062,-0.926921762274,0.643145925264
0.600617077136,0.0936355106208,0.979169880537
0.164808951344,0.562782193849,0.913493104711
0.954798608912,-0.420372786592,-0.533856877243
-0.62646077788,0.437515884702,0.21121874913
0.935060158014,-0.825891998243,0.995893754492
-0.481660796017,-0.956480461434,-0.282555089471
0.0137795471665,0.652729045157,0.970001472666
-0.443018237616,0.106398063559,-0.155596751411
0.46654199186,-0.235985780013,0.493323419128
-0.0982686604897,0.285559397428,-0.992610488209
0.862003393612,-0.595565719755,-0.495339407142
-0.530283702279,0.824249394077,-0.930074586971
-0.134577520269,-0.843719794653,-0.636437787931
-0.318388639202,0.556369226625,0.991933203214
0.741730388044,0.0198546978367,0.420522254711
0.529438961329,-0.422114827535,0.88328260416
-0.507968775379,0.852977999089,-0.876150070509
-0.803031648991,0.418950493992,-0.933300854081
-0.650122951772,0.880367169941,-0.0515749411444
0.359295110163,-0.977872907317,-0.546069063818
-0.066624750451,-0.623627003985,0.999934710253
-0.915349269448,0.406078620147,-0.831478204968
0.388290728247,-0.381199382137,0.666093411197
-0.0247383131003,-0.272156420747,-0.917595181536
-0.501487489417,-0.991043078365,0.111202420953
-0.479355346809,0.160761298798,0.336836921077
0.222659616409,0.738389420805,0.141204704522
-0.173016769552,-0.76302518473,0.0300252096507
-0.362602171423,0.8520143874,-0.986395261064
-0.0115415573172,0.621750281727,0.997913412648
-0.0281863155779,-0.766400631409,0.183744002721
0.862003432784,-0.782801317437,0.603933968285
-0.287031053423,-0.097613102091,-0.993973472236
0.180527290081,-0.0892038100516,-0.428509698112
-0.733000573356,0.847268264743,0.206296369414
0.0175675386494,0.460470580618,-0.104144090485
0.946458984182,0.278913947907,-0.903801438512
-0.922096024689,0.896538183028,0.956922717833
0.108978157407,0.486251389873,0.267453338646
-0.844363572148,0.319835200637,-0.92273104794
-0.963645781224,-0.488359026937,-0.191115288065
0.759093457236,0.412107136359,-0.705739841146
0.628558962081,-0.823234046409,-0.595562086715
-0.817811673539,0.0701066122748,-0.346773935722
-0.14319804092,-0.947168829152,-0.988081522025
-0.233241796391,0.668990752592,0.695514774717
0.687331036094,0.532493909762,-0.745105673916
0.946962933726,0.137582386813,-0.98961042885
0.936628838273,-0.799956785008,0.969187594754
-0.185295554834,0.413579231535,-0.179499265233
0.194182728705,0.0329907271289,-0.388364799084
0.18899885871,0.589830998235,0.996000287912
-0.537903177409,0.43025358771,0.822555725053
-0.0349508051693,-0.313286219466,-0.999942700486
-0.246733975115,0.50616550038,0.794756999874
0.812699444265,0.307410998939,-0.741288364753
-0.262085093507,0.454751247748,0.510958412467
0.671883986129,-0.776113597055,-0.667013889198
0.104990463513,0.261679063819,-0.948592615524
0.594646762796,-0.806675826822,-0.827109041168
-0.26022543317,-0.661655118526,0.677306834743
-0.710668222247,0.927665926467,0.636823998414
-0.648776259523,0.913483219148,0.207208381428
0.27919959211,0.105383244678,-0.987648630702
0.586561656772,-0.758702535506,-0.986379189645
-0.139285348056,0.0722742449161,0.00159351382422
-0.130589151374,-0.662349481587,0.892554677863
-0.179911513784,0.22136175067,-0.958511008349
-0.977850522607,0.141241054741,-0.898170814834
-0.361906068468,0.0569606154999,-0.86681413826
0.441809361697,-0.456109439978,0.997765397959
0.280850779212,-0.510719857647,0.898391030856
0.769056362448,-0.379770499797,-0.661755923975
0.00391160679938,0.936561033802,-0.99825493376
0.813498435398,-0.358878415882,-0.861104435449
-0.648108518682,0.328818928488,0.553428432196
-0.857792451878,0.119706780981,-0.722261641295
-0.952088033778,0.605706781801,0.284722694692
-0.250076613241,-0.545234785513,0.959748354072
0.923742983688,0.333361051271,-0.922701817958
0.0196568845869,-0.558746418061,0.769802589395
0.576664409828,-0.950911541895,0.125133655032
-0.42883028812,0.0761621660506,-0.349443881275
0.153997149632,-0.538271552157,0.774727461856
0.17143749326,-0.9776272297,-0.877259597104
-0.853069763785,0.285659507844,-0.909588196746
0.824992527143,0.725512328023,-0.00930632490741
0.925882222049,-0.315228960144,-0.937314443989
-0.697357156968,0.0771853743117,0.743189402828
0.525265804408,-0.453175466848,0.793539299636
-0.465730170196,-0.344399677134,0.8819497838
0.793947018141,-0.85063651331,0.597431360356
0.694074480856,0.514050746898,-0.705462487902
-0.181814340502,0.417910577819,-0.154295958994
-0.585415931722,0.430626846028,0.553515794091
-0.715374428743,0.488186008595,-0.722056174849
0.923977986288,0.856580752794,0.999452335945
-0.595392629547,-0.87644852671,-0.389451120989
0.760209028614,0.930454737171,0.851941436384
0.740794687337,0.825279262746,0.0942030023202
0.853200445409,0.224841189901,-0.824494845099
0.909911535692,-0.199597896028,-0.994030958162
0.820296720008,0.418015882829,-0.976304208754
0.819082547457,0.152031698853,-0.458888470057
0.844902889076,-0.708030238475,0.0278866635904
-0.827234013352,0.265904254575,-0.741440041028
0.573458384719,0.112105034551,0.90472947422
0.148870825563,0.366054464591,-0.689429250131
-0.58997441635,0.0594356583016,0.938139759413
-0.963347947213,0.637398479063,0.527526010036
-0.900085389603,-0.686384310678,0.31814954877
0.989440955038,0.314424965727,-0.575804388466
0.652724427062,0.178197414769,0.885636962259
0.746868969752,-0.250237326802,-0.0227668563128
-0.581002757807,-0.839074913923,-0.71009994924
-0.354632397947,-0.0195209337632,-0.917080971481
-0.37427336891,-0.331174263183,0.281330091105
0.655501032963,-0.597080561836,-0.84828380097
0.612552452026,-0.266916721877,0.921598033231
0.759389527923,-0.336211192959,-0.435774849039
-0.975654840621,-0.72248820759,0.91063547275
