Date,Open,High,Low,Close,Volume,Adj Close 
2011-11-23,nan,nan,nan,nan,nan,nan
2011-11-22,nan,nan,nan,nan,nan,nan
2011-11-21,nan,nan,nan,nan,nan,nan
2011-11-18,nan,nan,nan,nan,nan,nan
2011-11-17,nan,nan,nan,nan,nan,nan
2011-11-16,nan,nan,nan,nan,nan,nan
2011-11-15,nan,nan,nan,nan,nan,nan
2011-11-14,nan,nan,nan,nan,nan,nan
2011-11-11,nan,nan,nan,nan,nan,nan
2011-11-10,nan,nan,nan,nan,nan,nan
2011-11-09,nan,nan,nan,nan,nan,nan
2011-11-08,nan,nan,nan,nan,nan,nan
2011-11-07,nan,nan,nan,nan,nan,nan
2011-11-04,nan,nan,nan,nan,nan,nan
2011-11-03,nan,nan,nan,nan,nan,nan
2011-11-02,nan,nan,nan,nan,nan,nan
2011-11-01,nan,nan,nan,nan,nan,nan
2011-10-31,nan,nan,nan,nan,nan,nan
2011-10-28,nan,nan,nan,nan,nan,nan
2011-10-27,nan,nan,nan,nan,nan,nan
2011-10-26,nan,nan,nan,nan,nan,nan
2011-10-25,nan,nan,nan,nan,nan,nan
2011-10-24,nan,nan,nan,nan,nan,nan
2011-10-21,nan,nan,nan,nan,nan,nan
2011-10-20,nan,nan,nan,nan,nan,nan
2011-10-19,nan,nan,nan,nan,nan,nan
2011-10-18,nan,nan,nan,nan,nan,nan
2011-10-17,nan,nan,nan,nan,nan,nan
2011-10-14,nan,nan,nan,nan,nan,nan
2011-10-13,nan,nan,nan,nan,nan,nan
2011-10-12,nan,nan,nan,nan,nan,nan
2011-10-11,nan,nan,nan,nan,nan,nan
2011-10-10,nan,nan,nan,nan,nan,nan
2011-10-07,nan,nan,nan,nan,nan,nan
2011-10-06,nan,nan,nan,nan,nan,nan
2011-10-05,nan,nan,nan,nan,nan,nan
2011-10-04,nan,nan,nan,nan,nan,nan
2011-10-03,nan,nan,nan,nan,nan,nan
2011-09-30,nan,nan,nan,nan,nan,nan
2011-09-29,nan,nan,nan,nan,nan,nan
2011-09-28,nan,nan,nan,nan,nan,nan
2011-09-27,nan,nan,nan,nan,nan,nan
2011-09-26,nan,nan,nan,nan,nan,nan
2011-09-23,nan,nan,nan,nan,nan,nan
2011-09-22,nan,nan,nan,nan,nan,nan
2011-09-21,nan,nan,nan,nan,nan,nan
2011-09-20,nan,nan,nan,nan,nan,nan
2011-09-19,nan,nan,nan,nan,nan,nan
2011-09-16,nan,nan,nan,nan,nan,nan
2011-09-15,nan,nan,nan,nan,nan,nan
2011-09-14,nan,nan,nan,nan,nan,nan
2011-09-13,nan,nan,nan,nan,nan,nan
2011-09-12,nan,nan,nan,nan,nan,nan
2011-09-09,nan,nan,nan,nan,nan,nan
2011-09-08,nan,nan,nan,nan,nan,nan
2011-09-07,nan,nan,nan,nan,nan,nan
2011-09-06,nan,nan,nan,nan,nan,nan
2011-09-02,nan,nan,nan,nan,nan,nan
2011-09-01,nan,nan,nan,nan,nan,nan
2011-08-31,nan,nan,nan,nan,nan,nan
2011-08-30,nan,nan,nan,nan,nan,nan
2011-08-29,nan,nan,nan,nan,nan,nan
2011-08-26,nan,nan,nan,nan,nan,nan
2011-08-25,nan,nan,nan,nan,nan,nan
2011-08-24,nan,nan,nan,nan,nan,nan
2011-08-23,nan,nan,nan,nan,nan,nan
2011-08-22,nan,nan,nan,nan,nan,nan
2011-08-19,nan,nan,nan,nan,nan,nan
2011-08-18,nan,nan,nan,nan,nan,nan
2011-08-17,nan,nan,nan,nan,nan,nan
2011-08-16,nan,nan,nan,nan,nan,nan
2011-08-15,nan,nan,nan,nan,nan,nan
2011-08-12,nan,nan,nan,nan,nan,nan
2011-08-11,nan,nan,nan,nan,nan,nan
2011-08-10,nan,nan,nan,nan,nan,nan
2011-08-09,nan,nan,nan,nan,nan,nan
2011-08-08,nan,nan,nan,nan,nan,nan
2011-08-05,nan,nan,nan,nan,nan,nan
2011-08-04,nan,nan,nan,nan,nan,nan
2011-08-03,nan,nan,nan,nan,nan,nan
2011-08-02,nan,nan,nan,nan,nan,nan
2011-08-01,nan,nan,nan,nan,nan,nan
2011-07-29,nan,nan,nan,nan,nan,nan
2011-07-28,nan,nan,nan,nan,nan,nan
2011-07-27,nan,nan,nan,nan,nan,nan
2011-07-26,nan,nan,nan,nan,nan,nan
2011-07-25,nan,nan,nan,nan,nan,nan
2011-07-22,nan,nan,nan,nan,nan,nan
2011-07-21,nan,nan,nan,nan,nan,nan
2011-07-20,nan,nan,nan,nan,nan,nan
2011-07-19,nan,nan,nan,nan,nan,nan
2011-07-18,nan,nan,nan,nan,nan,nan
2011-07-15,nan,nan,nan,nan,nan,nan
2011-07-14,nan,nan,nan,nan,nan,nan
2011-07-13,nan,nan,nan,nan,nan,nan
2011-07-12,nan,nan,nan,nan,nan,nan
2011-07-11,nan,nan,nan,nan,nan,nan
2011-07-08,nan,nan,nan,nan,nan,nan
2011-07-07,nan,nan,nan,nan,nan,nan
2011-07-06,nan,nan,nan,nan,nan,nan
2011-07-05,nan,nan,nan,nan,nan,nan
2011-07-01,nan,nan,nan,nan,nan,nan
2011-06-30,nan,nan,nan,nan,nan,nan
2011-06-29,nan,nan,nan,nan,nan,nan
2011-06-28,nan,nan,nan,nan,nan,nan
2011-06-27,nan,nan,nan,nan,nan,nan
2011-06-24,nan,nan,nan,nan,nan,nan
2011-06-23,nan,nan,nan,nan,nan,nan
2011-06-22,nan,nan,nan,nan,nan,nan
2011-06-21,nan,nan,nan,nan,nan,nan
2011-06-20,nan,nan,nan,nan,nan,nan
2011-06-17,nan,nan,nan,nan,nan,nan
2011-06-16,nan,nan,nan,nan,nan,nan
2011-06-15,nan,nan,nan,nan,nan,nan
2011-06-14,nan,nan,nan,nan,nan,nan
2011-06-13,nan,nan,nan,nan,nan,nan
2011-06-10,nan,nan,nan,nan,nan,nan
2011-06-09,nan,nan,nan,nan,nan,nan
2011-06-08,nan,nan,nan,nan,nan,nan
2011-06-07,nan,nan,nan,nan,nan,nan
2011-06-06,nan,nan,nan,nan,nan,nan
2011-06-03,nan,nan,nan,nan,nan,nan
2011-06-02,nan,nan,nan,nan,nan,nan
2011-06-01,nan,nan,nan,nan,nan,nan
2011-05-31,nan,nan,nan,nan,nan,nan
2011-05-27,nan,nan,nan,nan,nan,nan
2011-05-26,nan,nan,nan,nan,nan,nan
2011-05-25,nan,nan,nan,nan,nan,nan
2011-05-24,nan,nan,nan,nan,nan,nan
2011-05-23,nan,nan,nan,nan,nan,nan
2011-05-20,nan,nan,nan,nan,nan,nan
2011-05-19,nan,nan,nan,nan,nan,nan
2011-05-18,nan,nan,nan,nan,nan,nan
2011-05-17,nan,nan,nan,nan,nan,nan
2011-05-16,nan,nan,nan,nan,nan,nan
2011-05-13,nan,nan,nan,nan,nan,nan
2011-05-12,nan,nan,nan,nan,nan,nan
2011-05-11,nan,nan,nan,nan,nan,nan
2011-05-10,nan,nan,nan,nan,nan,nan
2011-05-09,nan,nan,nan,nan,nan,nan
2011-05-06,nan,nan,nan,nan,nan,nan
2011-05-05,nan,nan,nan,nan,nan,nan
2011-05-04,nan,nan,nan,nan,nan,nan
2011-05-03,nan,nan,nan,nan,nan,nan
2011-05-02,nan,nan,nan,nan,nan,nan
2011-04-29,nan,nan,nan,nan,nan,nan
2011-04-28,nan,nan,nan,nan,nan,nan
2011-04-27,nan,nan,nan,nan,nan,nan
2011-04-26,nan,nan,nan,nan,nan,nan
2011-04-25,nan,nan,nan,nan,nan,nan
2011-04-21,nan,nan,nan,nan,nan,nan
2011-04-20,nan,nan,nan,nan,nan,nan
2011-04-19,nan,nan,nan,nan,nan,nan
2011-04-18,nan,nan,nan,nan,nan,nan
2011-04-15,nan,nan,nan,nan,nan,nan
2011-04-14,nan,nan,nan,nan,nan,nan
2011-04-13,nan,nan,nan,nan,nan,nan
2011-04-12,nan,nan,nan,nan,nan,nan
2011-04-11,nan,nan,nan,nan,nan,nan
2011-04-08,nan,nan,nan,nan,nan,nan
2011-04-07,nan,nan,nan,nan,nan,nan
2011-04-06,nan,nan,nan,nan,nan,nan
2011-04-05,nan,nan,nan,nan,nan,nan
2011-04-04,nan,nan,nan,nan,nan,nan
2011-04-01,nan,nan,nan,nan,nan,nan
2011-03-31,nan,nan,nan,nan,nan,nan
2011-03-30,nan,nan,nan,nan,nan,nan
2011-03-29,nan,nan,nan,nan,nan,nan
2011-03-28,nan,nan,nan,nan,nan,nan
2011-03-25,nan,nan,nan,nan,nan,nan
2011-03-24,nan,nan,nan,nan,nan,nan
2011-03-23,nan,nan,nan,nan,nan,nan
2011-03-22,nan,nan,nan,nan,nan,nan
2011-03-21,nan,nan,nan,nan,nan,nan
2011-03-18,nan,nan,nan,nan,nan,nan
2011-03-17,nan,nan,nan,nan,nan,nan
2011-03-16,nan,nan,nan,nan,nan,nan
2011-03-15,nan,nan,nan,nan,nan,nan
2011-03-14,nan,nan,nan,nan,nan,nan
2011-03-11,nan,nan,nan,nan,nan,nan
2011-03-10,nan,nan,nan,nan,nan,nan
2011-03-09,nan,nan,nan,nan,nan,nan
2011-03-08,nan,nan,nan,nan,nan,nan
2011-03-07,nan,nan,nan,nan,nan,nan
2011-03-04,nan,nan,nan,nan,nan,nan
2011-03-03,nan,nan,nan,nan,nan,nan
2011-03-02,nan,nan,nan,nan,nan,nan
2011-03-01,nan,nan,nan,nan,nan,nan
2011-02-28,nan,nan,nan,nan,nan,nan
2011-02-25,nan,nan,nan,nan,nan,nan
2011-02-24,nan,nan,nan,nan,nan,nan
2011-02-23,nan,nan,nan,nan,nan,nan
2011-02-22,nan,nan,nan,nan,nan,nan
2011-02-18,nan,nan,nan,nan,nan,nan
2011-02-17,nan,nan,nan,nan,nan,nan
2011-02-16,nan,nan,nan,nan,nan,nan
2011-02-15,nan,nan,nan,nan,nan,nan
2011-02-14,nan,nan,nan,nan,nan,nan
2011-02-11,nan,nan,nan,nan,nan,nan
2011-02-10,nan,nan,nan,nan,nan,nan
2011-02-09,nan,nan,nan,nan,nan,nan
2011-02-08,nan,nan,nan,nan,nan,nan
2011-02-07,nan,nan,nan,nan,nan,nan
2011-02-04,nan,nan,nan,nan,nan,nan
2011-02-03,nan,nan,nan,nan,nan,nan
2011-02-02,nan,nan,nan,nan,nan,nan
2011-02-01,nan,nan,nan,nan,nan,nan
2011-01-31,nan,nan,nan,nan,nan,nan
2011-01-28,nan,nan,nan,nan,nan,nan
2011-01-27,nan,nan,nan,nan,nan,nan
2011-01-26,nan,nan,nan,nan,nan,nan
2011-01-25,nan,nan,nan,nan,nan,nan
2011-01-24,nan,nan,nan,nan,nan,nan
2011-01-21,nan,nan,nan,nan,nan,nan
2011-01-20,nan,nan,nan,nan,nan,nan
2011-01-19,nan,nan,nan,nan,nan,nan
2011-01-18,nan,nan,nan,nan,nan,nan
2011-01-14,nan,nan,nan,nan,nan,nan
2011-01-13,nan,nan,nan,nan,nan,nan
2011-01-12,nan,nan,nan,nan,nan,nan
2011-01-11,nan,nan,nan,nan,nan,nan
2011-01-10,nan,nan,nan,nan,nan,nan
2011-01-07,nan,nan,nan,nan,nan,nan
2011-01-06,nan,nan,nan,nan,nan,nan
2011-01-05,nan,nan,nan,nan,nan,nan
2011-01-04,nan,nan,nan,nan,nan,nan
2011-01-03,nan,nan,nan,nan,nan,nan
2010-12-31,nan,nan,nan,nan,nan,nan
2010-12-30,nan,nan,nan,nan,nan,nan
2010-12-29,nan,nan,nan,nan,nan,nan
2010-12-28,nan,nan,nan,nan,nan,nan
2010-12-27,nan,nan,nan,nan,nan,nan
2010-12-23,nan,nan,nan,nan,nan,nan
2010-12-22,nan,nan,nan,nan,nan,nan
2010-12-21,nan,nan,nan,nan,nan,nan
2010-12-20,nan,nan,nan,nan,nan,nan
2010-12-17,nan,nan,nan,nan,nan,nan
2010-12-16,nan,nan,nan,nan,nan,nan
2010-12-15,nan,nan,nan,nan,nan,nan
2010-12-14,nan,nan,nan,nan,nan,nan
2010-12-13,nan,nan,nan,nan,nan,nan
2010-12-10,nan,nan,nan,nan,nan,nan
2010-12-09,nan,nan,nan,nan,nan,nan
2010-12-08,nan,nan,nan,nan,nan,nan
2010-12-07,nan,nan,nan,nan,nan,nan
2010-12-06,nan,nan,nan,nan,nan,nan
2010-12-03,nan,nan,nan,nan,nan,nan
2010-12-02,nan,nan,nan,nan,nan,nan
2010-12-01,nan,nan,nan,nan,nan,nan
2010-11-30,nan,nan,nan,nan,nan,nan
2010-11-29,nan,nan,nan,nan,nan,nan
2010-11-26,nan,nan,nan,nan,nan,nan
2010-11-24,nan,nan,nan,nan,nan,nan
2010-11-23,nan,nan,nan,nan,nan,nan
2010-11-22,nan,nan,nan,nan,nan,nan
2010-11-19,nan,nan,nan,nan,nan,nan
2010-11-18,nan,nan,nan,nan,nan,nan
2010-11-17,nan,nan,nan,nan,nan,nan
2010-11-16,nan,nan,nan,nan,nan,nan
2010-11-15,nan,nan,nan,nan,nan,nan
2010-11-12,nan,nan,nan,nan,nan,nan
2010-11-11,nan,nan,nan,nan,nan,nan
2010-11-10,nan,nan,nan,nan,nan,nan
2010-11-09,nan,nan,nan,nan,nan,nan
2010-11-08,nan,nan,nan,nan,nan,nan
2010-11-05,nan,nan,nan,nan,nan,nan
2010-11-04,nan,nan,nan,nan,nan,nan
2010-11-03,nan,nan,nan,nan,nan,nan
2010-11-02,nan,nan,nan,nan,nan,nan
2010-11-01,nan,nan,nan,nan,nan,nan
2010-10-29,nan,nan,nan,nan,nan,nan
2010-10-28,nan,nan,nan,nan,nan,nan
2010-10-27,nan,nan,nan,nan,nan,nan
2010-10-26,nan,nan,nan,nan,nan,nan
2010-10-25,nan,nan,nan,nan,nan,nan
2010-10-22,nan,nan,nan,nan,nan,nan
2010-10-21,nan,nan,nan,nan,nan,nan
2010-10-20,nan,nan,nan,nan,nan,nan
2010-10-19,nan,nan,nan,nan,nan,nan
2010-10-18,nan,nan,nan,nan,nan,nan
2010-10-15,nan,nan,nan,nan,nan,nan
2010-10-14,nan,nan,nan,nan,nan,nan
2010-10-13,nan,nan,nan,nan,nan,nan
2010-10-12,nan,nan,nan,nan,nan,nan
2010-10-11,nan,nan,nan,nan,nan,nan
2010-10-08,nan,nan,nan,nan,nan,nan
2010-10-07,nan,nan,nan,nan,nan,nan
2010-10-06,nan,nan,nan,nan,nan,nan
2010-10-05,nan,nan,nan,nan,nan,nan
2010-10-04,nan,nan,nan,nan,nan,nan
2010-10-01,nan,nan,nan,nan,nan,nan
2010-09-30,nan,nan,nan,nan,nan,nan
2010-09-29,nan,nan,nan,nan,nan,nan
2010-09-28,nan,nan,nan,nan,nan,nan
2010-09-27,nan,nan,nan,nan,nan,nan
2010-09-24,nan,nan,nan,nan,nan,nan
2010-09-23,nan,nan,nan,nan,nan,nan
2010-09-22,nan,nan,nan,nan,nan,nan
2010-09-21,nan,nan,nan,nan,nan,nan
2010-09-20,nan,nan,nan,nan,nan,nan
2010-09-17,nan,nan,nan,nan,nan,nan
2010-09-16,nan,nan,nan,nan,nan,nan
2010-09-15,nan,nan,nan,nan,nan,nan
2010-09-14,nan,nan,nan,nan,nan,nan
2010-09-13,nan,nan,nan,nan,nan,nan
2010-09-10,nan,nan,nan,nan,nan,nan
2010-09-09,nan,nan,nan,nan,nan,nan
2010-09-08,nan,nan,nan,nan,nan,nan
2010-09-07,nan,nan,nan,nan,nan,nan
2010-09-03,nan,nan,nan,nan,nan,nan
2010-09-02,nan,nan,nan,nan,nan,nan
2010-09-01,nan,nan,nan,nan,nan,nan
2010-08-31,nan,nan,nan,nan,nan,nan
2010-08-30,nan,nan,nan,nan,nan,nan
2010-08-27,nan,nan,nan,nan,nan,nan
2010-08-26,nan,nan,nan,nan,nan,nan
2010-08-25,nan,nan,nan,nan,nan,nan
2010-08-24,nan,nan,nan,nan,nan,nan
2010-08-23,nan,nan,nan,nan,nan,nan
2010-08-20,nan,nan,nan,nan,nan,nan
2010-08-19,nan,nan,nan,nan,nan,nan
2010-08-18,nan,nan,nan,nan,nan,nan
2010-08-17,nan,nan,nan,nan,nan,nan
2010-08-16,nan,nan,nan,nan,nan,nan
2010-08-13,nan,nan,nan,nan,nan,nan
2010-08-12,nan,nan,nan,nan,nan,nan
2010-08-11,nan,nan,nan,nan,nan,nan
2010-08-10,nan,nan,nan,nan,nan,nan
2010-08-09,nan,nan,nan,nan,nan,nan
2010-08-06,nan,nan,nan,nan,nan,nan
2010-08-05,nan,nan,nan,nan,nan,nan
2010-08-04,nan,nan,nan,nan,nan,nan
2010-08-03,nan,nan,nan,nan,nan,nan
2010-08-02,nan,nan,nan,nan,nan,nan
2010-07-30,nan,nan,nan,nan,nan,nan
2010-07-29,nan,nan,nan,nan,nan,nan
2010-07-28,nan,nan,nan,nan,nan,nan
2010-07-27,nan,nan,nan,nan,nan,nan
2010-07-26,nan,nan,nan,nan,nan,nan
2010-07-23,nan,nan,nan,nan,nan,nan
2010-07-22,nan,nan,nan,nan,nan,nan
2010-07-21,nan,nan,nan,nan,nan,nan
2010-07-20,nan,nan,nan,nan,nan,nan
2010-07-19,nan,nan,nan,nan,nan,nan
2010-07-16,nan,nan,nan,nan,nan,nan
2010-07-15,nan,nan,nan,nan,nan,nan
2010-07-14,nan,nan,nan,nan,nan,nan
2010-07-13,nan,nan,nan,nan,nan,nan
2010-07-12,nan,nan,nan,nan,nan,nan
2010-07-09,nan,nan,nan,nan,nan,nan
2010-07-08,nan,nan,nan,nan,nan,nan
2010-07-07,nan,nan,nan,nan,nan,nan
2010-07-06,nan,nan,nan,nan,nan,nan
2010-07-02,nan,nan,nan,nan,nan,nan
2010-07-01,nan,nan,nan,nan,nan,nan
2010-06-30,nan,nan,nan,nan,nan,nan
2010-06-29,nan,nan,nan,nan,nan,nan
2010-06-28,nan,nan,nan,nan,nan,nan
2010-06-25,nan,nan,nan,nan,nan,nan
2010-06-24,nan,nan,nan,nan,nan,nan
2010-06-23,nan,nan,nan,nan,nan,nan
2010-06-22,nan,nan,nan,nan,nan,nan
2010-06-21,nan,nan,nan,nan,nan,nan
2010-06-18,nan,nan,nan,nan,nan,nan
2010-06-17,nan,nan,nan,nan,nan,nan
2010-06-16,nan,nan,nan,nan,nan,nan
2010-06-15,nan,nan,nan,nan,nan,nan
2010-06-14,nan,nan,nan,nan,nan,nan
2010-06-11,nan,nan,nan,nan,nan,nan
2010-06-10,nan,nan,nan,nan,nan,nan
2010-06-09,nan,nan,nan,nan,nan,nan
2010-06-08,nan,nan,nan,nan,nan,nan
2010-06-07,nan,nan,nan,nan,nan,nan
2010-06-04,nan,nan,nan,nan,nan,nan
2010-06-03,nan,nan,nan,nan,nan,nan
2010-06-02,nan,nan,nan,nan,nan,nan
2010-06-01,nan,nan,nan,nan,nan,nan
2010-05-28,nan,nan,nan,nan,nan,nan
2010-05-27,nan,nan,nan,nan,nan,nan
2010-05-26,nan,nan,nan,nan,nan,nan
2010-05-25,nan,nan,nan,nan,nan,nan
2010-05-24,nan,nan,nan,nan,nan,nan
2010-05-21,nan,nan,nan,nan,nan,nan
2010-05-20,nan,nan,nan,nan,nan,nan
2010-05-19,nan,nan,nan,nan,nan,nan
2010-05-18,nan,nan,nan,nan,nan,nan
2010-05-17,nan,nan,nan,nan,nan,nan
2010-05-14,nan,nan,nan,nan,nan,nan
2010-05-13,nan,nan,nan,nan,nan,nan
2010-05-12,nan,nan,nan,nan,nan,nan
2010-05-11,nan,nan,nan,nan,nan,nan
2010-05-10,nan,nan,nan,nan,nan,nan
2010-05-07,nan,nan,nan,nan,nan,nan
2010-05-06,nan,nan,nan,nan,nan,nan
2010-05-05,nan,nan,nan,nan,nan,nan
2010-05-04,nan,nan,nan,nan,nan,nan
2010-05-03,nan,nan,nan,nan,nan,nan
2010-04-30,nan,nan,nan,nan,nan,nan
2010-04-29,nan,nan,nan,nan,nan,nan
2010-04-28,nan,nan,nan,nan,nan,nan
2010-04-27,nan,nan,nan,nan,nan,nan
2010-04-26,nan,nan,nan,nan,nan,nan
2010-04-23,nan,nan,nan,nan,nan,nan
2010-04-22,nan,nan,nan,nan,nan,nan
2010-04-21,nan,nan,nan,nan,nan,nan
2010-04-20,nan,nan,nan,nan,nan,nan
2010-04-19,nan,nan,nan,nan,nan,nan
2010-04-16,nan,nan,nan,nan,nan,nan
2010-04-15,nan,nan,nan,nan,nan,nan
2010-04-14,nan,nan,nan,nan,nan,nan
2010-04-13,nan,nan,nan,nan,nan,nan
2010-04-12,nan,nan,nan,nan,nan,nan
2010-04-09,nan,nan,nan,nan,nan,nan
2010-04-08,nan,nan,nan,nan,nan,nan
2010-04-07,nan,nan,nan,nan,nan,nan
2010-04-06,nan,nan,nan,nan,nan,nan
2010-04-05,nan,nan,nan,nan,nan,nan
2010-04-01,nan,nan,nan,nan,nan,nan
2010-03-31,nan,nan,nan,nan,nan,nan
2010-03-30,nan,nan,nan,nan,nan,nan
2010-03-29,nan,nan,nan,nan,nan,nan
2010-03-26,nan,nan,nan,nan,nan,nan
2010-03-25,nan,nan,nan,nan,nan,nan
2010-03-24,nan,nan,nan,nan,nan,nan
2010-03-23,nan,nan,nan,nan,nan,nan
2010-03-22,nan,nan,nan,nan,nan,nan
2010-03-19,nan,nan,nan,nan,nan,nan
2010-03-18,nan,nan,nan,nan,nan,nan
2010-03-17,nan,nan,nan,nan,nan,nan
2010-03-16,nan,nan,nan,nan,nan,nan
2010-03-15,nan,nan,nan,nan,nan,nan
2010-03-12,nan,nan,nan,nan,nan,nan
2010-03-11,nan,nan,nan,nan,nan,nan
2010-03-10,nan,nan,nan,nan,nan,nan
2010-03-09,nan,nan,nan,nan,nan,nan
2010-03-08,nan,nan,nan,nan,nan,nan
2010-03-05,nan,nan,nan,nan,nan,nan
2010-03-04,nan,nan,nan,nan,nan,nan
2010-03-03,nan,nan,nan,nan,nan,nan
2010-03-02,nan,nan,nan,nan,nan,nan
2010-03-01,nan,nan,nan,nan,nan,nan
2010-02-26,nan,nan,nan,nan,nan,nan
2010-02-25,nan,nan,nan,nan,nan,nan
2010-02-24,nan,nan,nan,nan,nan,nan
2010-02-23,nan,nan,nan,nan,nan,nan
2010-02-22,nan,nan,nan,nan,nan,nan
2010-02-19,nan,nan,nan,nan,nan,nan
2010-02-18,nan,nan,nan,nan,nan,nan
2010-02-17,nan,nan,nan,nan,nan,nan
2010-02-16,nan,nan,nan,nan,nan,nan
2010-02-12,nan,nan,nan,nan,nan,nan
2010-02-11,nan,nan,nan,nan,nan,nan
2010-02-10,nan,nan,nan,nan,nan,nan
2010-02-09,nan,nan,nan,nan,nan,nan
2010-02-08,nan,nan,nan,nan,nan,nan
2010-02-05,60.46,60.94,59.64,59.64,5494000.0,59.64
2010-02-04,62.56,63.06,61.03,61.03,1878800.0,61.03
2010-02-03,63.22,63.67,62.76,62.83,1635300.0,62.83
2010-02-02,62.74,63.61,62.51,63.48,1738200.0,63.48
2010-02-01,61.89,62.64,61.62,62.63,957800.0,62.63
2010-01-29,62.1,62.36,61.47,61.52,1348600.0,61.52
2010-01-28,62.26,62.49,61.8,61.9,936600.0,61.9
2010-01-27,62.02,62.39,61.36,62.18,1179600.0,62.18
2010-01-26,62.15,62.55,61.78,62.11,556100.0,62.11
2010-01-25,62.84,63.25,62.16,62.42,753700.0,62.42
2010-01-22,63.71,64.09,62.34,62.54,1101700.0,62.54
2010-01-21,63.1,65.09,63.1,63.92,2274000.0,63.92
2010-01-20,62.55,62.55,61.43,62.17,847300.0,62.17
2010-01-19,61.75,62.88,61.69,62.84,1520100.0,62.84
2010-01-15,61.91,62.09,61.63,61.9,856400.0,61.9
2010-01-14,62.22,62.48,61.87,62.13,614300.0,62.13
2010-01-13,61.94,62.37,61.75,62.13,1107100.0,62.13
2010-01-12,60.98,62.02,60.94,61.73,1186200.0,61.73
2010-01-11,60.35,61.65,60.35,61.3,1582800.0,61.3
2010-01-08,60.31,60.7,60.12,60.35,931900.0,60.35
2010-01-07,60.35,60.6,60.08,60.45,1300000.0,60.45
2010-01-06,60.4,60.79,60.22,60.33,709900.0,60.33
2010-01-05,60.68,60.77,60.31,60.67,1026800.0,60.67
2010-01-04,60.06,61.23,59.78,60.66,1084600.0,60.66
2009-12-31,60.55,60.61,59.69,59.69,647700.0,59.69
2009-12-30,60.29,60.74,60.0,60.68,508500.0,60.68
2009-12-29,59.7,60.83,59.65,60.4,640200.0,60.4
2009-12-28,60.54,60.79,59.56,59.63,498800.0,59.63
2009-12-24,59.96,60.83,59.79,60.54,127500.0,60.54
2009-12-23,60.0,60.21,59.63,59.96,383000.0,59.96
2009-12-22,59.43,60.4,59.26,59.93,1080200.0,59.93
2009-12-21,58.75,59.56,58.74,59.44,357100.0,59.44
2009-12-18,59.31,59.33,58.55,58.63,876400.0,58.63
2009-12-17,58.97,59.36,58.33,59.24,1007800.0,59.24
2009-12-16,58.92,60.49,58.78,58.96,1921500.0,58.96
2009-12-15,58.07,59.11,57.69,58.77,1228300.0,58.77
2009-12-14,57.0,58.32,56.63,58.2,1465200.0,58.2
2009-12-11,56.88,56.89,56.46,56.56,430000.0,56.56
2009-12-10,56.63,57.12,56.41,56.5,1669400.0,56.5
2009-12-09,55.91,56.41,55.16,56.38,594200.0,56.38
2009-12-08,56.23,56.27,55.89,56.0,1024100.0,56.0
2009-12-07,56.65,57.05,56.19,56.51,743700.0,56.51
2009-12-04,56.24,56.66,56.0,56.52,1687700.0,56.52
2009-12-03,55.94,56.12,55.68,55.71,854500.0,55.71
2009-12-02,55.87,56.14,55.59,55.97,782300.0,55.97
2009-12-01,55.76,56.18,55.42,55.86,1400000.0,55.86
2009-11-30,55.63,55.66,55.0,55.2,1243000.0,55.2
2009-11-27,54.95,55.82,54.6,55.54,578800.0,55.54
2009-11-25,56.01,56.27,55.84,56.09,943800.0,56.09
2009-11-24,55.85,56.21,55.58,56.02,1240600.0,56.02
2009-11-23,55.8,56.13,55.74,55.9,1214400.0,55.9
2009-11-20,54.96,55.48,54.94,55.3,847100.0,55.3
2009-11-19,55.41,55.56,54.81,55.09,1693100.0,55.09
2009-11-18,55.94,56.09,55.43,55.71,866300.0,55.71
2009-11-17,55.74,56.23,55.41,55.94,1911000.0,55.94
2009-11-16,55.25,56.07,55.09,55.94,1357000.0,55.94
2009-11-13,54.94,55.16,54.47,55.04,1137800.0,55.04
2009-11-12,54.72,55.48,54.58,54.9,1447100.0,54.9
2009-11-11,54.88,55.06,54.04,54.86,1137000.0,54.86
2009-11-10,55.03,55.49,54.35,54.49,1296600.0,54.49
2009-11-09,55.38,55.56,55.09,55.41,1405000.0,55.41
2009-11-06,54.79,55.46,54.73,55.12,1041600.0,55.12
2009-11-05,55.21,55.5,54.75,55.07,2099900.0,55.07
2009-11-04,53.01,55.07,52.76,54.88,3260500.0,54.88
2009-11-03,52.17,52.66,51.89,52.57,774600.0,52.57
2009-11-02,52.04,52.87,51.77,52.35,1787800.0,52.35
2009-10-30,52.79,53.01,51.95,52.09,1532900.0,52.09
2009-10-29,52.61,53.01,52.29,53.01,1115600.0,53.01
2009-10-28,52.61,52.83,51.7,52.0,1388700.0,52.0
2009-10-27,53.58,53.58,52.54,52.8,1613200.0,52.8
2009-10-26,53.91,54.43,53.23,53.49,2603300.0,53.49
2009-10-23,53.95,54.59,53.73,53.92,1840700.0,53.92
2009-10-22,52.28,54.83,52.24,54.41,4145300.0,54.41
2009-10-21,53.24,53.35,51.76,51.81,2836200.0,51.81
2009-10-20,52.71,53.4,52.16,53.04,1982700.0,53.04
2009-10-19,52.25,53.13,52.17,52.76,1811700.0,52.76
2009-10-16,52.41,52.42,51.97,52.26,911700.0,52.26
2009-10-15,52.94,53.09,52.34,52.68,1600400.0,52.68
2009-10-14,52.71,53.1,51.92,53.03,2119200.0,53.03
2009-10-13,52.02,52.36,51.36,51.65,1567400.0,51.65
2009-10-12,52.94,53.0,52.13,52.3,1754900.0,52.3
2009-10-09,52.91,53.29,52.18,52.94,2319400.0,52.94
2009-10-08,51.98,52.9,51.24,52.81,3746400.0,52.81
2009-10-07,51.8,52.01,51.21,51.64,3342100.0,51.64
2009-10-06,52.49,52.58,51.71,51.89,3011700.0,51.89
2009-10-05,52.51,52.79,51.52,52.26,2543700.0,52.26
2009-10-02,51.96,52.42,51.5,52.0,3755700.0,52.0
2009-10-01,54.21,54.39,52.45,52.75,4667000.0,52.75
2009-09-30,55.72,56.0,54.13,54.17,4753600.0,54.17
2009-09-29,55.0,56.04,54.61,55.32,8347600.0,55.32
2009-09-28,55.6,55.84,52.39,53.86,18846100.0,53.86
2009-09-25,46.8,47.65,46.75,47.25,981900.0,47.25
2009-09-24,47.49,47.57,46.73,46.94,640500.0,46.94
2009-09-23,47.8,48.11,47.38,47.38,865300.0,47.38
2009-09-22,46.95,48.02,46.78,47.71,1147700.0,47.71
2009-09-21,46.34,47.13,45.8,46.85,904400.0,46.85
2009-09-18,46.82,46.82,46.23,46.43,1056900.0,46.43
2009-09-17,46.99,47.16,46.52,46.62,918900.0,46.62
2009-09-16,46.5,47.06,46.12,47.06,583400.0,47.06
2009-09-15,46.09,46.48,45.77,46.46,467400.0,46.46
2009-09-14,45.61,46.23,45.56,46.17,565400.0,46.17
2009-09-11,45.29,45.85,45.14,45.75,752600.0,45.75
2009-09-10,44.98,45.4,44.77,45.26,601900.0,45.26
2009-09-09,44.12,45.43,43.97,45.05,2019300.0,45.05
2009-09-08,44.61,44.85,44.05,44.18,993000.0,44.18
2009-09-04,44.17,44.74,43.93,44.68,554700.0,44.68
2009-09-03,44.34,44.45,43.76,44.19,910200.0,44.19
2009-09-02,44.49,44.66,44.14,44.26,1182600.0,44.26
2009-09-01,44.73,45.24,44.43,44.58,1218300.0,44.58
2009-08-31,44.91,45.04,44.73,44.8,1310900.0,44.8
2009-08-28,45.33,45.45,44.83,44.95,1056300.0,44.95
2009-08-27,45.58,45.68,44.8,44.98,1650300.0,44.98
2009-08-26,45.53,45.88,45.36,45.49,1187000.0,45.49
2009-08-25,45.87,45.93,45.45,45.49,821300.0,45.49
2009-08-24,45.55,45.95,45.4,45.6,976600.0,45.6
2009-08-21,45.08,45.33,44.4,45.32,1724200.0,45.32
2009-08-20,44.65,45.01,44.65,44.81,680700.0,44.81
2009-08-19,44.08,44.94,43.8,44.75,1706200.0,44.75
2009-08-18,44.84,44.95,44.42,44.46,788300.0,44.46
2009-08-17,45.33,45.33,44.44,44.75,909400.0,44.75
2009-08-14,45.16,45.78,44.3,45.24,2697200.0,45.24
2009-08-13,45.54,45.63,45.01,45.1,1187100.0,45.1
2009-08-12,45.03,45.77,44.9,45.54,701700.0,45.54
2009-08-11,44.92,45.37,44.84,45.1,853700.0,45.1
2009-08-10,44.54,45.23,44.47,45.17,1332500.0,45.17
2009-08-07,46.94,46.94,44.01,44.52,2128700.0,44.52
2009-08-06,47.74,47.86,46.35,46.92,800300.0,46.92
2009-08-05,47.45,47.96,46.88,47.7,652200.0,47.7
2009-08-04,47.36,47.62,47.3,47.45,601400.0,47.45
2009-08-03,47.81,47.81,47.29,47.64,574900.0,47.64
2009-07-31,48.21,48.37,47.41,47.41,700000.0,47.41
2009-07-30,48.04,48.61,47.76,48.36,608300.0,48.36
2009-07-29,46.62,47.78,46.62,47.77,860600.0,47.77
2009-07-28,45.73,47.19,45.59,46.98,825200.0,46.98
2009-07-27,45.16,46.03,44.98,45.87,781100.0,45.87
2009-07-24,44.88,45.13,44.32,45.03,658300.0,45.03
2009-07-23,44.93,45.53,44.89,45.28,507300.0,45.28
2009-07-22,45.04,45.28,44.64,44.93,388300.0,44.93
2009-07-21,45.01,45.36,44.62,45.03,299400.0,45.03
2009-07-20,44.69,44.88,44.43,44.78,603400.0,44.78
2009-07-17,44.39,44.54,44.16,44.44,777100.0,44.44
2009-07-16,44.11,44.49,43.74,44.38,772200.0,44.38
2009-07-15,43.88,44.59,43.47,44.45,641100.0,44.45
2009-07-14,43.28,43.56,43.0,43.56,640800.0,43.56
2009-07-13,43.19,43.34,42.53,43.34,812300.0,43.34
2009-07-10,43.12,43.67,42.88,42.98,851500.0,42.98
2009-07-09,43.41,43.58,43.12,43.27,502000.0,43.27
2009-07-08,43.74,43.99,43.12,43.35,654300.0,43.35
2009-07-07,43.83,44.21,43.49,43.83,826300.0,43.83
2009-07-06,43.66,44.22,43.33,44.21,720000.0,44.21
2009-07-02,44.77,44.77,43.4,43.4,506700.0,43.4
2009-07-01,44.56,45.32,43.97,45.05,791700.0,45.05
2009-06-30,44.81,44.98,43.87,44.42,1096500.0,44.42
2009-06-29,45.5,45.5,44.24,44.91,912600.0,44.91
2009-06-26,44.93,44.96,44.63,44.73,1018200.0,44.73
2009-06-25,44.3,45.09,44.07,45.03,489200.0,45.03
2009-06-24,44.42,44.64,44.13,44.41,558700.0,44.41
2009-06-23,43.94,44.48,43.84,44.28,822200.0,44.28
2009-06-22,44.33,44.34,43.81,43.91,818400.0,43.91
2009-06-19,44.32,44.56,44.18,44.5,915400.0,44.5
2009-06-18,44.3,44.5,43.6,44.01,1153300.0,44.01
2009-06-17,45.32,46.01,45.24,45.69,580400.0,45.69
2009-06-16,45.39,45.61,45.01,45.29,590800.0,45.29
2009-06-15,46.01,46.12,45.27,45.39,702400.0,45.39
2009-06-12,45.88,46.48,45.44,46.41,576500.0,46.41
2009-06-11,45.31,46.45,45.31,46.13,1061400.0,46.13
2009-06-10,45.62,45.75,44.68,45.55,545400.0,45.55
2009-06-09,45.7,45.78,45.02,45.48,444500.0,45.48
2009-06-08,45.69,45.85,45.05,45.52,364100.0,45.52
2009-06-05,45.91,46.3,45.74,45.79,672900.0,45.79
2009-06-04,44.65,45.71,44.57,45.58,797100.0,45.58
2009-06-03,44.91,45.08,44.23,44.5,948700.0,44.5
2009-06-02,45.28,45.6,44.72,44.8,1045800.0,44.8
2009-06-01,45.18,45.68,44.97,45.27,716400.0,45.27
2009-05-29,44.68,44.99,44.19,44.94,734300.0,44.94
2009-05-28,44.94,45.42,43.94,44.58,648100.0,44.58
2009-05-27,45.73,45.92,44.68,44.77,485900.0,44.77
2009-05-26,44.5,46.0,44.36,45.83,674700.0,45.83
2009-05-22,44.11,44.99,43.62,44.53,716000.0,44.53
2009-05-21,44.16,44.48,43.37,43.98,848300.0,43.98
2009-05-20,46.1,46.1,44.52,44.6,1065500.0,44.6
2009-05-19,45.58,46.27,45.35,45.93,867300.0,45.93
2009-05-18,45.18,45.83,44.99,45.83,800700.0,45.83
2009-05-15,44.05,45.25,43.86,45.0,1079700.0,45.0
2009-05-14,43.7,44.39,43.51,44.06,1084200.0,44.06
2009-05-13,44.59,44.61,43.64,43.7,637600.0,43.7
2009-05-12,45.07,45.35,44.69,44.96,749800.0,44.96
2009-05-11,44.81,45.3,44.54,44.85,771000.0,44.85
2009-05-08,46.1,46.38,44.78,45.28,1127200.0,45.28
2009-05-07,47.23,47.46,45.75,46.03,807700.0,46.03
2009-05-06,47.42,47.47,46.78,47.28,592500.0,47.28
2009-05-05,47.66,47.73,46.87,47.36,540800.0,47.36
2009-05-04,48.95,49.04,47.44,47.93,998800.0,47.93
2009-05-01,48.77,49.39,47.82,49.06,1077500.0,49.06
2009-04-30,49.05,49.05,47.62,48.38,1188000.0,48.38
2009-04-29,47.67,48.87,47.67,48.58,555300.0,48.58
2009-04-28,46.2,47.77,46.18,47.53,683700.0,47.53
2009-04-27,46.88,47.14,46.31,46.63,928400.0,46.63
2009-04-24,47.67,47.99,46.77,47.31,881900.0,47.31
2009-04-23,48.95,48.95,47.24,47.61,923800.0,47.61
2009-04-22,48.43,49.68,48.24,49.01,747500.0,49.01
2009-04-21,48.15,49.02,48.0,48.77,528000.0,48.77
2009-04-20,48.98,49.13,48.63,48.88,793400.0,48.88
2009-04-17,49.22,50.03,48.72,49.8,612200.0,49.8
2009-04-16,49.11,49.56,48.63,49.13,827800.0,49.13
2009-04-15,49.27,49.45,48.29,48.78,676300.0,48.78
2009-04-14,50.06,50.28,49.53,49.58,508400.0,49.58
2009-04-13,50.68,50.75,50.16,50.53,351200.0,50.53
2009-04-09,50.08,50.95,49.67,50.83,734800.0,50.83
2009-04-08,48.56,49.26,48.2,49.17,627100.0,49.17
2009-04-07,49.43,49.62,48.52,48.52,468600.0,48.52
2009-04-06,49.74,50.01,49.25,49.86,879100.0,49.86
2009-04-03,49.63,50.49,49.26,50.21,868400.0,50.21
2009-04-02,48.7,50.02,48.46,49.5,979900.0,49.5
2009-04-01,46.61,48.22,46.58,47.96,705200.0,47.96
2009-03-31,48.2,48.4,47.57,47.89,720600.0,47.89
2009-03-30,46.18,48.17,45.88,48.04,1045000.0,48.04
2009-03-27,46.94,47.25,46.3,46.9,1233000.0,46.9
2009-03-26,47.02,47.64,46.76,47.6,1099500.0,47.6
2009-03-25,46.62,47.75,46.01,46.99,625300.0,46.99
2009-03-24,46.8,47.09,46.32,46.55,706300.0,46.55
2009-03-23,46.46,47.33,45.89,47.33,910100.0,47.33
2009-03-20,47.23,47.62,45.82,45.82,1258500.0,45.82
2009-03-19,47.59,48.49,46.5,46.92,999200.0,46.92
2009-03-18,47.28,48.67,46.97,47.92,1003100.0,47.92
2009-03-17,46.53,47.71,46.2,47.48,1057800.0,47.48
2009-03-16,47.33,47.44,46.51,46.65,791900.0,46.65
2009-03-13,46.91,47.53,46.37,46.8,1145300.0,46.8
2009-03-12,45.01,47.1,45.0,46.92,1442400.0,46.92
2009-03-11,45.52,45.56,44.78,45.12,1183900.0,45.12
2009-03-10,44.71,45.22,43.98,45.22,1279500.0,45.22
2009-03-09,45.16,45.61,43.74,44.03,1086200.0,44.03
2009-03-06,45.99,46.12,44.23,45.25,1359800.0,45.25
2009-03-05,44.9,45.41,44.68,44.89,1266800.0,44.89
2009-03-04,45.15,45.92,44.63,45.42,1553400.0,45.42
2009-03-03,45.6,45.82,44.66,44.67,1086600.0,44.67
2009-03-02,46.1,46.14,45.0,45.1,1219700.0,45.1
2009-02-27,45.8,47.38,45.8,46.63,2349300.0,46.63
2009-02-26,45.69,46.53,44.87,46.53,1709100.0,46.53
2009-02-25,45.41,45.78,44.25,45.35,1376000.0,45.35
2009-02-24,45.33,45.77,44.41,45.57,1056100.0,45.57
2009-02-23,45.89,46.31,45.36,45.37,1117000.0,45.37
2009-02-20,45.61,46.57,45.48,45.75,965300.0,45.75
2009-02-19,47.44,47.68,45.88,46.07,1625900.0,46.07
2009-02-18,47.33,47.48,46.61,46.94,1018900.0,46.94
2009-02-17,47.09,47.87,46.8,47.22,964000.0,47.22
2009-02-13,48.85,50.3,48.45,48.56,1248400.0,48.56
2009-02-12,46.57,48.86,46.57,48.83,1393400.0,48.83
2009-02-11,46.18,47.7,46.1,47.4,1445700.0,47.4
2009-02-10,47.6,48.25,46.13,46.19,1976000.0,46.19
2009-02-09,46.73,48.32,46.52,48.19,1515300.0,48.19
2009-02-06,46.12,47.06,45.92,46.9,1016100.0,46.9
2009-02-05,44.93,46.14,44.92,46.0,1050800.0,46.0
2009-02-04,46.73,46.91,45.25,45.38,1428200.0,45.38
2009-02-03,46.55,46.91,45.95,46.67,963600.0,46.67
2009-02-02,45.5,46.84,45.08,46.43,1212100.0,46.43
2009-01-30,46.85,48.17,45.81,45.86,1652500.0,45.86
2009-01-29,45.16,45.16,44.18,44.73,652800.0,44.73
2009-01-28,44.95,45.53,44.38,45.25,619600.0,45.25
2009-01-27,44.21,44.62,43.84,44.15,839900.0,44.15
2009-01-26,42.39,44.2,42.39,43.85,742200.0,43.85
2009-01-23,43.02,43.22,42.1,42.48,1001100.0,42.48
2009-01-22,43.36,43.89,42.88,43.42,667300.0,43.42
2009-01-21,43.15,44.24,42.6,44.24,650100.0,44.24
2009-01-20,44.06,44.53,42.62,42.82,881200.0,42.82
2009-01-16,44.58,44.64,43.38,43.95,803900.0,43.95
2009-01-15,43.82,44.52,42.78,44.14,890400.0,44.14
2009-01-14,44.33,44.82,42.94,43.95,957500.0,43.95
2009-01-13,45.49,45.63,44.62,45.01,1274200.0,45.01
2009-01-12,45.73,45.93,45.15,45.47,848100.0,45.47
2009-01-09,46.61,46.61,45.2,45.59,804300.0,45.59
2009-01-08,46.06,47.17,46.01,46.61,836800.0,46.61
2009-01-07,46.17,47.16,45.67,46.53,768400.0,46.53
2009-01-06,48.34,48.36,46.03,46.7,1150700.0,46.7
2009-01-05,47.51,48.08,46.78,47.8,552700.0,47.8
2009-01-02,46.6,47.8,45.16,47.8,628900.0,47.8
2008-12-31,45.48,46.08,45.22,45.95,383800.0,45.95
2008-12-30,44.08,45.24,43.94,45.22,596100.0,45.22
2008-12-29,43.79,43.83,43.12,43.64,699700.0,43.64
2008-12-26,43.8,44.04,43.3,43.95,194400.0,43.95
2008-12-24,43.32,43.76,43.14,43.57,255400.0,43.57
2008-12-23,44.06,46.0,42.73,43.2,568800.0,43.2
2008-12-22,44.14,44.62,43.39,44.17,755300.0,44.17
2008-12-19,43.19,44.41,42.94,44.09,1469500.0,44.09
2008-12-18,41.7,44.02,41.68,43.46,1323300.0,43.46
2008-12-17,39.35,42.22,39.11,41.5,1001900.0,41.5
2008-12-16,39.14,39.49,37.31,39.49,1149600.0,39.49
2008-12-15,39.34,39.42,38.13,38.79,603600.0,38.79
2008-12-12,36.79,39.38,36.79,39.21,763100.0,39.21
2008-12-11,38.8,39.39,37.3,37.77,894600.0,37.77
2008-12-10,40.14,40.14,38.44,39.04,794800.0,39.04
2008-12-09,40.6,40.83,39.44,39.44,846400.0,39.44
2008-12-08,40.41,41.38,40.09,40.6,820100.0,40.6
2008-12-05,39.45,40.2,38.29,40.2,652900.0,40.2
2008-12-04,40.59,41.09,38.87,39.75,722000.0,39.75
2008-12-03,38.21,41.16,38.21,41.16,719900.0,41.16
2008-12-02,37.85,39.47,37.77,39.41,872600.0,39.41
2008-12-01,41.23,41.51,37.54,37.54,540800.0,37.54
2008-11-28,39.41,40.45,39.33,40.45,210200.0,40.45
2008-11-26,39.21,39.84,38.69,39.52,779400.0,39.52
2008-11-25,39.0,39.91,38.05,39.91,1203100.0,39.91
2008-11-24,37.91,38.67,36.87,38.63,984700.0,38.63
2008-11-21,36.3,37.42,34.84,37.3,1443000.0,37.3
2008-11-20,37.57,38.49,35.61,35.72,668700.0,35.72
2008-11-19,39.2,40.19,38.07,38.07,1215300.0,38.07
2008-11-18,38.7,39.37,37.68,39.25,871500.0,39.25
2008-11-17,38.9,39.75,38.29,38.67,629100.0,38.67
2008-11-14,40.92,41.55,39.3,39.3,598700.0,39.3
2008-11-13,38.93,41.58,37.65,41.4,1269900.0,41.4
2008-11-12,40.95,40.95,38.99,38.99,1086300.0,38.99
2008-11-11,42.58,42.58,40.75,41.6,1223700.0,41.6
2008-11-10,42.8,43.7,42.22,42.99,1058500.0,42.99
2008-11-07,41.12,42.62,41.12,42.42,785300.0,42.42
2008-11-06,42.61,42.85,40.74,40.88,1035900.0,40.88
2008-11-05,43.0,43.71,42.59,42.97,1008400.0,42.97
2008-11-04,42.45,43.46,41.89,43.32,1042400.0,43.32
2008-11-03,41.0,42.04,40.54,42.0,648500.0,42.0
2008-10-31,40.76,42.42,40.08,41.0,1414000.0,41.0
2008-10-30,39.27,41.19,38.86,40.79,1680700.0,40.79
2008-10-29,38.89,39.66,37.7,38.05,2118700.0,38.05
2008-10-28,38.35,39.13,36.84,38.91,1409800.0,38.91
2008-10-27,38.38,39.76,37.48,37.53,910900.0,37.53
2008-10-24,39.12,40.75,38.11,39.83,771900.0,39.83
2008-10-23,41.13,41.66,38.84,40.92,1052300.0,40.92
2008-10-22,42.52,42.84,39.65,40.88,758000.0,40.88
2008-10-21,43.85,44.0,42.64,42.93,859000.0,42.93
2008-10-20,42.54,44.16,42.37,44.16,1100100.0,44.16
2008-10-17,42.62,44.9,42.62,43.15,1442600.0,43.15
2008-10-16,40.58,44.44,39.25,44.13,1542200.0,44.13
2008-10-15,44.59,44.66,40.49,40.67,1416800.0,40.67
2008-10-14,46.67,47.32,43.43,45.12,1186400.0,45.12
2008-10-13,41.41,45.32,40.98,45.32,1647200.0,45.32
2008-10-10,42.37,43.6,39.13,41.04,2156200.0,41.04
2008-10-09,45.3,46.46,43.92,43.92,1764900.0,43.92
2008-10-08,44.84,47.12,44.84,45.61,1466100.0,45.61
2008-10-07,46.85,47.75,45.63,45.73,1473000.0,45.73
2008-10-06,47.18,48.47,45.96,46.67,1694000.0,46.67
2008-10-03,49.35,50.15,48.06,48.06,1165800.0,48.06
2008-10-02,50.29,50.73,48.77,48.77,1147100.0,48.77
2008-10-01,50.61,51.38,50.03,50.61,1009400.0,50.61
2008-09-30,50.89,51.63,50.43,50.63,1761300.0,50.63
2008-09-29,51.37,52.3,50.62,50.88,1211100.0,50.88
2008-09-26,50.27,52.2,50.27,52.19,719400.0,52.19
2008-09-25,49.99,51.03,49.49,50.87,623900.0,50.87
2008-09-24,50.63,51.25,49.74,49.77,1038100.0,49.77
2008-09-23,51.21,51.9,50.54,50.75,1005000.0,50.75
2008-09-22,51.26,52.01,51.13,51.13,828600.0,51.13
2008-09-19,50.0,52.2,45.32,51.83,1296300.0,51.83
2008-09-18,48.62,49.8,47.72,49.8,1314500.0,49.8
2008-09-17,49.39,50.13,47.93,47.98,1096300.0,47.98
2008-09-16,48.62,50.17,48.49,50.09,1210100.0,50.09
2008-09-15,50.77,51.44,49.3,49.3,1189000.0,49.3
2008-09-12,52.13,53.17,51.8,52.29,629100.0,52.29
2008-09-11,51.78,52.42,51.24,52.32,615800.0,52.32
2008-09-10,52.23,52.76,51.46,52.16,878200.0,52.16
2008-09-09,54.06,54.06,51.98,52.01,817600.0,52.01
2008-09-08,53.44,54.03,52.6,53.62,1013800.0,53.62
2008-09-05,52.45,52.9,51.93,52.61,640300.0,52.61
2008-09-04,53.15,53.38,52.47,52.59,872500.0,52.59
2008-09-03,53.16,54.39,53.14,53.59,1371500.0,53.59
2008-09-02,53.91,54.24,53.12,53.25,1125600.0,53.25
2008-08-29,53.38,53.54,52.93,53.24,647500.0,53.24
2008-08-28,52.9,53.55,52.33,53.51,1153300.0,53.51
2008-08-27,52.15,53.09,52.15,52.87,603700.0,52.87
2008-08-26,51.4,53.01,51.31,52.4,1528600.0,52.4
2008-08-25,51.48,51.79,50.95,51.4,857900.0,51.4
2008-08-22,51.1,52.07,50.85,51.65,627500.0,51.65
2008-08-21,50.15,51.24,49.68,50.92,810700.0,50.92
2008-08-20,49.76,50.33,49.13,50.21,820300.0,50.21
2008-08-19,48.53,49.69,48.47,49.69,1133100.0,49.69
2008-08-18,50.34,50.72,50.05,50.48,670500.0,50.48
2008-08-15,49.35,50.42,49.34,50.25,790500.0,50.25
2008-08-14,48.82,49.74,48.68,49.36,732700.0,49.36
2008-08-13,49.82,50.21,48.86,49.13,749600.0,49.13
2008-08-12,50.2,50.32,49.36,49.74,733200.0,49.74
2008-08-11,50.91,51.13,50.09,50.37,612500.0,50.37
2008-08-08,49.3,51.48,48.79,51.01,1345000.0,51.01
2008-08-07,49.28,49.8,48.85,49.2,875200.0,49.2
2008-08-06,48.47,49.94,48.01,49.94,803900.0,49.94
2008-08-05,46.85,48.54,46.85,48.54,1110500.0,48.54
2008-08-04,47.91,48.21,47.4,47.7,891300.0,47.7
2008-08-01,48.19,48.71,47.84,47.94,1030100.0,47.94
2008-07-31,49.27,50.26,48.06,48.2,1339700.0,48.2
2008-07-30,50.1,50.47,49.42,50.06,620000.0,50.06
2008-07-29,48.96,50.06,48.73,50.06,638000.0,50.06
2008-07-28,49.27,50.05,48.6,48.74,540400.0,48.74
2008-07-25,48.98,49.81,48.71,49.65,594300.0,49.65
2008-07-24,50.43,50.59,48.83,48.93,867500.0,48.93
2008-07-23,50.9,51.95,50.4,50.71,591400.0,50.71
2008-07-22,49.31,50.97,49.04,50.86,1024500.0,50.86
2008-07-21,50.57,50.65,48.91,49.25,1137800.0,49.25
2008-07-18,49.96,50.72,49.68,50.55,1140400.0,50.55
2008-07-17,50.11,50.28,49.44,49.94,1154200.0,49.94
2008-07-16,49.32,50.45,49.14,50.05,575000.0,50.05
2008-07-15,49.91,50.13,48.67,49.41,972700.0,49.41
2008-07-14,50.97,51.01,49.82,49.92,645800.0,49.92
2008-07-11,50.25,51.2,49.85,50.52,682300.0,50.52
2008-07-10,51.04,51.38,50.38,50.9,1371300.0,50.9
2008-07-09,51.81,52.46,51.12,51.12,934800.0,51.12
2008-07-08,51.64,52.18,51.08,51.65,1342000.0,51.65
2008-07-07,51.76,52.95,50.7,51.56,1823400.0,51.56
2008-07-03,51.57,52.01,50.95,51.48,402800.0,51.48
2008-07-02,52.39,52.75,50.89,50.89,1111500.0,50.89
2008-07-01,53.02,53.25,52.13,52.39,833000.0,52.39
2008-06-30,52.44,53.9,52.32,53.49,1123800.0,53.49
2008-06-27,52.82,53.13,52.36,52.48,631800.0,52.48
2008-06-26,53.24,53.57,52.84,52.84,576700.0,52.84
2008-06-25,54.0,54.51,53.27,53.74,937200.0,53.74
2008-06-24,54.69,55.05,53.9,53.93,815300.0,53.93
2008-06-23,55.5,55.6,54.89,55.1,747300.0,55.1
2008-06-20,55.43,55.84,55.07,55.4,811000.0,55.4
2008-06-19,55.04,55.9,54.88,55.64,765900.0,55.64
2008-06-18,55.98,56.15,54.92,55.07,1003400.0,55.07
2008-06-17,57.14,57.2,56.32,56.43,685900.0,56.43
2008-06-16,56.19,57.2,55.55,57.08,945300.0,57.08
2008-06-13,54.43,56.47,54.07,56.46,2341800.0,56.46
2008-06-12,53.57,54.5,53.14,54.29,1152300.0,54.29
2008-06-11,53.39,53.86,53.01,53.2,615800.0,53.2
2008-06-10,53.39,53.97,52.92,53.8,752000.0,53.8
2008-06-09,53.19,54.0,52.5,53.66,954600.0,53.66
2008-06-06,54.35,54.58,52.59,52.59,1042800.0,52.59
2008-06-05,54.3,54.87,54.03,54.85,592900.0,54.85
2008-06-04,53.95,54.65,53.76,54.32,758800.0,54.32
2008-06-03,53.01,54.5,53.01,54.18,1380500.0,54.18
2008-06-02,54.28,54.29,52.97,53.3,433200.0,53.3
2008-05-30,54.27,54.36,53.73,54.2,685000.0,54.2
2008-05-29,53.85,54.31,53.5,54.0,553500.0,54.0
2008-05-28,53.69,54.14,53.42,53.74,651900.0,53.74
2008-05-27,53.25,53.93,52.9,53.63,863300.0,53.63
2008-05-23,53.58,53.71,52.9,52.9,556100.0,52.9
2008-05-22,53.48,54.07,53.3,53.76,1258300.0,53.76
2008-05-21,54.44,54.86,53.56,53.69,705500.0,53.69
2008-05-20,54.46,54.59,53.88,54.18,572900.0,54.18
2008-05-19,54.91,55.0,54.23,54.54,755300.0,54.54
2008-05-16,54.99,55.0,53.76,54.91,1009400.0,54.91
2008-05-15,55.5,55.59,54.5,55.0,871600.0,55.0
2008-05-14,55.63,55.96,55.17,55.5,945600.0,55.5
2008-05-13,54.38,55.74,54.07,55.51,1917100.0,55.51
2008-05-12,53.06,54.6,53.06,54.47,1072800.0,54.47
2008-05-09,52.69,53.24,52.56,53.09,433400.0,53.09
2008-05-08,52.64,53.61,52.53,53.21,456600.0,53.21
2008-05-07,54.05,54.29,52.26,52.55,1005600.0,52.55
2008-05-06,53.39,54.78,52.9,54.41,914000.0,54.41
2008-05-05,54.47,54.47,53.1,53.8,754300.0,53.8
2008-05-02,57.13,57.4,53.75,54.55,2227700.0,54.55
2008-05-01,52.75,54.08,52.75,53.9,1701600.0,53.9
2008-04-30,52.83,53.42,51.92,52.97,1026300.0,52.97
2008-04-29,53.95,54.13,52.66,52.79,1491800.0,52.79
2008-04-28,52.17,52.97,51.97,52.61,1151400.0,52.61
2008-04-25,52.05,52.24,51.4,51.94,486800.0,51.94
2008-04-24,51.95,52.18,51.73,51.87,916600.0,51.87
2008-04-23,51.18,52.01,51.09,51.98,568600.0,51.98
2008-04-22,51.65,51.67,50.39,50.92,536300.0,50.92
2008-04-21,51.31,51.95,51.31,51.67,722700.0,51.67
2008-04-18,50.49,52.34,50.49,52.09,1345500.0,52.09
2008-04-17,51.5,52.13,51.24,51.91,1267400.0,51.91
2008-04-16,50.19,51.6,50.01,51.32,964300.0,51.32
2008-04-15,50.13,50.19,49.55,50.05,766700.0,50.05
2008-04-14,50.5,50.52,49.81,50.07,772900.0,50.07
2008-04-11,50.38,51.54,50.38,50.71,1017600.0,50.71
2008-04-10,49.86,50.6,49.8,50.57,349300.0,50.57
2008-04-09,51.04,51.33,49.69,49.95,302800.0,49.95
2008-04-08,51.14,51.51,50.66,50.92,350700.0,50.92
2008-04-07,51.8,52.0,51.19,51.66,465000.0,51.66
2008-04-04,51.36,51.69,51.09,51.56,360700.0,51.56
2008-04-03,50.72,51.48,50.72,51.36,348500.0,51.36
2008-04-02,51.38,51.7,50.94,51.22,536500.0,51.22
2008-04-01,50.54,51.49,50.54,51.15,810100.0,51.15
2008-03-31,50.5,50.57,49.45,50.11,825800.0,50.11
2008-03-28,50.11,51.2,50.11,50.34,813200.0,50.34
2008-03-27,50.85,51.26,49.72,49.76,690000.0,49.76
2008-03-26,50.88,51.07,49.96,50.5,810500.0,50.5
2008-03-25,50.32,51.2,50.13,51.05,721800.0,51.05
2008-03-24,49.28,50.13,49.0,50.13,997000.0,50.13
2008-03-20,47.62,49.27,47.28,49.18,1747100.0,49.18
2008-03-19,49.68,49.99,47.32,47.43,1657300.0,47.43
2008-03-18,49.51,49.64,48.45,49.35,1217400.0,49.35
2008-03-17,48.91,49.43,48.18,48.68,1148000.0,48.68
2008-03-14,50.22,50.62,48.59,49.72,987600.0,49.72
2008-03-13,49.32,50.43,49.12,50.12,630800.0,50.12
2008-03-12,50.22,51.09,49.72,49.89,727600.0,49.89
2008-03-11,50.57,50.63,49.22,50.0,844200.0,50.0
2008-03-10,50.2,50.25,49.5,49.73,745400.0,49.73
2008-03-07,49.51,50.21,49.41,50.05,761300.0,50.05
2008-03-06,50.47,50.54,49.58,49.82,930200.0,49.82
2008-03-05,52.05,52.08,50.04,50.61,1030200.0,50.61
2008-03-04,51.08,52.58,50.87,52.04,1352300.0,52.04
2008-03-03,50.4,51.37,50.14,51.37,1013000.0,51.37
2008-02-29,52.34,52.49,50.39,50.75,1399300.0,50.75
2008-02-28,51.8,53.23,51.8,52.77,1023400.0,52.77
2008-02-27,52.24,52.97,51.28,52.66,782900.0,52.66
2008-02-26,52.08,52.78,51.82,52.66,859600.0,52.66
2008-02-25,51.37,52.23,51.1,52.22,952600.0,52.22
2008-02-22,50.99,51.47,50.37,51.03,710000.0,51.03
2008-02-21,52.2,52.42,50.88,50.91,1147400.0,50.91
2008-02-20,50.43,52.0,50.43,51.94,1086300.0,51.94
2008-02-19,50.82,51.29,50.43,50.8,1618700.0,50.8
2008-02-15,50.19,50.34,49.64,50.34,714500.0,50.34
2008-02-14,50.86,51.28,50.11,50.57,791600.0,50.57
2008-02-13,51.14,51.3,50.53,50.95,978900.0,50.95
2008-02-12,50.3,51.8,50.0,50.64,1382100.0,50.64
2008-02-11,49.38,50.0,49.24,49.83,510400.0,49.83
2008-02-08,50.56,50.88,49.04,49.49,637500.0,49.49
2008-02-07,48.86,50.49,48.8,50.49,1241700.0,50.49
2008-02-06,49.7,50.24,48.76,48.95,1035100.0,48.95
2008-02-05,48.9,49.64,47.24,49.4,1326300.0,49.4
2008-02-04,48.87,50.51,48.62,49.46,1127100.0,49.46
2008-02-01,49.54,51.0,48.35,48.87,1812400.0,48.87
2008-01-31,45.82,48.75,45.8,48.75,1234100.0,48.75
2008-01-30,45.86,46.74,45.14,45.9,734200.0,45.9
2008-01-29,45.38,45.93,44.4,45.75,1162000.0,45.75
2008-01-28,44.6,44.9,43.95,44.84,610800.0,44.84
2008-01-25,44.96,45.1,43.98,44.63,1049400.0,44.63
2008-01-24,45.53,45.53,44.24,44.62,1102600.0,44.62
2008-01-23,41.4,45.45,41.4,45.15,1088300.0,45.15
2008-01-22,41.89,43.88,41.89,43.36,1610800.0,43.36
2008-01-18,44.47,45.19,43.3,43.59,1482300.0,43.59
2008-01-17,44.68,44.73,43.77,44.25,1245000.0,44.25
2008-01-16,43.73,44.9,42.63,44.63,1390300.0,44.63
2008-01-15,43.51,43.91,42.95,43.05,988100.0,43.05
2008-01-14,43.13,44.21,42.78,43.96,1551100.0,43.96
2008-01-11,41.12,42.58,41.0,42.44,1733600.0,42.44
2008-01-10,41.14,42.0,41.01,41.43,708300.0,41.43
2008-01-09,41.03,41.25,40.43,41.07,970000.0,41.07
2008-01-08,41.77,41.82,40.93,41.05,900500.0,41.05
2008-01-07,42.25,42.48,41.29,41.71,648400.0,41.71
2008-01-04,42.79,42.8,41.76,42.08,754900.0,42.08
2008-01-03,43.51,43.69,42.87,43.32,520000.0,43.32
2008-01-02,45.07,45.1,43.52,43.61,667100.0,43.61
2007-12-31,44.22,45.64,44.22,45.1,628800.0,45.1
2007-12-28,44.71,45.29,44.35,44.64,635700.0,44.64
2007-12-27,45.53,45.56,44.3,44.92,668300.0,44.92
2007-12-26,45.69,46.13,45.33,45.59,353600.0,45.59
2007-12-24,46.18,46.34,45.53,45.75,160700.0,45.75
2007-12-21,45.38,46.19,45.2,46.18,1610300.0,46.18
2007-12-20,44.84,45.21,44.65,44.99,1312200.0,44.99
2007-12-19,45.19,45.19,44.4,44.6,827400.0,44.6
2007-12-18,44.98,45.33,44.67,45.04,1536100.0,45.04
2007-12-17,44.16,45.0,44.16,44.65,1366300.0,44.65
2007-12-14,44.7,44.96,44.46,44.48,974600.0,44.48
2007-12-13,44.98,45.05,44.37,45.0,1221300.0,45.0
2007-12-12,45.67,46.12,44.77,45.22,1713900.0,45.22
2007-12-11,45.36,45.58,44.88,45.03,1630300.0,45.03
2007-12-10,44.82,45.77,44.53,45.19,1194800.0,45.19
2007-12-07,44.85,45.6,44.22,44.78,1175000.0,44.78
2007-12-06,44.27,45.0,44.16,44.67,1173600.0,44.67
2007-12-05,43.8,44.56,43.5,44.37,1600400.0,44.37
2007-12-04,42.75,43.98,42.64,43.62,1755200.0,43.62
2007-12-03,41.9,42.85,41.89,42.76,1658100.0,42.76
2007-11-30,42.21,42.7,41.78,41.96,1234200.0,41.96
2007-11-29,42.7,42.97,42.08,42.21,956900.0,42.21
2007-11-28,42.1,42.8,42.08,42.67,1357200.0,42.67
2007-11-27,41.48,42.72,41.48,42.1,2392000.0,42.1
2007-11-26,41.35,42.16,40.61,40.83,1253300.0,40.83
2007-11-23,40.45,41.57,40.27,41.43,521300.0,41.43
2007-11-21,40.33,40.67,39.46,40.39,1601900.0,40.39
2007-11-20,40.96,41.19,40.11,40.73,2268000.0,40.73
2007-11-19,41.6,41.75,40.73,40.81,1059900.0,40.81
2007-11-16,42.1,42.2,41.2,41.78,925300.0,41.78
2007-11-15,43.25,43.43,41.72,41.9,1456700.0,41.9
2007-11-14,44.77,44.84,43.43,43.43,1006200.0,43.43
2007-11-13,44.8,44.9,44.21,44.81,592100.0,44.81
2007-11-12,44.31,45.2,44.27,44.39,1200400.0,44.39
2007-11-09,44.75,45.05,44.28,44.5,827600.0,44.5
2007-11-08,44.52,45.25,44.2,45.2,1211900.0,45.2
2007-11-07,44.63,44.81,43.9,44.3,1159400.0,44.3
2007-11-06,45.55,45.55,44.03,44.67,691500.0,44.67
2007-11-05,46.61,46.92,44.81,45.51,792600.0,45.51
2007-11-02,48.04,48.04,46.18,47.14,1574200.0,47.14
2007-11-01,50.5,50.74,48.68,48.68,1302000.0,48.68
2007-10-31,50.39,51.2,49.6,50.66,1898700.0,50.66
2007-10-30,50.99,51.42,50.32,50.85,405200.0,50.85
2007-10-29,50.2,51.34,50.09,51.11,590800.0,51.11
2007-10-26,49.53,50.08,49.17,50.06,411900.0,50.06
2007-10-25,49.76,50.4,48.76,49.27,607900.0,49.27
2007-10-24,50.0,50.41,48.83,49.87,741700.0,49.87
2007-10-23,51.08,51.28,50.07,50.36,450000.0,50.36
2007-10-22,51.0,51.5,50.6,51.0,406300.0,51.0
2007-10-19,51.7,52.35,51.19,51.19,676000.0,51.19
2007-10-18,51.19,52.23,50.85,52.1,643100.0,52.1
2007-10-17,51.0,51.4,50.84,51.32,318300.0,51.32
2007-10-16,51.06,51.26,50.28,50.72,658100.0,50.72
2007-10-15,52.0,52.0,51.0,51.33,304800.0,51.33
2007-10-12,51.39,52.27,51.2,51.91,390500.0,51.91
2007-10-11,52.39,52.61,51.35,51.35,348800.0,51.35
2007-10-10,52.29,52.48,51.64,52.23,386600.0,52.23
2007-10-09,51.84,52.39,51.1,52.37,393900.0,52.37
2007-10-08,52.12,52.27,51.58,51.7,269800.0,51.7
2007-10-05,52.28,52.59,51.58,52.2,460000.0,52.2
2007-10-04,51.51,52.14,51.31,52.01,770800.0,52.01
2007-10-03,51.18,51.66,50.94,51.31,506900.0,51.31
2007-10-02,51.56,51.9,50.99,51.39,670800.0,51.39
2007-10-01,50.3,51.6,50.0,51.56,1037900.0,51.56
2007-09-28,49.1,50.24,49.0,50.24,655600.0,50.24
2007-09-27,49.62,49.75,49.15,49.23,415800.0,49.23
2007-09-26,49.62,49.65,49.28,49.41,380800.0,49.41
2007-09-25,49.56,49.69,49.4,49.46,366800.0,49.46
2007-09-24,49.84,49.87,49.39,49.7,556300.0,49.7
2007-09-21,50.4,50.4,49.25,49.89,823500.0,49.89
2007-09-20,49.53,50.44,49.53,49.88,961300.0,49.88
2007-09-19,49.89,49.89,49.21,49.53,1132300.0,49.53
2007-09-18,49.54,49.73,48.98,49.45,797800.0,49.45
2007-09-17,49.2,49.79,49.12,49.49,517900.0,49.49
2007-09-14,49.5,50.0,49.29,49.48,304600.0,49.48
2007-09-13,50.08,50.08,49.54,49.76,690400.0,49.76
2007-09-12,49.3,49.95,49.01,49.65,438800.0,49.65
2007-09-11,49.63,50.0,49.12,49.47,526100.0,49.47
2007-09-10,50.13,50.28,49.26,49.75,402200.0,49.75
2007-09-07,50.29,50.29,49.52,50.0,428400.0,50.0
2007-09-06,50.17,50.47,49.48,50.3,419200.0,50.3
2007-09-05,50.28,50.43,49.65,49.72,461600.0,49.72
2007-09-04,49.7,50.7,49.66,50.44,652700.0,50.44
2007-08-31,49.89,50.48,49.76,50.03,847000.0,50.03
2007-08-30,49.06,49.96,48.91,49.54,678300.0,49.54
2007-08-29,49.3,49.5,48.92,49.05,767400.0,49.05
2007-08-28,50.0,50.0,48.78,49.14,1054800.0,49.14
2007-08-27,48.48,49.94,48.39,49.15,760500.0,49.15
2007-08-24,48.86,49.05,47.94,48.49,1024200.0,48.49
2007-08-23,49.6,49.77,48.65,48.82,1486500.0,48.82
2007-08-22,50.2,50.93,48.76,49.29,2234300.0,49.29
2007-08-21,50.43,51.42,50.26,50.95,1506700.0,50.95
2007-08-20,49.91,50.55,49.64,50.38,683300.0,50.38
2007-08-17,49.5,50.35,49.35,49.87,1681700.0,49.87
2007-08-16,50.0,50.26,48.5,48.96,1555300.0,48.96
2007-08-15,49.99,51.58,49.97,50.29,1144300.0,50.29
2007-08-14,49.24,50.89,47.85,49.99,1576300.0,49.99
2007-08-13,47.03,49.93,47.03,49.24,1113200.0,49.24
2007-08-10,47.1,49.01,45.52,48.49,1939600.0,48.49
2007-08-09,49.62,50.5,47.23,47.45,1964800.0,47.45
2007-08-08,51.67,52.09,50.1,50.54,1504300.0,50.54
2007-08-07,50.67,52.12,50.67,51.56,1223300.0,51.56
2007-08-06,51.5,51.67,50.03,51.03,870500.0,51.03
2007-08-03,53.23,53.29,50.99,51.5,1150000.0,51.5
2007-08-02,52.91,54.04,52.91,53.28,549700.0,53.28
2007-08-01,53.47,53.65,52.13,52.95,1397100.0,52.95
2007-07-31,54.3,54.3,53.51,53.66,1226800.0,53.66
2007-07-30,53.0,55.0,52.56,54.4,1102700.0,54.4
2007-07-27,50.69,56.95,50.69,53.2,1633300.0,53.2
2007-07-26,53.41,53.69,52.18,53.02,1416200.0,53.02
2007-07-25,55.08,55.18,53.66,54.0,741000.0,54.0
2007-07-24,55.5,55.9,54.5,54.66,861200.0,54.66
2007-07-23,56.8,56.89,55.74,55.83,473300.0,55.83
2007-07-20,56.7,57.18,56.22,56.92,1593200.0,56.92
2007-07-19,56.4,56.88,56.07,56.7,704200.0,56.7
2007-07-18,56.46,56.55,55.34,56.26,1094700.0,56.26
2007-07-17,56.55,56.72,56.39,56.72,239700.0,56.72
2007-07-16,56.42,56.69,56.38,56.42,416400.0,56.42
2007-07-13,56.9,57.03,56.41,56.62,489900.0,56.62
2007-07-12,57.55,57.55,55.67,56.75,965200.0,56.75
2007-07-11,57.56,57.87,57.29,57.43,266800.0,57.43
2007-07-10,57.65,58.3,57.53,57.6,684300.0,57.6
2007-07-09,58.2,58.28,57.71,58.09,228400.0,58.09
2007-07-06,57.72,58.7,57.67,58.05,406200.0,58.05
2007-07-05,57.35,57.97,55.4,57.81,459300.0,57.81
2007-07-03,57.51,57.75,57.16,57.36,185500.0,57.36
2007-07-02,57.04,57.51,56.63,57.5,354200.0,57.5
2007-06-29,57.19,57.97,56.72,56.72,637800.0,56.72
2007-06-28,57.98,58.02,57.19,57.19,216700.0,57.19
2007-06-27,56.79,58.23,56.3,58.04,537900.0,58.04
2007-06-26,56.94,57.36,56.42,56.79,558200.0,56.79
2007-06-25,57.54,57.69,56.44,56.74,1075600.0,56.74
2007-06-22,58.29,58.4,57.4,57.53,1492100.0,57.53
2007-06-21,58.51,58.72,58.22,58.29,428200.0,58.29
2007-06-20,58.71,59.12,58.69,58.76,535200.0,58.76
2007-06-19,59.0,59.09,58.36,58.7,665300.0,58.7
2007-06-18,58.93,59.23,58.86,58.96,381700.0,58.96
2007-06-15,59.3,59.5,58.9,58.92,1001000.0,58.92
2007-06-14,59.21,59.5,59.04,59.13,468400.0,59.13
2007-06-13,59.17,59.92,59.02,59.3,684700.0,59.3
2007-06-12,59.45,59.59,58.92,59.03,1832300.0,59.03
2007-06-11,60.01,60.03,59.45,59.79,2752300.0,59.79
2007-06-08,57.5,58.33,57.09,58.26,758200.0,58.26
2007-06-07,57.88,58.15,57.34,57.34,1160500.0,57.34
2007-06-06,58.23,58.31,57.93,57.97,864200.0,57.97
2007-06-05,58.15,58.44,58.14,58.2,1126400.0,58.2
2007-06-04,58.35,58.43,58.21,58.21,1064600.0,58.21
2007-06-01,58.65,58.74,58.29,58.4,1076400.0,58.4
2007-05-31,58.35,58.62,58.24,58.35,1143900.0,58.35
2007-05-30,58.23,58.46,57.88,58.28,962000.0,58.28
2007-05-29,58.05,58.52,58.05,58.23,924800.0,58.23
2007-05-25,58.97,59.08,58.18,58.21,894400.0,58.21
2007-05-24,59.7,59.77,58.72,58.76,853800.0,58.76
2007-05-23,59.75,59.81,59.66,59.71,595800.0,59.71
2007-05-22,59.61,60.0,59.55,59.73,383800.0,59.73
2007-05-21,59.25,59.98,59.25,59.6,595600.0,59.6
2007-05-18,59.25,59.34,59.1,59.27,694500.0,59.27
2007-05-17,59.3,59.35,59.06,59.11,536100.0,59.11
2007-05-16,59.3,59.39,59.2,59.35,331000.0,59.35
2007-05-15,59.28,59.35,59.2,59.28,419700.0,59.28
2007-05-14,59.35,59.39,59.15,59.3,577100.0,59.3
2007-05-11,59.3,59.51,59.11,59.36,583900.0,59.36
2007-05-10,59.31,59.6,59.15,59.19,879200.0,59.19
2007-05-09,59.25,59.39,59.12,59.36,743400.0,59.36
2007-05-08,59.46,59.6,59.29,59.33,758500.0,59.33
2007-05-07,59.69,59.9,59.43,59.53,553900.0,59.53
2007-05-04,59.98,59.98,59.61,59.68,628000.0,59.68
2007-05-03,59.91,59.99,59.81,59.9,484500.0,59.9
2007-05-02,60.0,60.26,59.77,59.84,1438500.0,59.84
2007-05-01,60.1,60.59,59.16,59.91,667600.0,59.91
2007-04-30,60.37,60.59,59.9,59.91,1117100.0,59.91
2007-04-27,60.78,60.79,60.3,60.47,1100000.0,60.47
2007-04-26,60.8,61.0,60.46,60.81,848300.0,60.81
2007-04-25,61.04,61.12,60.5,60.89,940600.0,60.89
2007-04-24,61.6,61.6,60.6,61.03,1966700.0,61.03
2007-04-23,60.75,61.67,60.35,61.45,6611100.0,61.45
2007-04-20,59.5,59.52,58.74,58.75,860500.0,58.75
2007-04-19,59.34,59.45,58.94,59.2,404800.0,59.2
2007-04-18,59.48,59.89,59.2,59.34,658300.0,59.34
2007-04-17,59.16,59.63,59.01,59.48,758500.0,59.48
2007-04-16,59.2,59.6,59.04,59.15,592000.0,59.15
2007-04-13,59.11,59.32,58.76,59.12,401700.0,59.12
2007-04-12,58.67,59.2,58.58,59.1,542200.0,59.1
2007-04-11,58.55,58.75,58.12,58.66,911000.0,58.66
2007-04-10,58.68,58.82,58.47,58.61,564600.0,58.61
2007-04-09,58.76,58.84,58.28,58.56,738400.0,58.56
2007-04-05,58.74,59.0,58.6,58.86,521100.0,58.86
2007-04-04,58.64,58.88,58.46,58.74,738100.0,58.74
2007-04-03,58.75,59.17,58.62,58.77,651100.0,58.77
2007-04-02,58.68,58.97,58.6,58.77,857500.0,58.77
2007-03-30,59.0,59.1,58.63,58.88,1047600.0,58.88
2007-03-29,59.15,59.25,58.85,59.01,1196500.0,59.01
2007-03-28,58.9,59.21,58.8,59.1,1171800.0,59.1
2007-03-27,59.25,59.32,59.0,59.01,751400.0,59.01
2007-03-26,59.15,59.59,58.86,59.45,1334900.0,59.45
2007-03-23,59.15,59.53,58.85,59.34,1140200.0,59.34
2007-03-22,59.35,59.53,58.95,59.25,2747700.0,59.25
2007-03-21,59.26,59.99,59.26,59.53,5897800.0,59.53
2007-03-20,60.53,60.63,59.6,59.95,9498100.0,59.95
2007-03-19,50.98,51.42,50.94,51.29,365800.0,51.29
2007-03-16,51.6,51.75,50.88,50.97,741200.0,50.97
2007-03-15,50.72,51.88,50.7,51.56,705100.0,51.56
2007-03-14,50.6,50.9,50.05,50.82,505900.0,50.82
2007-03-13,51.42,51.47,50.6,50.6,535500.0,50.6
2007-03-12,50.93,51.65,50.93,51.54,496700.0,51.54
2007-03-09,51.02,51.22,50.44,50.93,437700.0,50.93
2007-03-08,51.1,51.5,50.77,50.93,764100.0,50.93
2007-03-07,51.15,51.31,50.83,50.84,447700.0,50.84
2007-03-06,51.23,51.54,51.0,51.33,558200.0,51.33
2007-03-05,51.0,51.5,50.83,50.97,660100.0,50.97
2007-03-02,51.65,51.71,51.0,51.04,351200.0,51.04
2007-03-01,50.2,52.11,50.07,51.84,494800.0,51.84
2007-02-28,51.78,52.62,51.74,51.97,605300.0,51.97
2007-02-27,53.29,53.29,51.47,51.78,954600.0,51.78
2007-02-26,54.1,54.26,53.4,53.53,375500.0,53.53
2007-02-23,54.42,54.42,53.65,54.01,497500.0,54.01
2007-02-22,54.35,54.5,53.84,54.43,390500.0,54.43
2007-02-21,54.08,54.4,53.74,54.09,532400.0,54.09
2007-02-20,54.24,54.49,53.78,54.33,521600.0,54.33
2007-02-16,53.9,54.29,53.72,54.13,929400.0,54.13
2007-02-15,53.45,54.34,53.45,53.87,1235100.0,53.87
2007-02-14,53.08,54.12,52.1,53.44,3424600.0,53.44
2007-02-13,50.4,50.65,50.13,50.47,699600.0,50.47
2007-02-12,49.38,50.59,49.38,50.44,1160500.0,50.44
2007-02-09,49.68,50.25,49.28,49.38,791700.0,49.38
2007-02-08,49.92,50.18,49.57,49.74,405700.0,49.74
2007-02-07,49.62,50.01,49.5,49.92,738500.0,49.92
2007-02-06,49.33,49.46,49.07,49.44,598900.0,49.44
2007-02-05,49.42,49.67,49.3,49.42,492100.0,49.42
2007-02-02,49.38,49.52,49.19,49.48,862200.0,49.48
2007-02-01,49.23,49.28,48.89,49.17,1302100.0,49.17
2007-01-31,48.5,49.26,48.01,48.99,3435400.0,48.99
2007-01-30,49.0,49.1,48.6,48.73,599400.0,48.73
2007-01-29,49.15,49.4,48.9,49.02,903700.0,49.02
2007-01-26,49.24,49.52,48.98,49.33,496800.0,49.33
2007-01-25,49.25,49.82,49.22,49.46,1037200.0,49.46
2007-01-24,48.55,49.2,48.55,49.19,859800.0,49.19
2007-01-23,48.05,48.41,47.79,48.23,1028800.0,48.23
2007-01-22,48.79,48.8,47.86,48.0,1051300.0,48.0
2007-01-19,48.66,48.9,48.31,48.85,495200.0,48.85
2007-01-18,49.0,49.1,48.61,48.65,654900.0,48.65
2007-01-17,48.88,49.26,48.7,49.04,573300.0,49.04
2007-01-16,48.84,49.08,48.57,48.88,816200.0,48.88
2007-01-12,48.88,49.19,48.76,48.86,439700.0,48.86
2007-01-11,48.53,48.89,48.53,48.78,555500.0,48.78
2007-01-10,48.5,48.74,48.3,48.67,528300.0,48.67
2007-01-09,48.6,48.74,48.35,48.55,807800.0,48.55
2007-01-08,48.7,48.86,48.2,48.56,743600.0,48.56
2007-01-05,49.22,49.22,48.65,48.95,514500.0,48.95
2007-01-04,49.19,49.35,48.84,49.14,513900.0,49.14
2007-01-03,48.88,49.56,48.71,49.15,819700.0,49.15
2006-12-29,48.94,49.22,48.7,48.84,667200.0,48.84
2006-12-28,49.26,49.37,48.87,49.04,540100.0,49.04
2006-12-27,48.73,49.6,48.73,49.36,214400.0,49.36
2006-12-26,48.81,49.47,48.8,49.15,334600.0,49.15
2006-12-22,49.05,49.12,48.78,48.96,464300.0,48.96
2006-12-21,49.05,49.48,48.96,49.17,273600.0,49.17
2006-12-20,49.03,49.35,49.03,49.08,245500.0,49.08
2006-12-19,49.05,49.25,48.56,49.06,589900.0,49.06
2006-12-18,49.09,49.3,48.85,49.09,569100.0,49.09
2006-12-15,49.3,49.44,48.97,49.09,1093000.0,49.09
2006-12-14,48.31,49.43,48.26,49.03,1645300.0,49.03
2006-12-13,49.74,49.87,48.06,48.19,1853000.0,48.19
2006-12-12,50.03,50.25,49.49,49.87,990500.0,49.87
2006-12-11,49.86,50.19,49.61,50.03,456500.0,50.03
2006-12-08,49.99,50.11,49.44,49.55,870800.0,49.55
2006-12-07,50.0,50.25,49.85,49.98,452100.0,49.98
2006-12-06,50.5,50.6,49.52,49.81,1157800.0,49.81
2006-12-05,50.77,50.95,50.34,50.65,506100.0,50.65
2006-12-04,50.47,51.17,50.47,50.86,376100.0,50.86
2006-12-01,50.85,50.85,50.02,50.37,475000.0,50.37
2006-11-30,50.4,50.8,50.2,50.55,554700.0,50.55
2006-11-29,50.0,50.55,49.86,50.48,485100.0,50.48
2006-11-28,49.9,50.12,49.5,49.85,484400.0,49.85
2006-11-27,53.14,53.6,50.05,50.25,1946700.0,50.25
2006-11-24,50.5,50.86,50.31,50.74,175300.0,50.74
2006-11-22,50.38,50.73,50.38,50.73,285000.0,50.73
2006-11-21,50.23,50.38,50.11,50.37,343400.0,50.37
2006-11-20,50.04,50.41,49.89,50.3,424700.0,50.3
2006-11-17,49.45,50.35,49.3,50.08,1040100.0,50.08
2006-11-16,49.4,49.75,49.34,49.47,384300.0,49.47
2006-11-15,49.59,49.78,49.12,49.24,487700.0,49.24
2006-11-14,48.9,49.59,48.84,49.59,476600.0,49.59
2006-11-13,48.74,49.07,48.72,48.9,390800.0,48.9
2006-11-10,48.35,48.81,48.3,48.73,326500.0,48.73
2006-11-09,48.72,48.93,48.22,48.39,828000.0,48.39
2006-11-08,48.61,49.06,48.55,48.85,449100.0,48.85
2006-11-07,48.69,48.95,48.58,48.73,388700.0,48.73
2006-11-06,48.71,49.09,48.47,48.81,453700.0,48.81
2006-11-03,48.86,49.0,48.17,48.58,716900.0,48.58
2006-11-02,49.5,49.59,48.19,48.65,1860400.0,48.65
2006-11-01,53.44,53.44,48.85,49.78,3046800.0,49.78
2006-10-31,53.7,53.85,53.35,53.48,648300.0,53.48
2006-10-30,53.58,53.73,53.34,53.67,532900.0,53.67
2006-10-27,53.4,53.8,53.18,53.57,558200.0,53.57
2006-10-26,52.59,53.48,52.45,53.4,675500.0,53.4
2006-10-25,52.46,52.7,52.1,52.55,751200.0,52.55
2006-10-24,52.46,52.66,51.81,52.08,499900.0,52.08
2006-10-23,52.58,52.83,52.41,52.54,433300.0,52.54
2006-10-20,52.8,52.95,52.11,52.41,343200.0,52.41
2006-10-19,52.5,52.84,52.19,52.69,411600.0,52.69
2006-10-18,52.33,52.86,52.22,52.75,547600.0,52.75
2006-10-17,51.85,52.31,51.59,52.18,443600.0,52.18
2006-10-16,52.11,52.39,51.65,52.1,307900.0,52.1
2006-10-13,52.48,52.5,52.0,52.26,465300.0,52.26
2006-10-12,51.89,52.32,51.74,52.25,438000.0,52.25
2006-10-11,51.5,51.89,51.21,51.68,352700.0,51.68
2006-10-10,51.67,51.96,51.5,51.74,335300.0,51.74
2006-10-09,51.48,51.81,51.26,51.53,275200.0,51.53
2006-10-06,51.55,51.98,51.38,51.48,555600.0,51.48
2006-10-05,51.08,51.95,50.8,51.85,451700.0,51.85
2006-10-04,50.37,51.49,50.25,51.28,689200.0,51.28
2006-10-03,50.92,50.92,50.32,50.84,902200.0,50.84
2006-10-02,51.86,51.99,50.76,50.94,738900.0,50.94
2006-09-29,52.55,52.88,51.86,51.86,431700.0,51.86
2006-09-28,51.95,52.5,51.54,52.42,518300.0,52.42
2006-09-27,52.25,52.45,51.66,51.95,485000.0,51.95
2006-09-26,51.27,52.39,50.75,52.12,1093800.0,52.12
2006-09-25,52.25,53.14,52.2,52.63,593400.0,52.63
2006-09-22,52.39,52.39,51.47,51.9,321000.0,51.9
2006-09-21,52.67,52.94,52.35,52.38,430800.0,52.38
2006-09-20,52.52,52.97,52.36,52.67,289100.0,52.67
2006-09-19,52.64,52.7,52.01,52.27,521100.0,52.27
2006-09-18,52.81,53.54,52.5,52.58,441600.0,52.58
2006-09-15,53.31,53.44,52.61,52.61,543700.0,52.61
2006-09-14,53.1,53.3,52.86,53.04,333800.0,53.04
2006-09-13,53.2,53.39,52.46,53.06,515000.0,53.06
2006-09-12,53.12,53.44,52.94,53.43,404200.0,53.43
2006-09-11,52.98,53.06,52.53,52.88,306300.0,52.88
2006-09-08,52.35,53.39,52.35,52.98,399500.0,52.98
2006-09-07,52.6,52.83,52.15,52.45,447200.0,52.45
2006-09-06,53.8,54.16,52.5,52.7,1026100.0,52.7
2006-09-05,52.75,53.78,52.68,53.71,1465100.0,53.71
2006-09-01,51.5,51.61,51.28,51.46,238200.0,51.46
2006-08-31,51.32,51.61,50.72,51.34,535100.0,51.34
2006-08-30,51.3,51.64,51.3,51.37,444600.0,51.37
2006-08-29,51.46,51.52,50.79,51.29,686000.0,51.29
2006-08-28,51.6,51.89,51.45,51.45,432300.0,51.45
2006-08-25,51.37,52.08,51.37,51.69,702700.0,51.69
2006-08-24,51.49,51.82,51.25,51.56,776800.0,51.56
2006-08-23,51.1,51.78,51.1,51.4,749600.0,51.4
2006-08-22,51.09,51.86,51.08,51.29,825300.0,51.29
2006-08-21,51.53,51.57,51.04,51.08,999700.0,51.08
2006-08-18,51.0,51.65,50.91,51.53,864800.0,51.53
2006-08-17,50.26,51.68,50.2,51.27,1115300.0,51.27
2006-08-16,49.8,50.72,49.58,50.41,1200900.0,50.41
2006-08-15,49.02,49.7,48.79,49.62,1240200.0,49.62
2006-08-14,48.48,49.22,48.3,48.76,958900.0,48.76
2006-08-11,48.52,48.73,48.15,48.29,1173500.0,48.29
2006-08-10,47.84,49.21,47.32,48.85,2624000.0,48.85
2006-08-09,50.5,50.85,49.08,49.11,1336200.0,49.11
2006-08-08,50.5,50.98,50.2,50.2,1212200.0,50.2
2006-08-07,52.05,52.06,48.71,50.4,3301700.0,50.4
2006-08-04,52.96,53.53,52.65,52.8,1399500.0,52.8
2006-08-03,51.9,52.82,51.87,52.65,988200.0,52.65
2006-08-02,50.75,52.1,50.7,51.9,1243700.0,51.9
2006-08-01,50.93,51.3,50.41,50.6,858700.0,50.6
2006-07-31,50.24,51.16,50.1,50.93,952100.0,50.93
2006-07-28,50.2,50.57,50.11,50.47,1459700.0,50.47
2006-07-27,50.2,50.77,50.04,50.05,1210100.0,50.05
2006-07-26,50.07,50.5,49.88,50.02,1102500.0,50.02
2006-07-25,49.45,50.51,49.45,50.32,1278300.0,50.32
2006-07-24,49.15,49.8,49.09,49.7,1146100.0,49.7
2006-07-21,49.09,49.56,48.88,49.06,1377600.0,49.06
2006-07-20,49.41,49.9,48.96,48.96,1043500.0,48.96
2006-07-19,49.01,49.81,48.99,49.54,1409100.0,49.54
2006-07-18,49.1,49.6,48.55,48.94,1210800.0,48.94
2006-07-17,49.21,49.9,49.0,49.22,942800.0,49.22
2006-07-14,49.36,49.79,48.93,49.3,1145600.0,49.3
2006-07-13,49.88,50.37,49.3,49.41,1338000.0,49.41
2006-07-12,50.85,51.05,49.91,50.07,1299300.0,50.07
2006-07-11,50.8,51.22,50.39,50.92,1497200.0,50.92
2006-07-10,51.21,51.5,50.66,50.82,1135100.0,50.82
2006-07-07,51.95,52.13,51.18,51.22,1150600.0,51.22
2006-07-06,51.65,52.2,51.64,52.0,1251000.0,52.0
2006-07-05,51.78,52.06,51.6,51.73,1413600.0,51.73
2006-07-03,51.75,52.14,51.71,51.78,531200.0,51.78
2006-06-30,51.68,52.19,51.47,51.61,1503300.0,51.61
2006-06-29,50.95,51.81,50.91,51.68,1485000.0,51.68
2006-06-28,50.65,51.13,50.17,50.81,1330600.0,50.81
2006-06-27,51.04,51.6,50.51,50.51,1415300.0,50.51
2006-06-26,50.64,51.4,50.51,51.2,1619100.0,51.2
2006-06-23,49.6,51.1,49.6,50.63,1926100.0,50.63
2006-06-22,48.83,49.68,48.7,49.6,1601500.0,49.6
2006-06-21,48.83,49.49,48.6,48.99,1559600.0,48.99
2006-06-20,48.69,49.21,48.5,48.6,2142400.0,48.6
2006-06-19,49.05,49.73,48.33,48.79,2273700.0,48.79
2006-06-16,49.28,49.93,48.76,48.9,3045300.0,48.9
2006-06-15,48.33,49.77,48.33,49.41,1529500.0,49.41
2006-06-14,47.94,48.5,47.81,48.15,2193700.0,48.15
2006-06-13,48.0,48.78,47.55,48.06,3432000.0,48.06
2006-06-12,48.25,48.25,46.5,46.74,1409700.0,46.74
2006-06-09,47.7,48.81,47.6,48.31,1329300.0,48.31
2006-06-08,47.62,48.13,47.05,47.67,2520500.0,47.67
2006-06-07,48.5,48.8,47.61,47.62,1159800.0,47.62
2006-06-06,49.11,49.15,48.23,48.5,998300.0,48.5
2006-06-05,49.68,49.85,48.8,49.1,843400.0,49.1
2006-06-02,49.85,50.26,49.62,50.05,725900.0,50.05
2006-06-01,49.85,50.12,49.47,49.74,1362200.0,49.74
2006-05-31,49.4,50.33,49.25,49.92,2274200.0,49.92
2006-05-30,48.85,49.63,48.44,49.05,1523200.0,49.05
2006-05-26,48.9,49.31,48.4,49.18,1390600.0,49.18
2006-05-25,49.9,50.22,48.95,49.39,1385600.0,49.39
2006-05-24,49.18,50.2,48.92,50.02,2922700.0,50.02
2006-05-23,50.1,50.25,49.12,49.17,2576900.0,49.17
2006-05-22,50.95,51.05,49.77,49.85,2468000.0,49.85
2006-05-19,51.51,51.75,50.84,51.34,1391500.0,51.34
2006-05-18,52.76,52.76,51.0,51.5,2161100.0,51.5
2006-05-17,53.25,53.34,52.55,52.93,1352400.0,52.93
2006-05-16,54.25,54.87,53.42,53.6,1875600.0,53.6
2006-05-15,53.0,53.63,52.64,53.13,1935300.0,53.13
2006-05-12,50.98,53.5,50.14,53.32,3496100.0,53.32
2006-05-11,52.9,52.91,50.81,51.06,3966600.0,51.06
2006-05-10,54.05,54.11,53.14,53.33,1526800.0,53.33
2006-05-09,54.67,54.8,53.96,54.05,1110100.0,54.05
2006-05-08,54.5,54.86,54.35,54.69,862400.0,54.69
2006-05-05,54.24,54.61,54.02,54.44,1346900.0,54.44
2006-05-04,53.4,54.37,53.4,54.21,1579300.0,54.21
2006-05-03,52.7,53.59,52.66,53.51,2446500.0,53.51
2006-05-02,54.7,54.73,53.4,54.0,1895200.0,54.0
2006-05-01,55.65,55.82,54.43,54.5,2567700.0,54.5
2006-04-28,55.3,56.4,53.76,55.76,6161400.0,55.76
2006-04-27,58.58,59.5,58.25,58.95,964500.0,58.95
2006-04-26,58.24,59.43,58.24,58.57,994200.0,58.57
2006-04-25,58.62,59.18,57.99,58.24,1030500.0,58.24
2006-04-24,58.34,59.19,58.17,58.69,1294400.0,58.69
2006-04-21,58.25,58.59,57.96,58.16,1253400.0,58.16
2006-04-20,57.8,58.28,57.52,58.13,1007300.0,58.13
2006-04-19,58.27,58.27,57.5,57.87,2869800.0,57.87
2006-04-18,58.87,59.17,57.95,58.27,1522500.0,58.27
2006-04-17,59.21,59.22,58.74,58.81,636300.0,58.81
2006-04-13,59.15,59.54,58.93,59.23,390900.0,59.23
2006-04-12,59.5,59.5,58.96,59.15,403200.0,59.15
2006-04-11,60.15,60.29,58.92,59.35,932800.0,59.35
2006-04-10,59.91,60.35,59.75,60.15,806300.0,60.15
2006-04-07,60.15,60.39,59.6,59.75,558200.0,59.75
2006-04-06,58.85,60.25,58.85,60.0,722300.0,60.0
2006-04-05,59.75,59.99,58.87,59.4,863300.0,59.4
2006-04-04,59.55,59.87,59.32,59.81,961500.0,59.81
2006-04-03,59.91,60.05,59.15,59.35,941400.0,59.35
2006-03-31,59.6,60.04,59.6,59.66,902100.0,59.66
2006-03-30,60.0,60.23,59.63,59.72,1012300.0,59.72
2006-03-29,59.97,60.4,59.9,60.1,933400.0,60.1
2006-03-28,60.3,60.69,59.86,59.97,1171100.0,59.97
2006-03-27,61.0,61.03,59.26,60.27,2851200.0,60.27
2006-03-24,62.15,62.21,60.98,61.03,1642000.0,61.03
2006-03-23,63.05,63.15,62.23,62.3,761600.0,62.3
2006-03-22,62.98,63.1,62.8,63.07,803500.0,63.07
2006-03-21,63.05,63.28,62.78,62.98,1248300.0,62.98
2006-03-20,63.0,63.61,62.37,63.02,2323900.0,63.02
2006-03-17,63.34,63.34,63.07,63.08,2762500.0,63.08
2006-03-16,63.25,63.36,63.07,63.23,2463800.0,63.23
2006-03-15,63.3,63.34,63.07,63.2,1779900.0,63.2
2006-03-14,63.0,63.38,62.98,63.22,1277900.0,63.22
2006-03-13,63.0,63.28,62.95,63.0,913100.0,63.0
2006-03-10,63.15,63.5,63.0,63.4,1370900.0,63.4
2006-03-09,63.05,63.32,62.9,63.26,1360300.0,63.26
2006-03-08,62.8,63.1,62.66,63.08,1486000.0,63.08
2006-03-07,62.6,62.89,62.57,62.82,1165000.0,62.82
2006-03-06,61.91,62.88,61.9,62.61,1123900.0,62.61
2006-03-03,62.95,63.23,62.89,62.95,1136900.0,62.95
2006-03-02,63.12,63.25,62.88,63.1,1145500.0,63.1
2006-03-01,63.12,63.3,62.98,63.17,1149900.0,63.17
2006-02-28,63.21,63.64,62.85,62.92,1606500.0,62.92
2006-02-27,62.8,63.66,62.73,63.46,1727700.0,63.46
2006-02-24,62.5,63.0,62.45,62.97,1199400.0,62.97
2006-02-23,62.25,62.6,62.24,62.52,1177000.0,62.52
2006-02-22,62.04,62.5,61.98,62.5,1266600.0,62.5
2006-02-21,62.3,62.4,61.98,61.98,1206000.0,61.98
2006-02-17,62.12,62.66,62.1,62.18,1640100.0,62.18
2006-02-16,62.5,62.78,62.0,62.12,1456000.0,62.12
2006-02-15,62.5,62.67,62.43,62.51,806900.0,62.51
2006-02-14,62.42,62.85,62.27,62.6,977100.0,62.6
2006-02-13,62.5,62.59,62.26,62.49,907300.0,62.49
2006-02-10,62.42,62.8,62.35,62.51,657200.0,62.51
2006-02-09,62.5,62.73,62.24,62.4,1405400.0,62.4
2006-02-08,62.4,62.65,62.34,62.47,1564400.0,62.47
2006-02-07,62.52,62.81,62.18,62.3,1285000.0,62.3
2006-02-06,62.52,62.91,62.48,62.72,1157200.0,62.72
2006-02-03,62.5,62.83,62.3,62.52,1430100.0,62.52
2006-02-02,62.7,62.98,62.6,62.71,2600000.0,62.71
2006-02-01,62.5,62.99,62.3,62.85,1245700.0,62.85
2006-01-31,62.75,62.93,62.47,62.6,2090300.0,62.6
2006-01-30,62.85,63.04,62.63,62.77,3049000.0,62.77
2006-01-27,62.75,63.48,62.74,63.27,10922100.0,63.27
2006-01-26,56.2,57.35,56.15,57.17,2333600.0,57.17
2006-01-25,55.75,56.24,55.14,56.24,1182100.0,56.24
2006-01-24,55.95,56.41,55.34,55.77,967600.0,55.77
2006-01-23,56.18,56.26,55.91,56.03,982300.0,56.03
2006-01-20,56.08,56.35,55.85,55.96,2248800.0,55.96
2006-01-19,56.85,57.0,55.9,56.08,2645500.0,56.08
2006-01-18,56.0,57.02,55.99,56.55,2537300.0,56.55
2006-01-17,58.9,58.91,55.39,56.0,9044700.0,56.0
2006-01-13,59.9,60.5,59.9,60.32,780900.0,60.32
2006-01-12,59.8,60.17,59.5,59.96,1053600.0,59.96
2006-01-11,60.95,60.95,60.04,60.21,1212700.0,60.21
2006-01-10,61.05,61.31,60.44,60.75,1590100.0,60.75
2006-01-09,61.85,61.85,60.95,61.56,1362000.0,61.56
2006-01-06,61.35,62.05,61.35,61.97,1255800.0,61.97
2006-01-05,61.15,61.7,61.1,61.4,2362400.0,61.4
2006-01-04,61.13,61.87,61.11,61.13,1689500.0,61.13
2006-01-03,61.0,61.85,60.84,61.13,3159400.0,61.13
2005-12-30,59.02,59.36,58.94,59.18,604200.0,59.18
2005-12-29,59.9,60.23,59.25,59.3,1001900.0,59.3
2005-12-28,59.85,59.85,58.58,59.45,1223300.0,59.45
2005-12-27,61.0,61.0,59.26,59.68,2036500.0,59.68
2005-12-23,60.99,61.16,60.3,61.0,5899600.0,61.0
2005-12-22,56.64,58.68,56.61,58.08,1745400.0,58.08
2005-12-21,56.41,56.69,56.09,56.39,863700.0,56.39
2005-12-20,56.17,56.5,55.94,56.4,950500.0,56.4
2005-12-19,55.5,56.3,55.42,56.17,942700.0,56.17
2005-12-16,55.48,55.71,55.3,55.53,806800.0,55.53
2005-12-15,55.16,55.48,54.95,55.25,602200.0,55.25
2005-12-14,54.98,55.42,54.8,55.06,815000.0,55.06
2005-12-13,54.99,55.42,54.94,55.18,780600.0,55.18
2005-12-12,55.1,55.26,54.88,55.08,757500.0,55.08
2005-12-09,54.56,55.28,54.51,55.07,1522900.0,55.07
2005-12-08,55.09,55.16,54.12,54.37,766900.0,54.37
2005-12-07,55.05,55.35,54.8,55.09,677200.0,55.09
2005-12-06,55.75,55.8,55.15,55.16,593900.0,55.16
2005-12-05,56.46,56.52,55.47,55.5,787500.0,55.5
2005-12-02,56.51,56.75,56.35,56.39,568200.0,56.39
2005-12-01,55.89,56.76,55.7,56.63,685000.0,56.63
2005-11-30,55.77,56.0,55.31,55.78,917100.0,55.78
2005-11-29,55.45,56.26,55.45,55.71,656800.0,55.71
2005-11-28,55.6,55.97,55.02,55.08,522800.0,55.08
2005-11-25,55.38,55.6,55.28,55.48,339400.0,55.48
2005-11-23,55.7,55.83,55.34,55.4,1908900.0,55.4
2005-11-22,56.44,56.55,55.66,55.75,713400.0,55.75
2005-11-21,56.7,56.7,56.0,56.31,581500.0,56.31
2005-11-18,56.95,56.99,56.15,56.69,761600.0,56.69
2005-11-17,55.64,56.8,55.63,56.67,757700.0,56.67
2005-11-16,55.65,55.9,55.26,55.68,616800.0,55.68
2005-11-15,55.4,55.63,55.15,55.54,619900.0,55.54
2005-11-14,55.27,55.64,55.06,55.31,580200.0,55.31
2005-11-11,55.37,55.45,55.01,55.15,740400.0,55.15
2005-11-10,55.25,55.85,55.05,55.62,789300.0,55.62
2005-11-09,55.35,55.64,55.15,55.33,633500.0,55.33
2005-11-08,55.58,55.62,55.03,55.1,732300.0,55.1
2005-11-07,56.4,56.45,55.65,55.66,1033900.0,55.66
2005-11-04,55.98,56.4,55.91,56.33,561000.0,56.33
2005-11-03,55.5,56.27,55.49,55.98,973000.0,55.98
2005-11-02,55.12,55.49,54.99,55.45,619200.0,55.45
2005-11-01,54.7,55.2,54.54,55.12,2338300.0,55.12
2005-10-31,53.2,54.32,53.02,54.11,1231900.0,54.11
2005-10-28,52.54,53.08,52.51,53.05,857900.0,53.05
2005-10-27,53.28,53.28,52.5,52.54,945900.0,52.54
2005-10-26,52.72,53.97,52.63,53.23,1550500.0,53.23
2005-10-25,53.25,53.27,52.4,52.68,1549900.0,52.68
2005-10-24,53.27,53.48,52.82,53.22,1828600.0,53.22
2005-10-21,50.75,53.69,50.75,53.14,5066300.0,53.14
2005-10-20,48.01,49.07,47.8,48.02,1556600.0,48.02
2005-10-19,47.94,48.68,47.52,48.01,1685600.0,48.01
2005-10-18,47.62,48.31,47.53,48.0,1645500.0,48.0
2005-10-17,48.05,48.96,47.29,48.05,2184500.0,48.05
2005-10-14,47.78,48.13,46.91,47.93,1536200.0,47.93
2005-10-13,47.79,48.16,47.22,47.53,1480500.0,47.53
2005-10-12,48.79,49.47,47.8,47.9,1346100.0,47.9
2005-10-11,49.31,49.5,48.5,48.75,1289700.0,48.75
2005-10-10,49.51,50.1,49.26,49.3,940200.0,49.3
2005-10-07,49.83,50.0,49.17,49.3,936400.0,49.3
2005-10-06,50.0,50.48,49.45,49.81,1497100.0,49.81
2005-10-05,51.07,51.07,49.99,50.0,1806600.0,50.0
2005-10-04,51.5,51.98,50.38,51.06,2332900.0,51.06
2005-10-03,54.32,54.61,50.78,51.18,5759200.0,51.18
2005-09-30,54.01,55.1,54.01,54.6,967600.0,54.6
2005-09-29,53.35,54.15,53.15,54.08,823900.0,54.08
2005-09-28,53.49,53.81,53.36,53.48,673900.0,53.48
2005-09-27,53.22,53.64,53.02,53.46,745300.0,53.46
2005-09-26,53.2,53.74,53.12,53.2,785500.0,53.2
2005-09-23,52.79,53.16,52.46,52.95,585200.0,52.95
2005-09-22,52.78,52.96,52.43,52.73,1223300.0,52.73
2005-09-21,53.46,53.46,52.63,52.75,867000.0,52.75
2005-09-20,53.87,54.2,53.46,53.46,661000.0,53.46
2005-09-19,53.7,53.84,53.0,53.49,599600.0,53.49
2005-09-16,53.0,53.99,52.94,53.94,1143900.0,53.94
2005-09-15,52.54,52.86,52.23,52.81,610000.0,52.81
2005-09-14,52.9,52.99,52.36,52.51,938000.0,52.51
2005-09-13,52.84,53.11,52.48,52.99,586700.0,52.99
2005-09-12,52.93,52.99,52.65,52.85,462600.0,52.85
2005-09-09,52.65,52.94,52.49,52.93,378600.0,52.93
2005-09-08,52.2,52.97,52.2,52.74,732900.0,52.74
2005-09-07,52.2,52.61,51.66,52.26,1293500.0,52.26
2005-09-06,52.7,52.94,52.54,52.82,704800.0,52.82
2005-09-02,52.37,52.79,52.08,52.6,701200.0,52.6
2005-09-01,51.9,52.37,51.61,52.36,890500.0,52.36
2005-08-31,51.53,51.96,51.31,51.95,839900.0,51.95
2005-08-30,51.52,51.84,51.27,51.58,1170400.0,51.58
2005-08-29,50.55,51.64,50.51,51.53,1038700.0,51.53
2005-08-26,50.2,51.01,50.19,50.8,649000.0,50.8
2005-08-25,50.3,50.56,49.95,50.24,550000.0,50.24
2005-08-24,50.8,50.98,50.01,50.01,648200.0,50.01
2005-08-23,51.11,51.39,50.68,50.86,409000.0,50.86
2005-08-22,51.25,51.97,50.95,51.11,568600.0,51.11
2005-08-19,51.45,51.71,51.14,51.2,804600.0,51.2
2005-08-18,51.2,51.57,51.06,51.31,924700.0,51.31
2005-08-17,51.4,51.96,51.16,51.21,1510700.0,51.21
2005-08-16,51.06,51.12,50.57,50.75,874600.0,50.75
2005-08-15,50.25,51.13,50.25,51.1,875900.0,51.1
2005-08-12,50.45,50.46,49.95,50.17,521200.0,50.17
2005-08-11,50.05,50.55,50.05,50.5,360200.0,50.5
2005-08-10,50.85,51.29,49.7,49.95,946700.0,49.95
2005-08-09,50.51,50.88,50.36,50.55,635100.0,50.55
2005-08-08,51.07,51.09,50.5,50.53,899400.0,50.53
2005-08-05,52.2,52.2,50.11,51.09,3202700.0,51.09
2005-08-04,49.03,51.13,49.02,50.6,1939400.0,50.6
2005-08-03,49.58,49.58,48.46,48.95,2480500.0,48.95
2005-08-02,50.03,50.2,49.56,49.57,1050900.0,49.57
2005-08-01,50.26,50.64,50.02,50.27,591600.0,50.27
2005-07-29,49.7,50.53,49.67,49.97,1067900.0,49.97
2005-07-28,50.2,50.4,49.91,50.09,960000.0,50.09
2005-07-27,50.74,50.74,50.19,50.37,686700.0,50.37
2005-07-26,50.52,50.95,50.48,50.74,754200.0,50.74
2005-07-25,51.13,51.18,50.27,50.27,1071600.0,50.27
2005-07-22,52.0,52.15,51.01,51.18,1411400.0,51.18
2005-07-21,52.84,53.31,52.01,52.01,1174900.0,52.01
2005-07-20,52.6,52.94,51.5,52.84,532000.0,52.84
2005-07-19,52.0,52.86,51.94,52.76,573400.0,52.76
2005-07-18,51.93,52.47,51.77,51.8,409000.0,51.8
2005-07-15,51.63,52.24,51.45,52.24,470400.0,52.24
2005-07-14,51.7,51.85,51.35,51.63,691700.0,51.63
2005-07-13,51.65,51.91,51.5,51.5,591600.0,51.5
2005-07-12,51.73,51.86,51.44,51.62,549000.0,51.62
2005-07-11,51.9,51.93,51.3,51.86,509000.0,51.86
2005-07-08,50.95,51.76,50.71,51.7,608000.0,51.7
2005-07-07,50.0,50.97,49.9,50.96,873700.0,50.96
2005-07-06,50.99,51.4,50.44,50.45,1154900.0,50.45
2005-07-05,51.58,51.64,50.93,51.05,762700.0,51.05
2005-07-01,51.11,51.86,51.05,51.79,595300.0,51.79
2005-06-30,50.88,51.18,50.7,51.1,1172300.0,51.1
2005-06-29,51.49,51.52,50.67,50.79,496300.0,50.79
2005-06-28,50.64,51.51,50.59,51.49,483300.0,51.49
2005-06-27,50.6,50.75,50.07,50.46,528900.0,50.46
2005-06-24,50.91,50.91,50.32,50.51,743000.0,50.51
2005-06-23,51.5,51.96,50.91,50.91,664000.0,50.91
2005-06-22,52.05,52.21,51.44,51.55,805100.0,51.55
2005-06-21,51.86,52.14,51.4,51.77,688000.0,51.77
2005-06-20,50.78,51.92,50.71,51.83,860700.0,51.83
2005-06-17,51.05,51.25,50.8,50.99,595000.0,50.99
2005-06-16,50.55,50.9,50.41,50.65,612700.0,50.65
2005-06-15,51.33,51.6,50.47,50.53,891500.0,50.53
2005-06-14,50.69,51.33,50.69,51.23,1100900.0,51.23
2005-06-13,50.01,51.03,49.86,50.81,1217600.0,50.81
2005-06-10,50.35,50.35,49.6,50.0,663100.0,50.0
2005-06-09,49.71,50.23,49.42,50.09,881500.0,50.09
2005-06-08,50.05,50.08,49.62,49.7,725000.0,49.7
2005-06-07,50.54,51.0,50.04,50.05,1009500.0,50.05
2005-06-06,49.95,50.69,49.8,50.45,726000.0,50.45
2005-06-03,50.34,50.34,49.13,50.15,1825100.0,50.15
2005-06-02,50.98,50.99,50.14,50.66,1676800.0,50.66
2005-06-01,51.58,51.58,50.47,50.47,900900.0,50.47
2005-05-31,50.47,51.9,50.33,51.73,2450500.0,51.73
2005-05-27,50.88,50.94,50.36,50.81,1032900.0,50.81
2005-05-26,50.17,50.95,50.05,50.78,1295100.0,50.78
2005-05-25,50.21,50.25,49.99,50.1,1362100.0,50.1
2005-05-24,49.75,50.26,49.73,50.21,1232200.0,50.21
2005-05-23,49.89,50.18,49.61,50.08,1126900.0,50.08
2005-05-20,49.92,50.01,49.41,49.96,1051400.0,49.96
2005-05-19,49.09,49.79,48.96,49.7,1118100.0,49.7
2005-05-18,48.12,49.32,47.94,49.08,1223300.0,49.08
2005-05-17,47.5,47.96,47.15,47.89,709900.0,47.89
2005-05-16,47.56,47.9,47.53,47.7,696700.0,47.7
2005-05-13,48.15,48.2,47.26,47.65,861700.0,47.65
2005-05-12,48.25,48.71,47.84,48.0,1078200.0,48.0
2005-05-11,47.8,47.92,47.54,47.85,1010700.0,47.85
2005-05-10,48.3,48.4,47.66,47.81,798100.0,47.81
2005-05-09,48.09,48.4,47.96,48.4,1087800.0,48.4
2005-05-06,48.39,48.43,47.78,47.94,907900.0,47.94
2005-05-05,48.04,48.3,47.82,48.14,1182800.0,48.14
2005-05-04,47.71,48.24,47.51,48.03,1279100.0,48.03
2005-05-03,47.4,47.86,47.31,47.71,980100.0,47.71
2005-05-02,47.87,47.92,47.09,47.4,1003400.0,47.4
2005-04-29,47.3,47.99,47.11,47.67,1025300.0,47.67
2005-04-28,47.35,48.28,47.26,47.65,1991700.0,47.65
2005-04-27,46.35,47.65,45.81,47.5,3184000.0,47.5
2005-04-26,47.8,47.96,46.85,46.85,1937000.0,46.85
2005-04-25,47.45,48.51,47.31,48.03,2722900.0,48.03
2005-04-22,48.75,48.75,47.48,47.85,6316300.0,47.85
2005-04-21,50.25,50.48,49.91,50.48,1318400.0,50.48
2005-04-20,51.2,51.33,49.53,49.61,1448500.0,49.61
2005-04-19,50.92,51.38,50.83,51.15,1309400.0,51.15
2005-04-18,50.58,50.9,50.3,50.83,895200.0,50.83
2005-04-15,52.11,52.11,50.68,50.68,1960700.0,50.68
2005-04-14,51.87,52.5,51.82,52.1,1437700.0,52.1
2005-04-13,52.0,52.58,51.89,52.02,1060600.0,52.02
2005-04-12,51.4,52.17,51.28,52.01,580200.0,52.01
2005-04-11,51.93,52.22,51.28,51.37,1010600.0,51.37
2005-04-08,52.74,53.01,51.75,51.96,1146300.0,51.96
2005-04-07,52.84,53.09,52.62,52.84,1143900.0,52.84
2005-04-06,53.3,53.86,52.75,52.84,1682100.0,52.84
2005-04-05,52.98,53.47,52.69,53.3,1129300.0,53.3
2005-04-04,52.01,53.27,51.78,53.0,2469000.0,53.0
2005-04-01,52.5,52.64,51.27,52.0,2385700.0,52.0
2005-03-31,53.08,53.6,52.8,53.24,1144200.0,53.24
2005-03-30,51.62,52.97,51.62,52.97,1672600.0,52.97
2005-03-29,52.15,52.15,51.47,51.61,792500.0,51.61
2005-03-28,52.5,52.86,51.82,52.15,1358000.0,52.15
2005-03-24,52.19,52.33,51.62,51.85,861300.0,51.85
2005-03-23,52.45,52.5,51.97,52.13,913000.0,52.13
2005-03-22,51.9,53.08,51.9,52.12,2202600.0,52.12
2005-03-21,50.43,51.72,50.38,51.55,2316600.0,51.55
2005-03-18,50.25,50.79,50.2,50.25,2858000.0,50.25
2005-03-17,50.0,50.65,49.95,50.04,2370100.0,50.04
2005-03-16,50.05,50.37,49.52,49.95,2570300.0,49.95
2005-03-15,50.65,50.71,49.55,49.64,1243100.0,49.64
2005-03-14,50.28,50.46,49.72,49.94,1893400.0,49.94
2005-03-11,50.65,51.0,50.22,50.28,866200.0,50.28
2005-03-10,50.18,50.83,49.95,50.81,1982800.0,50.81
2005-03-09,50.96,51.15,50.15,50.31,1383100.0,50.31
2005-03-08,52.0,52.0,50.82,50.99,1761900.0,50.99
2005-03-07,52.4,52.46,51.98,52.0,819500.0,52.0
2005-03-04,52.45,52.54,51.87,52.35,810200.0,52.35
2005-03-03,52.57,52.62,51.54,51.98,1104300.0,51.98
2005-03-02,52.0,52.57,51.7,52.51,1252400.0,52.51
2005-03-01,51.7,52.74,51.11,52.13,1712200.0,52.13
2005-02-28,53.45,53.45,49.84,51.7,5183700.0,51.7
2005-02-25,52.29,53.74,52.21,53.5,1146300.0,53.5
2005-02-24,52.15,52.54,51.61,52.54,902100.0,52.54
2005-02-23,52.32,52.79,52.0,52.31,747400.0,52.31
2005-02-22,52.5,52.67,52.12,52.26,970300.0,52.26
2005-02-18,53.77,53.77,52.76,52.85,774100.0,52.85
2005-02-17,53.71,54.05,53.21,53.7,1171800.0,53.7
2005-02-16,54.14,54.14,53.03,53.47,795900.0,53.47
2005-02-15,53.48,54.14,53.24,54.14,976400.0,54.14
2005-02-14,53.6,53.73,53.08,53.36,719300.0,53.36
2005-02-11,53.38,53.74,52.53,53.21,1061200.0,53.21
2005-02-10,52.47,53.36,52.47,53.3,1126700.0,53.3
2005-02-09,52.95,53.1,52.43,52.62,1079300.0,52.62
2005-02-08,53.01,53.59,52.92,53.07,1034900.0,53.07
2005-02-07,53.19,53.39,52.72,53.01,1097100.0,53.01
2005-02-04,52.98,53.62,52.26,53.42,1050900.0,53.42
2005-02-03,53.4,53.46,52.75,53.19,1304000.0,53.19
2005-02-02,53.63,53.89,53.41,53.65,873100.0,53.65
2005-02-01,54.3,54.55,53.48,53.63,1246800.0,53.63
2005-01-31,53.65,54.37,53.65,54.19,1331100.0,54.19
2005-01-28,53.85,53.9,53.24,53.27,1559000.0,53.27
2005-01-27,53.97,54.23,53.48,53.85,1625100.0,53.85
2005-01-26,53.1,54.14,53.04,53.97,2275800.0,53.97
2005-01-25,52.8,53.03,52.64,52.77,2187800.0,52.77
2005-01-24,51.95,52.95,51.76,52.89,2903400.0,52.89
2005-01-21,52.41,53.29,51.74,52.05,9873400.0,52.05
2005-01-20,56.05,56.27,54.64,55.43,2644100.0,55.43
2005-01-19,56.74,56.76,55.77,56.05,897400.0,56.05
2005-01-18,56.08,56.84,55.65,56.7,914300.0,56.7
2005-01-14,55.82,56.57,55.78,56.51,1078000.0,56.51
2005-01-13,56.25,56.59,55.46,55.55,1012600.0,55.55
2005-01-12,57.61,57.61,55.12,56.06,2950300.0,56.06
2005-01-11,57.95,58.14,57.55,57.71,493100.0,57.71
2005-01-10,57.71,58.62,57.02,58.0,1151100.0,58.0
2005-01-07,57.83,58.4,57.57,57.96,896000.0,57.96
2005-01-06,58.21,58.55,57.61,57.77,1191200.0,57.77
2005-01-05,58.3,58.71,58.03,58.25,745200.0,58.25
2005-01-04,60.0,60.0,57.8,58.26,1184500.0,58.26
2005-01-03,60.6,60.82,58.99,59.08,952200.0,59.08
