Date,Open,High,Low,Close,Volume,Adj Close 
2011-11-23,nan,nan,nan,nan,nan,nan
2011-11-22,nan,nan,nan,nan,nan,nan
2011-11-21,nan,nan,nan,nan,nan,nan
2011-11-18,nan,nan,nan,nan,nan,nan
2011-11-17,nan,nan,nan,nan,nan,nan
2011-11-16,nan,nan,nan,nan,nan,nan
2011-11-15,nan,nan,nan,nan,nan,nan
2011-11-14,nan,nan,nan,nan,nan,nan
2011-11-11,nan,nan,nan,nan,nan,nan
2011-11-10,nan,nan,nan,nan,nan,nan
2011-11-09,nan,nan,nan,nan,nan,nan
2011-11-08,nan,nan,nan,nan,nan,nan
2011-11-07,nan,nan,nan,nan,nan,nan
2011-11-04,nan,nan,nan,nan,nan,nan
2011-11-03,nan,nan,nan,nan,nan,nan
2011-11-02,nan,nan,nan,nan,nan,nan
2011-11-01,nan,nan,nan,nan,nan,nan
2011-10-31,nan,nan,nan,nan,nan,nan
2011-10-28,nan,nan,nan,nan,nan,nan
2011-10-27,nan,nan,nan,nan,nan,nan
2011-10-26,nan,nan,nan,nan,nan,nan
2011-10-25,nan,nan,nan,nan,nan,nan
2011-10-24,nan,nan,nan,nan,nan,nan
2011-10-21,nan,nan,nan,nan,nan,nan
2011-10-20,nan,nan,nan,nan,nan,nan
2011-10-19,nan,nan,nan,nan,nan,nan
2011-10-18,nan,nan,nan,nan,nan,nan
2011-10-17,nan,nan,nan,nan,nan,nan
2011-10-14,nan,nan,nan,nan,nan,nan
2011-10-13,nan,nan,nan,nan,nan,nan
2011-10-12,nan,nan,nan,nan,nan,nan
2011-10-11,nan,nan,nan,nan,nan,nan
2011-10-10,nan,nan,nan,nan,nan,nan
2011-10-07,nan,nan,nan,nan,nan,nan
2011-10-06,nan,nan,nan,nan,nan,nan
2011-10-05,nan,nan,nan,nan,nan,nan
2011-10-04,nan,nan,nan,nan,nan,nan
2011-10-03,nan,nan,nan,nan,nan,nan
2011-09-30,nan,nan,nan,nan,nan,nan
2011-09-29,nan,nan,nan,nan,nan,nan
2011-09-28,nan,nan,nan,nan,nan,nan
2011-09-27,nan,nan,nan,nan,nan,nan
2011-09-26,nan,nan,nan,nan,nan,nan
2011-09-23,nan,nan,nan,nan,nan,nan
2011-09-22,nan,nan,nan,nan,nan,nan
2011-09-21,nan,nan,nan,nan,nan,nan
2011-09-20,nan,nan,nan,nan,nan,nan
2011-09-19,nan,nan,nan,nan,nan,nan
2011-09-16,nan,nan,nan,nan,nan,nan
2011-09-15,nan,nan,nan,nan,nan,nan
2011-09-14,nan,nan,nan,nan,nan,nan
2011-09-13,nan,nan,nan,nan,nan,nan
2011-09-12,nan,nan,nan,nan,nan,nan
2011-09-09,nan,nan,nan,nan,nan,nan
2011-09-08,nan,nan,nan,nan,nan,nan
2011-09-07,nan,nan,nan,nan,nan,nan
2011-09-06,nan,nan,nan,nan,nan,nan
2011-09-02,nan,nan,nan,nan,nan,nan
2011-09-01,nan,nan,nan,nan,nan,nan
2011-08-31,nan,nan,nan,nan,nan,nan
2011-08-30,nan,nan,nan,nan,nan,nan
2011-08-29,nan,nan,nan,nan,nan,nan
2011-08-26,nan,nan,nan,nan,nan,nan
2011-08-25,nan,nan,nan,nan,nan,nan
2011-08-24,nan,nan,nan,nan,nan,nan
2011-08-23,nan,nan,nan,nan,nan,nan
2011-08-22,nan,nan,nan,nan,nan,nan
2011-08-19,nan,nan,nan,nan,nan,nan
2011-08-18,nan,nan,nan,nan,nan,nan
2011-08-17,nan,nan,nan,nan,nan,nan
2011-08-16,nan,nan,nan,nan,nan,nan
2011-08-15,nan,nan,nan,nan,nan,nan
2011-08-12,nan,nan,nan,nan,nan,nan
2011-08-11,nan,nan,nan,nan,nan,nan
2011-08-10,nan,nan,nan,nan,nan,nan
2011-08-09,nan,nan,nan,nan,nan,nan
2011-08-08,nan,nan,nan,nan,nan,nan
2011-08-05,nan,nan,nan,nan,nan,nan
2011-08-04,nan,nan,nan,nan,nan,nan
2011-08-03,nan,nan,nan,nan,nan,nan
2011-08-02,nan,nan,nan,nan,nan,nan
2011-08-01,nan,nan,nan,nan,nan,nan
2011-07-29,nan,nan,nan,nan,nan,nan
2011-07-28,nan,nan,nan,nan,nan,nan
2011-07-27,nan,nan,nan,nan,nan,nan
2011-07-26,nan,nan,nan,nan,nan,nan
2011-07-25,nan,nan,nan,nan,nan,nan
2011-07-22,nan,nan,nan,nan,nan,nan
2011-07-21,nan,nan,nan,nan,nan,nan
2011-07-20,nan,nan,nan,nan,nan,nan
2011-07-19,nan,nan,nan,nan,nan,nan
2011-07-18,nan,nan,nan,nan,nan,nan
2011-07-15,nan,nan,nan,nan,nan,nan
2011-07-14,nan,nan,nan,nan,nan,nan
2011-07-13,nan,nan,nan,nan,nan,nan
2011-07-12,nan,nan,nan,nan,nan,nan
2011-07-11,nan,nan,nan,nan,nan,nan
2011-07-08,nan,nan,nan,nan,nan,nan
2011-07-07,nan,nan,nan,nan,nan,nan
2011-07-06,nan,nan,nan,nan,nan,nan
2011-07-05,nan,nan,nan,nan,nan,nan
2011-07-01,nan,nan,nan,nan,nan,nan
2011-06-30,nan,nan,nan,nan,nan,nan
2011-06-29,nan,nan,nan,nan,nan,nan
2011-06-28,nan,nan,nan,nan,nan,nan
2011-06-27,nan,nan,nan,nan,nan,nan
2011-06-24,nan,nan,nan,nan,nan,nan
2011-06-23,nan,nan,nan,nan,nan,nan
2011-06-22,nan,nan,nan,nan,nan,nan
2011-06-21,nan,nan,nan,nan,nan,nan
2011-06-20,nan,nan,nan,nan,nan,nan
2011-06-17,nan,nan,nan,nan,nan,nan
2011-06-16,nan,nan,nan,nan,nan,nan
2011-06-15,nan,nan,nan,nan,nan,nan
2011-06-14,nan,nan,nan,nan,nan,nan
2011-06-13,nan,nan,nan,nan,nan,nan
2011-06-10,nan,nan,nan,nan,nan,nan
2011-06-09,nan,nan,nan,nan,nan,nan
2011-06-08,nan,nan,nan,nan,nan,nan
2011-06-07,nan,nan,nan,nan,nan,nan
2011-06-06,nan,nan,nan,nan,nan,nan
2011-06-03,nan,nan,nan,nan,nan,nan
2011-06-02,nan,nan,nan,nan,nan,nan
2011-06-01,nan,nan,nan,nan,nan,nan
2011-05-31,nan,nan,nan,nan,nan,nan
2011-05-27,nan,nan,nan,nan,nan,nan
2011-05-26,nan,nan,nan,nan,nan,nan
2011-05-25,nan,nan,nan,nan,nan,nan
2011-05-24,nan,nan,nan,nan,nan,nan
2011-05-23,nan,nan,nan,nan,nan,nan
2011-05-20,nan,nan,nan,nan,nan,nan
2011-05-19,nan,nan,nan,nan,nan,nan
2011-05-18,nan,nan,nan,nan,nan,nan
2011-05-17,nan,nan,nan,nan,nan,nan
2011-05-16,nan,nan,nan,nan,nan,nan
2011-05-13,nan,nan,nan,nan,nan,nan
2011-05-12,nan,nan,nan,nan,nan,nan
2011-05-11,nan,nan,nan,nan,nan,nan
2011-05-10,nan,nan,nan,nan,nan,nan
2011-05-09,nan,nan,nan,nan,nan,nan
2011-05-06,nan,nan,nan,nan,nan,nan
2011-05-05,nan,nan,nan,nan,nan,nan
2011-05-04,nan,nan,nan,nan,nan,nan
2011-05-03,nan,nan,nan,nan,nan,nan
2011-05-02,nan,nan,nan,nan,nan,nan
2011-04-29,nan,nan,nan,nan,nan,nan
2011-04-28,nan,nan,nan,nan,nan,nan
2011-04-27,nan,nan,nan,nan,nan,nan
2011-04-26,nan,nan,nan,nan,nan,nan
2011-04-25,nan,nan,nan,nan,nan,nan
2011-04-21,nan,nan,nan,nan,nan,nan
2011-04-20,nan,nan,nan,nan,nan,nan
2011-04-19,nan,nan,nan,nan,nan,nan
2011-04-18,nan,nan,nan,nan,nan,nan
2011-04-15,nan,nan,nan,nan,nan,nan
2011-04-14,nan,nan,nan,nan,nan,nan
2011-04-13,nan,nan,nan,nan,nan,nan
2011-04-12,nan,nan,nan,nan,nan,nan
2011-04-11,nan,nan,nan,nan,nan,nan
2011-04-08,nan,nan,nan,nan,nan,nan
2011-04-07,nan,nan,nan,nan,nan,nan
2011-04-06,nan,nan,nan,nan,nan,nan
2011-04-05,nan,nan,nan,nan,nan,nan
2011-04-04,nan,nan,nan,nan,nan,nan
2011-04-01,nan,nan,nan,nan,nan,nan
2011-03-31,nan,nan,nan,nan,nan,nan
2011-03-30,nan,nan,nan,nan,nan,nan
2011-03-29,nan,nan,nan,nan,nan,nan
2011-03-28,nan,nan,nan,nan,nan,nan
2011-03-25,nan,nan,nan,nan,nan,nan
2011-03-24,nan,nan,nan,nan,nan,nan
2011-03-23,nan,nan,nan,nan,nan,nan
2011-03-22,nan,nan,nan,nan,nan,nan
2011-03-21,nan,nan,nan,nan,nan,nan
2011-03-18,nan,nan,nan,nan,nan,nan
2011-03-17,nan,nan,nan,nan,nan,nan
2011-03-16,nan,nan,nan,nan,nan,nan
2011-03-15,nan,nan,nan,nan,nan,nan
2011-03-14,nan,nan,nan,nan,nan,nan
2011-03-11,nan,nan,nan,nan,nan,nan
2011-03-10,nan,nan,nan,nan,nan,nan
2011-03-09,nan,nan,nan,nan,nan,nan
2011-03-08,nan,nan,nan,nan,nan,nan
2011-03-07,nan,nan,nan,nan,nan,nan
2011-03-04,nan,nan,nan,nan,nan,nan
2011-03-03,nan,nan,nan,nan,nan,nan
2011-03-02,nan,nan,nan,nan,nan,nan
2011-03-01,nan,nan,nan,nan,nan,nan
2011-02-28,nan,nan,nan,nan,nan,nan
2011-02-25,nan,nan,nan,nan,nan,nan
2011-02-24,nan,nan,nan,nan,nan,nan
2011-02-23,nan,nan,nan,nan,nan,nan
2011-02-22,nan,nan,nan,nan,nan,nan
2011-02-18,nan,nan,nan,nan,nan,nan
2011-02-17,nan,nan,nan,nan,nan,nan
2011-02-16,nan,nan,nan,nan,nan,nan
2011-02-15,nan,nan,nan,nan,nan,nan
2011-02-14,nan,nan,nan,nan,nan,nan
2011-02-11,nan,nan,nan,nan,nan,nan
2011-02-10,nan,nan,nan,nan,nan,nan
2011-02-09,nan,nan,nan,nan,nan,nan
2011-02-08,nan,nan,nan,nan,nan,nan
2011-02-07,nan,nan,nan,nan,nan,nan
2011-02-04,nan,nan,nan,nan,nan,nan
2011-02-03,nan,nan,nan,nan,nan,nan
2011-02-02,nan,nan,nan,nan,nan,nan
2011-02-01,nan,nan,nan,nan,nan,nan
2011-01-31,nan,nan,nan,nan,nan,nan
2011-01-28,nan,nan,nan,nan,nan,nan
2011-01-27,nan,nan,nan,nan,nan,nan
2011-01-26,nan,nan,nan,nan,nan,nan
2011-01-25,nan,nan,nan,nan,nan,nan
2011-01-24,nan,nan,nan,nan,nan,nan
2011-01-21,nan,nan,nan,nan,nan,nan
2011-01-20,nan,nan,nan,nan,nan,nan
2011-01-19,nan,nan,nan,nan,nan,nan
2011-01-18,nan,nan,nan,nan,nan,nan
2011-01-14,nan,nan,nan,nan,nan,nan
2011-01-13,nan,nan,nan,nan,nan,nan
2011-01-12,nan,nan,nan,nan,nan,nan
2011-01-11,nan,nan,nan,nan,nan,nan
2011-01-10,nan,nan,nan,nan,nan,nan
2011-01-07,nan,nan,nan,nan,nan,nan
2011-01-06,nan,nan,nan,nan,nan,nan
2011-01-05,nan,nan,nan,nan,nan,nan
2011-01-04,nan,nan,nan,nan,nan,nan
2011-01-03,nan,nan,nan,nan,nan,nan
2010-12-31,nan,nan,nan,nan,nan,nan
2010-12-30,nan,nan,nan,nan,nan,nan
2010-12-29,nan,nan,nan,nan,nan,nan
2010-12-28,nan,nan,nan,nan,nan,nan
2010-12-27,nan,nan,nan,nan,nan,nan
2010-12-23,nan,nan,nan,nan,nan,nan
2010-12-22,nan,nan,nan,nan,nan,nan
2010-12-21,nan,nan,nan,nan,nan,nan
2010-12-20,nan,nan,nan,nan,nan,nan
2010-12-17,nan,nan,nan,nan,nan,nan
2010-12-16,nan,nan,nan,nan,nan,nan
2010-12-15,nan,nan,nan,nan,nan,nan
2010-12-14,nan,nan,nan,nan,nan,nan
2010-12-13,nan,nan,nan,nan,nan,nan
2010-12-10,nan,nan,nan,nan,nan,nan
2010-12-09,nan,nan,nan,nan,nan,nan
2010-12-08,nan,nan,nan,nan,nan,nan
2010-12-07,nan,nan,nan,nan,nan,nan
2010-12-06,nan,nan,nan,nan,nan,nan
2010-12-03,nan,nan,nan,nan,nan,nan
2010-12-02,nan,nan,nan,nan,nan,nan
2010-12-01,nan,nan,nan,nan,nan,nan
2010-11-30,nan,nan,nan,nan,nan,nan
2010-11-29,nan,nan,nan,nan,nan,nan
2010-11-26,nan,nan,nan,nan,nan,nan
2010-11-24,nan,nan,nan,nan,nan,nan
2010-11-23,nan,nan,nan,nan,nan,nan
2010-11-22,nan,nan,nan,nan,nan,nan
2010-11-19,nan,nan,nan,nan,nan,nan
2010-11-18,nan,nan,nan,nan,nan,nan
2010-11-17,nan,nan,nan,nan,nan,nan
2010-11-16,nan,nan,nan,nan,nan,nan
2010-11-15,nan,nan,nan,nan,nan,nan
2010-11-12,nan,nan,nan,nan,nan,nan
2010-11-11,nan,nan,nan,nan,nan,nan
2010-11-10,nan,nan,nan,nan,nan,nan
2010-11-09,nan,nan,nan,nan,nan,nan
2010-11-08,nan,nan,nan,nan,nan,nan
2010-11-05,nan,nan,nan,nan,nan,nan
2010-11-04,nan,nan,nan,nan,nan,nan
2010-11-03,nan,nan,nan,nan,nan,nan
2010-11-02,nan,nan,nan,nan,nan,nan
2010-11-01,nan,nan,nan,nan,nan,nan
2010-10-29,nan,nan,nan,nan,nan,nan
2010-10-28,nan,nan,nan,nan,nan,nan
2010-10-27,nan,nan,nan,nan,nan,nan
2010-10-26,nan,nan,nan,nan,nan,nan
2010-10-25,nan,nan,nan,nan,nan,nan
2010-10-22,nan,nan,nan,nan,nan,nan
2010-10-21,nan,nan,nan,nan,nan,nan
2010-10-20,nan,nan,nan,nan,nan,nan
2010-10-19,nan,nan,nan,nan,nan,nan
2010-10-18,nan,nan,nan,nan,nan,nan
2010-10-15,nan,nan,nan,nan,nan,nan
2010-10-14,nan,nan,nan,nan,nan,nan
2010-10-13,nan,nan,nan,nan,nan,nan
2010-10-12,nan,nan,nan,nan,nan,nan
2010-10-11,nan,nan,nan,nan,nan,nan
2010-10-08,nan,nan,nan,nan,nan,nan
2010-10-07,nan,nan,nan,nan,nan,nan
2010-10-06,nan,nan,nan,nan,nan,nan
2010-10-05,nan,nan,nan,nan,nan,nan
2010-10-04,nan,nan,nan,nan,nan,nan
2010-10-01,nan,nan,nan,nan,nan,nan
2010-09-30,nan,nan,nan,nan,nan,nan
2010-09-29,nan,nan,nan,nan,nan,nan
2010-09-28,nan,nan,nan,nan,nan,nan
2010-09-27,nan,nan,nan,nan,nan,nan
2010-09-24,nan,nan,nan,nan,nan,nan
2010-09-23,nan,nan,nan,nan,nan,nan
2010-09-22,nan,nan,nan,nan,nan,nan
2010-09-21,nan,nan,nan,nan,nan,nan
2010-09-20,nan,nan,nan,nan,nan,nan
2010-09-17,nan,nan,nan,nan,nan,nan
2010-09-16,nan,nan,nan,nan,nan,nan
2010-09-15,nan,nan,nan,nan,nan,nan
2010-09-14,nan,nan,nan,nan,nan,nan
2010-09-13,nan,nan,nan,nan,nan,nan
2010-09-10,nan,nan,nan,nan,nan,nan
2010-09-09,nan,nan,nan,nan,nan,nan
2010-09-08,nan,nan,nan,nan,nan,nan
2010-09-07,nan,nan,nan,nan,nan,nan
2010-09-03,nan,nan,nan,nan,nan,nan
2010-09-02,nan,nan,nan,nan,nan,nan
2010-09-01,nan,nan,nan,nan,nan,nan
2010-08-31,nan,nan,nan,nan,nan,nan
2010-08-30,nan,nan,nan,nan,nan,nan
2010-08-27,nan,nan,nan,nan,nan,nan
2010-08-26,nan,nan,nan,nan,nan,nan
2010-08-25,nan,nan,nan,nan,nan,nan
2010-08-24,nan,nan,nan,nan,nan,nan
2010-08-23,nan,nan,nan,nan,nan,nan
2010-08-20,nan,nan,nan,nan,nan,nan
2010-08-19,nan,nan,nan,nan,nan,nan
2010-08-18,nan,nan,nan,nan,nan,nan
2010-08-17,nan,nan,nan,nan,nan,nan
2010-08-16,nan,nan,nan,nan,nan,nan
2010-08-13,nan,nan,nan,nan,nan,nan
2010-08-12,nan,nan,nan,nan,nan,nan
2010-08-11,nan,nan,nan,nan,nan,nan
2010-08-10,nan,nan,nan,nan,nan,nan
2010-08-09,nan,nan,nan,nan,nan,nan
2010-08-06,nan,nan,nan,nan,nan,nan
2010-08-05,nan,nan,nan,nan,nan,nan
2010-08-04,nan,nan,nan,nan,nan,nan
2010-08-03,nan,nan,nan,nan,nan,nan
2010-08-02,nan,nan,nan,nan,nan,nan
2010-07-30,nan,nan,nan,nan,nan,nan
2010-07-29,nan,nan,nan,nan,nan,nan
2010-07-28,nan,nan,nan,nan,nan,nan
2010-07-27,nan,nan,nan,nan,nan,nan
2010-07-26,nan,nan,nan,nan,nan,nan
2010-07-23,nan,nan,nan,nan,nan,nan
2010-07-22,nan,nan,nan,nan,nan,nan
2010-07-21,nan,nan,nan,nan,nan,nan
2010-07-20,nan,nan,nan,nan,nan,nan
2010-07-19,nan,nan,nan,nan,nan,nan
2010-07-16,nan,nan,nan,nan,nan,nan
2010-07-15,nan,nan,nan,nan,nan,nan
2010-07-14,nan,nan,nan,nan,nan,nan
2010-07-13,nan,nan,nan,nan,nan,nan
2010-07-12,nan,nan,nan,nan,nan,nan
2010-07-09,nan,nan,nan,nan,nan,nan
2010-07-08,nan,nan,nan,nan,nan,nan
2010-07-07,nan,nan,nan,nan,nan,nan
2010-07-06,nan,nan,nan,nan,nan,nan
2010-07-02,nan,nan,nan,nan,nan,nan
2010-07-01,nan,nan,nan,nan,nan,nan
2010-06-30,nan,nan,nan,nan,nan,nan
2010-06-29,nan,nan,nan,nan,nan,nan
2010-06-28,nan,nan,nan,nan,nan,nan
2010-06-25,nan,nan,nan,nan,nan,nan
2010-06-24,nan,nan,nan,nan,nan,nan
2010-06-23,nan,nan,nan,nan,nan,nan
2010-06-22,nan,nan,nan,nan,nan,nan
2010-06-21,nan,nan,nan,nan,nan,nan
2010-06-18,nan,nan,nan,nan,nan,nan
2010-06-17,nan,nan,nan,nan,nan,nan
2010-06-16,nan,nan,nan,nan,nan,nan
2010-06-15,nan,nan,nan,nan,nan,nan
2010-06-14,nan,nan,nan,nan,nan,nan
2010-06-11,nan,nan,nan,nan,nan,nan
2010-06-10,nan,nan,nan,nan,nan,nan
2010-06-09,nan,nan,nan,nan,nan,nan
2010-06-08,nan,nan,nan,nan,nan,nan
2010-06-07,nan,nan,nan,nan,nan,nan
2010-06-04,nan,nan,nan,nan,nan,nan
2010-06-03,nan,nan,nan,nan,nan,nan
2010-06-02,nan,nan,nan,nan,nan,nan
2010-06-01,nan,nan,nan,nan,nan,nan
2010-05-28,nan,nan,nan,nan,nan,nan
2010-05-27,nan,nan,nan,nan,nan,nan
2010-05-26,nan,nan,nan,nan,nan,nan
2010-05-25,nan,nan,nan,nan,nan,nan
2010-05-24,nan,nan,nan,nan,nan,nan
2010-05-21,nan,nan,nan,nan,nan,nan
2010-05-20,nan,nan,nan,nan,nan,nan
2010-05-19,nan,nan,nan,nan,nan,nan
2010-05-18,nan,nan,nan,nan,nan,nan
2010-05-17,nan,nan,nan,nan,nan,nan
2010-05-14,nan,nan,nan,nan,nan,nan
2010-05-13,nan,nan,nan,nan,nan,nan
2010-05-12,nan,nan,nan,nan,nan,nan
2010-05-11,nan,nan,nan,nan,nan,nan
2010-05-10,nan,nan,nan,nan,nan,nan
2010-05-07,nan,nan,nan,nan,nan,nan
2010-05-06,nan,nan,nan,nan,nan,nan
2010-05-05,nan,nan,nan,nan,nan,nan
2010-05-04,nan,nan,nan,nan,nan,nan
2010-05-03,nan,nan,nan,nan,nan,nan
2010-04-30,nan,nan,nan,nan,nan,nan
2010-04-29,nan,nan,nan,nan,nan,nan
2010-04-28,nan,nan,nan,nan,nan,nan
2010-04-27,nan,nan,nan,nan,nan,nan
2010-04-26,nan,nan,nan,nan,nan,nan
2010-04-23,nan,nan,nan,nan,nan,nan
2010-04-22,nan,nan,nan,nan,nan,nan
2010-04-21,nan,nan,nan,nan,nan,nan
2010-04-20,nan,nan,nan,nan,nan,nan
2010-04-19,nan,nan,nan,nan,nan,nan
2010-04-16,nan,nan,nan,nan,nan,nan
2010-04-15,nan,nan,nan,nan,nan,nan
2010-04-14,nan,nan,nan,nan,nan,nan
2010-04-13,nan,nan,nan,nan,nan,nan
2010-04-12,nan,nan,nan,nan,nan,nan
2010-04-09,nan,nan,nan,nan,nan,nan
2010-04-08,nan,nan,nan,nan,nan,nan
2010-04-07,nan,nan,nan,nan,nan,nan
2010-04-06,nan,nan,nan,nan,nan,nan
2010-04-05,nan,nan,nan,nan,nan,nan
2010-04-01,nan,nan,nan,nan,nan,nan
2010-03-31,nan,nan,nan,nan,nan,nan
2010-03-30,nan,nan,nan,nan,nan,nan
2010-03-29,nan,nan,nan,nan,nan,nan
2010-03-26,nan,nan,nan,nan,nan,nan
2010-03-25,nan,nan,nan,nan,nan,nan
2010-03-24,nan,nan,nan,nan,nan,nan
2010-03-23,nan,nan,nan,nan,nan,nan
2010-03-22,nan,nan,nan,nan,nan,nan
2010-03-19,nan,nan,nan,nan,nan,nan
2010-03-18,nan,nan,nan,nan,nan,nan
2010-03-17,nan,nan,nan,nan,nan,nan
2010-03-16,nan,nan,nan,nan,nan,nan
2010-03-15,nan,nan,nan,nan,nan,nan
2010-03-12,74.94,75.14,72.89,74.05,2401700.0,74.05
2010-03-11,75.22,75.43,74.54,74.91,260400.0,74.91
2010-03-10,75.34,75.82,74.8,75.58,628000.0,75.58
2010-03-09,75.1,75.91,74.97,75.44,582300.0,75.44
2010-03-08,75.36,75.43,74.71,75.22,283100.0,75.22
2010-03-05,74.88,75.8,74.71,75.36,399400.0,75.36
2010-03-04,74.85,75.1,74.03,74.46,493600.0,74.46
2010-03-03,75.36,75.64,74.51,74.87,227900.0,74.87
2010-03-02,75.74,76.29,74.66,74.86,504900.0,74.86
2010-03-01,72.34,75.25,72.29,75.2,803200.0,75.2
2010-02-26,71.29,72.85,71.01,72.47,640000.0,72.47
2010-02-25,70.26,71.06,69.37,70.92,666900.0,70.92
2010-02-24,70.05,71.25,69.58,71.19,527800.0,71.19
2010-02-23,71.18,71.29,69.52,70.01,564400.0,70.01
2010-02-22,70.94,71.24,70.37,71.23,818200.0,71.23
2010-02-19,71.05,71.34,70.55,70.62,790200.0,70.62
2010-02-18,70.35,71.57,70.18,71.36,1557100.0,71.36
2010-02-17,69.81,70.81,69.45,70.63,551500.0,70.63
2010-02-16,69.69,69.99,68.48,69.42,845600.0,69.42
2010-02-12,68.12,68.69,67.33,68.59,1143900.0,68.59
2010-02-11,67.91,68.74,67.41,68.57,663000.0,68.57
2010-02-10,68.5,68.8,67.52,68.08,670500.0,68.08
2010-02-09,68.59,68.98,67.63,68.63,709900.0,68.63
2010-02-08,68.72,68.86,67.57,67.71,765000.0,67.71
2010-02-05,69.11,69.25,66.67,68.88,1030200.0,68.88
2010-02-04,70.62,70.85,69.0,69.0,996500.0,69.0
2010-02-03,69.35,72.6,69.22,71.29,4205900.0,71.29
2010-02-02,65.8,68.75,65.8,68.75,1287400.0,68.75
2010-02-01,65.17,66.21,64.79,66.11,689300.0,66.11
2010-01-29,65.36,65.93,64.44,64.66,1081400.0,64.66
2010-01-28,66.45,66.72,64.99,65.1,887600.0,65.1
2010-01-27,67.09,67.25,65.1,66.15,1654400.0,66.15
2010-01-26,67.58,68.52,67.12,67.27,753000.0,67.27
2010-01-25,67.99,68.26,67.5,67.95,483100.0,67.95
2010-01-22,68.19,68.59,67.11,67.36,619200.0,67.36
2010-01-21,69.92,70.11,67.93,68.28,1294700.0,68.28
2010-01-20,70.42,70.43,69.44,70.05,1083500.0,70.05
2010-01-19,70.54,71.34,70.41,71.09,977200.0,71.09
2010-01-15,71.21,71.58,69.95,70.28,849700.0,70.28
2010-01-14,71.13,71.51,70.6,71.33,798600.0,71.33
2010-01-13,71.17,71.91,70.7,71.51,431400.0,71.51
2010-01-12,71.59,71.7,70.44,71.04,667600.0,71.04
2010-01-11,72.5,72.79,71.35,72.07,580900.0,72.07
2010-01-08,71.67,72.82,71.06,72.32,610900.0,72.32
2010-01-07,68.99,72.06,68.85,71.73,1291000.0,71.73
2010-01-06,67.28,69.27,67.21,69.25,965200.0,69.25
2010-01-05,66.2,67.54,65.75,67.52,1040200.0,67.52
2010-01-04,65.3,66.82,65.0,66.35,784100.0,66.35
2009-12-31,65.69,65.78,64.77,64.83,882200.0,64.83
2009-12-30,65.33,65.98,65.1,65.72,894900.0,65.72
2009-12-29,66.5,66.69,65.33,65.7,2832600.0,65.7
2009-12-28,66.79,67.13,65.86,66.26,487600.0,66.26
2009-12-24,66.52,66.93,66.33,66.71,232500.0,66.71
2009-12-23,65.63,67.0,65.56,66.37,2128500.0,66.37
2009-12-22,64.13,65.85,63.98,65.68,1494200.0,65.68
2009-12-21,64.24,64.24,63.6,64.08,1528900.0,64.08
2009-12-18,64.07,64.59,63.06,63.44,1036500.0,63.44
2009-12-17,65.01,65.02,63.46,63.87,1547300.0,63.87
2009-12-16,62.95,65.9,62.71,65.3,2906500.0,65.3
2009-12-15,62.12,63.04,61.94,62.89,814100.0,62.89
2009-12-14,62.59,62.59,62.01,62.26,1336100.0,62.26
2009-12-11,62.65,62.67,61.39,62.21,735000.0,62.21
2009-12-10,62.34,62.83,62.05,62.5,473400.0,62.5
2009-12-09,61.44,62.28,61.26,62.23,572300.0,62.23
2009-12-08,61.31,62.11,60.42,61.64,1685300.0,61.64
2009-12-07,62.02,62.07,61.1,61.57,586900.0,61.57
2009-12-04,62.0,62.76,61.49,62.19,331600.0,62.19
2009-12-03,62.57,63.06,61.11,61.13,409200.0,61.13
2009-12-02,61.32,63.18,61.25,62.52,601700.0,62.52
2009-12-01,61.17,62.48,61.03,61.13,963800.0,61.13
2009-11-30,60.6,60.89,60.02,60.69,1051100.0,60.69
2009-11-27,60.7,61.4,60.24,61.06,318800.0,61.06
2009-11-25,62.31,62.46,61.61,62.42,515900.0,62.42
2009-11-24,62.17,62.2,61.5,62.12,633200.0,62.12
2009-11-23,62.04,62.62,61.56,62.02,514500.0,62.02
2009-11-20,60.84,61.35,60.32,61.0,912700.0,61.0
2009-11-19,61.68,61.78,60.47,61.07,1352200.0,61.07
2009-11-18,62.5,62.58,61.69,61.85,797800.0,61.85
2009-11-17,63.19,63.41,62.42,62.73,948900.0,62.73
2009-11-16,62.89,63.63,62.62,63.58,918600.0,63.58
2009-11-13,62.12,62.83,61.68,62.54,1059900.0,62.54
2009-11-12,62.0,62.5,61.51,61.83,872000.0,61.83
2009-11-11,61.82,63.58,61.55,62.39,1578600.0,62.39
2009-11-10,62.06,62.83,61.5,62.25,1287800.0,62.25
2009-11-09,61.49,62.5,60.95,62.27,1405200.0,62.27
2009-11-06,61.38,61.74,60.4,61.05,1606600.0,61.05
2009-11-05,60.4,61.66,60.08,61.48,2730400.0,61.48
2009-11-04,61.08,61.49,59.95,60.01,5506000.0,60.01
2009-11-03,58.88,62.01,57.5,62.0,18277600.0,62.0
2009-11-02,47.33,48.17,46.26,47.34,2936300.0,47.34
2009-10-30,49.14,49.44,47.12,47.22,1237600.0,47.22
2009-10-29,48.12,49.76,47.83,49.49,1092200.0,49.49
2009-10-28,48.03,48.68,46.86,47.27,1192400.0,47.27
2009-10-27,49.34,49.43,48.05,48.24,1259200.0,48.24
2009-10-26,49.97,51.51,48.84,49.21,937600.0,49.21
2009-10-23,51.01,51.8,49.8,49.95,1459800.0,49.95
2009-10-22,48.66,51.16,48.5,50.71,1720500.0,50.71
2009-10-21,49.52,50.32,48.73,48.91,1392100.0,48.91
2009-10-20,50.09,50.2,49.5,49.7,706900.0,49.7
2009-10-19,50.36,50.79,49.8,50.2,663600.0,50.2
2009-10-16,50.41,50.59,49.46,50.2,941600.0,50.2
2009-10-15,51.05,51.29,50.24,51.2,710800.0,51.2
2009-10-14,51.82,51.95,50.92,51.53,665400.0,51.53
2009-10-13,50.82,51.1,50.1,50.79,1294100.0,50.79
2009-10-12,51.48,52.25,50.05,50.82,3790900.0,50.82
2009-10-09,47.21,47.29,46.57,47.24,744700.0,47.24
2009-10-08,45.1,47.37,45.06,47.31,2709800.0,47.31
2009-10-07,44.56,44.83,44.15,44.5,905300.0,44.5
2009-10-06,45.32,45.46,44.39,44.69,614500.0,44.69
2009-10-05,43.41,44.81,43.14,44.71,934300.0,44.71
2009-10-02,43.42,43.71,42.51,42.98,1521900.0,42.98
2009-10-01,46.1,46.12,44.1,44.27,1687000.0,44.27
2009-09-30,46.49,47.03,45.31,46.29,1179200.0,46.29
2009-09-29,46.15,46.91,46.14,46.5,547500.0,46.5
2009-09-28,44.92,46.16,44.66,46.14,809400.0,46.14
2009-09-25,45.27,45.82,44.44,44.65,1176100.0,44.65
2009-09-24,46.41,46.73,44.9,45.79,1257100.0,45.79
2009-09-23,47.27,47.84,46.28,46.38,1572300.0,46.38
2009-09-22,48.5,48.84,48.1,48.44,437100.0,48.44
2009-09-21,49.31,49.31,47.94,48.26,1339800.0,48.26
2009-09-18,49.92,50.41,49.32,49.71,998600.0,49.71
2009-09-17,49.08,50.4,49.0,49.65,1986800.0,49.65
2009-09-16,48.05,51.12,48.03,50.53,1941700.0,50.53
2009-09-15,47.56,48.46,47.27,48.01,1371400.0,48.01
2009-09-14,46.45,47.55,46.34,47.47,1089700.0,47.47
2009-09-11,46.01,47.14,45.99,46.76,894000.0,46.76
2009-09-10,46.03,46.14,45.37,46.0,662200.0,46.0
2009-09-09,44.79,46.35,44.41,46.02,1176900.0,46.02
2009-09-08,44.66,45.0,44.34,44.82,920900.0,44.82
2009-09-04,43.47,44.32,42.84,44.14,937500.0,44.14
2009-09-03,42.18,43.49,42.18,43.48,1321600.0,43.48
2009-09-02,42.53,42.92,42.06,42.12,1183400.0,42.12
2009-09-01,44.11,44.86,42.42,42.77,1327300.0,42.77
2009-08-31,44.51,44.74,43.75,44.12,955200.0,44.12
2009-08-28,45.04,45.36,44.13,44.76,730300.0,44.76
2009-08-27,44.79,44.98,43.86,44.76,837200.0,44.76
2009-08-26,45.35,45.5,44.57,44.79,1101300.0,44.79
2009-08-25,45.47,46.71,45.18,45.34,1135400.0,45.34
2009-08-24,45.15,46.11,44.75,44.89,1265900.0,44.89
2009-08-21,43.17,44.91,43.04,44.82,1189200.0,44.82
2009-08-20,41.85,42.7,41.84,42.66,839800.0,42.66
2009-08-19,41.41,42.01,41.18,41.94,835500.0,41.94
2009-08-18,40.76,41.91,40.68,41.85,1464400.0,41.85
2009-08-17,41.47,41.47,39.76,40.68,1865400.0,40.68
2009-08-14,43.26,43.36,41.75,42.23,935100.0,42.23
2009-08-13,42.71,43.88,42.65,43.4,1641500.0,43.4
2009-08-12,40.61,43.06,40.6,42.64,1495200.0,42.64
2009-08-11,40.86,40.89,40.16,40.55,594900.0,40.55
2009-08-10,41.31,41.52,40.39,40.93,1078800.0,40.93
2009-08-07,39.88,41.92,39.57,41.5,1009800.0,41.5
2009-08-06,39.25,39.97,39.23,39.41,810800.0,39.41
2009-08-05,39.13,39.46,38.8,39.29,952400.0,39.29
2009-08-04,37.89,39.38,37.53,39.26,1509500.0,39.26
2009-08-03,37.88,38.0,37.5,37.9,1109700.0,37.9
2009-07-31,37.41,38.11,37.34,37.6,1402100.0,37.6
2009-07-30,37.92,38.0,37.36,37.41,1713900.0,37.41
2009-07-29,37.12,37.69,36.95,37.27,944200.0,37.27
2009-07-28,37.63,38.0,37.22,37.4,1525300.0,37.4
2009-07-27,36.79,38.06,36.54,37.95,1406100.0,37.95
2009-07-24,35.24,37.75,35.02,37.13,4043900.0,37.13
2009-07-23,32.07,34.33,31.75,33.72,2513700.0,33.72
2009-07-22,31.2,32.1,31.03,32.09,1078800.0,32.09
2009-07-21,32.25,32.63,31.04,31.62,1323800.0,31.62
2009-07-20,31.31,32.22,31.18,32.21,1394300.0,32.21
2009-07-17,30.5,31.25,30.5,31.03,723800.0,31.03
2009-07-16,30.14,31.35,29.67,31.17,1575500.0,31.17
2009-07-15,29.26,30.27,29.26,30.18,1209400.0,30.18
2009-07-14,28.04,29.09,27.88,28.96,1482800.0,28.96
2009-07-13,27.4,28.06,26.82,28.06,1176800.0,28.06
2009-07-10,26.63,27.5,26.56,27.19,1155300.0,27.19
2009-07-09,26.9,26.99,26.44,26.76,646300.0,26.76
2009-07-08,27.07,27.07,26.5,26.7,1616800.0,26.7
2009-07-07,27.13,27.22,26.65,26.75,1676100.0,26.75
2009-07-06,27.83,28.06,26.89,27.22,1191300.0,27.22
2009-07-02,28.08,28.23,27.8,28.23,872000.0,28.23
2009-07-01,28.71,29.11,28.51,28.6,693300.0,28.6
2009-06-30,29.69,29.69,28.35,28.66,1017900.0,28.66
2009-06-29,29.06,29.61,28.81,29.32,981200.0,29.32
2009-06-26,28.65,29.49,28.65,29.22,1108600.0,29.22
2009-06-25,27.93,28.89,27.93,28.84,1106200.0,28.84
2009-06-24,28.4,29.0,28.05,28.35,1955200.0,28.35
2009-06-23,27.66,27.91,27.1,27.51,807600.0,27.51
2009-06-22,28.57,28.76,27.71,27.78,717600.0,27.78
2009-06-19,29.04,29.17,28.67,28.85,1404000.0,28.85
2009-06-18,29.39,29.39,28.61,28.86,1162400.0,28.86
2009-06-17,28.99,29.44,28.38,29.22,1809700.0,29.22
2009-06-16,29.83,29.9,28.82,28.9,1235200.0,28.9
2009-06-15,30.55,30.55,29.42,29.59,1367700.0,29.59
2009-06-12,31.04,31.06,30.23,30.95,763300.0,30.95
2009-06-11,31.21,31.8,31.0,31.09,787700.0,31.09
2009-06-10,32.14,32.22,30.63,31.19,1380300.0,31.19
2009-06-09,32.26,32.64,31.35,31.89,1393200.0,31.89
2009-06-08,32.02,32.38,31.34,32.08,1454500.0,32.08
2009-06-05,32.35,32.67,31.85,32.13,1831400.0,32.13
2009-06-04,32.35,32.35,31.37,32.0,1175500.0,32.0
2009-06-03,32.62,32.75,31.9,32.25,1282000.0,32.25
2009-06-02,32.82,33.37,32.58,32.88,1117200.0,32.88
2009-06-01,32.37,33.33,32.09,33.01,1299600.0,33.01
2009-05-29,31.94,32.12,31.37,32.07,1120800.0,32.07
2009-05-28,31.67,32.16,30.59,31.58,1511600.0,31.58
2009-05-27,32.6,32.71,31.57,31.68,1486800.0,31.68
2009-05-26,31.64,32.82,31.42,32.72,2082400.0,32.72
2009-05-22,31.79,32.25,31.3,31.78,1098000.0,31.78
2009-05-21,31.58,32.28,31.42,31.76,1780400.0,31.76
2009-05-20,33.17,33.66,31.91,32.04,2431500.0,32.04
2009-05-19,32.79,33.32,32.03,32.96,2212500.0,32.96
2009-05-18,32.22,33.05,32.07,33.0,2879200.0,33.0
2009-05-15,30.83,31.94,30.64,31.58,2567000.0,31.58
2009-05-14,31.12,31.6,30.63,30.73,1558200.0,30.73
2009-05-13,31.54,32.2,30.92,30.99,1939700.0,30.99
2009-05-12,33.95,34.34,31.57,32.37,3003500.0,32.37
2009-05-11,35.29,35.29,33.29,33.53,2531000.0,33.53
2009-05-08,37.02,37.2,34.83,35.7,3090700.0,35.7
2009-05-07,38.02,38.35,36.06,36.36,2508600.0,36.36
2009-05-06,39.6,39.67,37.27,37.8,2054800.0,37.8
2009-05-05,39.29,39.94,38.26,38.76,2270300.0,38.76
2009-05-04,40.48,41.24,39.03,39.52,3075200.0,39.52
2009-05-01,40.37,40.41,39.0,40.1,1869400.0,40.1
2009-04-30,39.0,41.28,38.79,40.3,3902800.0,40.3
2009-04-29,37.36,38.62,36.83,38.28,2002400.0,38.28
2009-04-28,36.05,37.11,35.91,36.75,2426800.0,36.75
2009-04-27,36.84,37.66,36.15,36.56,2040700.0,36.56
2009-04-24,35.78,37.9,35.78,37.23,3079600.0,37.23
2009-04-23,34.7,37.16,32.9,35.61,3895400.0,35.61
2009-04-22,31.79,34.64,31.2,33.02,2755200.0,33.02
2009-04-21,31.22,32.18,30.3,32.11,1917600.0,32.11
2009-04-20,32.9,32.9,31.36,31.79,1529100.0,31.79
2009-04-17,32.87,34.07,32.61,33.53,1899700.0,33.53
2009-04-16,32.56,33.53,32.28,33.31,1247900.0,33.31
2009-04-15,31.97,32.43,31.26,32.27,1181300.0,32.27
2009-04-14,32.9,32.93,31.75,32.0,1069900.0,32.0
2009-04-13,33.17,33.63,32.38,33.37,1199200.0,33.37
2009-04-09,32.18,34.29,32.18,33.53,2595400.0,33.53
2009-04-08,30.71,31.44,30.25,31.23,1517300.0,31.23
2009-04-07,31.98,31.98,30.39,30.61,2473400.0,30.61
2009-04-06,33.69,33.78,32.2,33.0,1829100.0,33.0
2009-04-03,33.8,34.14,32.96,33.97,2020600.0,33.97
2009-04-02,32.48,35.3,32.3,33.93,2742800.0,33.93
2009-04-01,31.23,33.33,30.73,33.18,2203500.0,33.18
2009-03-31,30.62,32.83,30.55,31.56,4322500.0,31.56
2009-03-30,30.68,30.8,29.76,30.55,1772600.0,30.55
2009-03-27,31.48,31.98,31.0,31.55,1422800.0,31.55
2009-03-26,30.0,32.41,30.0,32.34,2188200.0,32.34
2009-03-25,28.35,30.32,28.35,29.91,2595200.0,29.91
2009-03-24,28.12,28.82,27.59,28.27,1756100.0,28.27
2009-03-23,26.51,28.67,26.35,28.53,1077600.0,28.53
2009-03-20,26.67,26.89,25.5,25.85,1443000.0,25.85
2009-03-19,26.73,27.24,26.44,26.59,1474500.0,26.59
2009-03-18,24.74,26.94,24.33,26.71,2042400.0,26.71
2009-03-17,24.12,24.83,23.54,24.83,1012900.0,24.83
2009-03-16,24.3,25.1,24.0,24.12,1124500.0,24.12
2009-03-13,23.91,24.48,23.5,24.01,1126400.0,24.01
2009-03-12,22.55,23.96,22.08,23.88,1450100.0,23.88
2009-03-11,22.77,23.08,22.12,22.68,1576600.0,22.68
2009-03-10,20.85,22.75,20.66,22.73,1599300.0,22.73
2009-03-09,20.61,21.26,20.1,20.35,1213600.0,20.35
2009-03-06,21.25,21.36,20.29,20.87,1257500.0,20.87
2009-03-05,22.31,22.31,20.62,20.81,1591800.0,20.81
2009-03-04,21.15,22.91,21.15,22.46,1268500.0,22.46
2009-03-03,22.35,22.88,21.11,21.57,2160600.0,21.57
2009-03-02,23.22,23.34,21.85,22.34,1749500.0,22.34
2009-02-27,22.82,24.17,22.51,23.67,2156200.0,23.67
2009-02-26,24.45,24.58,23.0,23.11,1391400.0,23.11
2009-02-25,24.81,25.04,23.68,24.14,1154100.0,24.14
2009-02-24,23.91,25.36,23.38,25.0,1479800.0,25.0
2009-02-23,25.09,25.56,23.69,23.76,1352000.0,23.76
2009-02-20,24.83,25.41,24.39,24.96,1849900.0,24.96
2009-02-19,26.42,26.53,25.27,25.47,1254800.0,25.47
2009-02-18,26.58,26.93,25.72,26.05,1633300.0,26.05
2009-02-17,27.46,27.63,26.52,26.6,1951400.0,26.6
2009-02-13,28.47,28.68,27.78,28.04,1089600.0,28.04
2009-02-12,28.09,28.53,27.16,28.39,2413700.0,28.39
2009-02-11,28.41,28.96,28.07,28.47,1184100.0,28.47
2009-02-10,29.17,29.88,28.2,28.37,1833000.0,28.37
2009-02-09,29.9,30.11,29.3,29.59,1604100.0,29.59
2009-02-06,29.33,30.2,28.94,29.97,2069700.0,29.97
2009-02-05,28.69,29.37,28.28,28.9,1776800.0,28.9
2009-02-04,29.68,30.01,28.64,28.76,1555400.0,28.76
2009-02-03,30.02,30.23,29.34,29.74,1988000.0,29.74
2009-02-02,28.33,30.92,28.33,29.75,2650700.0,29.75
2009-01-30,30.73,30.98,28.82,28.91,5369000.0,28.91
2009-01-29,33.97,34.0,30.51,30.65,7992200.0,30.65
2009-01-28,37.76,39.98,37.6,38.74,1907800.0,38.74
2009-01-27,36.14,37.18,35.78,37.07,1081500.0,37.07
2009-01-26,36.37,37.88,35.7,36.25,1700700.0,36.25
2009-01-23,36.54,37.29,36.01,36.43,1315000.0,36.43
2009-01-22,37.75,38.0,36.6,37.42,1198800.0,37.42
2009-01-21,37.55,38.89,37.08,38.82,1278100.0,38.82
2009-01-20,39.02,39.33,37.31,37.46,1253300.0,37.46
2009-01-16,39.8,40.13,38.37,39.5,1398000.0,39.5
2009-01-15,39.43,39.84,38.04,39.06,1537600.0,39.06
2009-01-14,40.15,40.18,39.0,39.3,1238500.0,39.3
2009-01-13,41.03,41.36,40.25,40.8,829000.0,40.8
2009-01-12,42.01,42.43,40.88,41.19,946100.0,41.19
2009-01-09,44.1,44.53,41.89,42.02,1305100.0,42.02
2009-01-08,44.25,44.25,42.66,43.74,1703600.0,43.74
2009-01-07,45.5,45.87,43.87,44.52,1270300.0,44.52
2009-01-06,44.95,46.66,44.72,46.11,1258000.0,46.11
2009-01-05,43.18,45.58,43.18,44.85,1203900.0,44.85
2009-01-02,41.93,44.0,41.3,43.78,1076600.0,43.78
2008-12-31,42.56,42.56,40.9,41.81,1234500.0,41.81
2008-12-30,42.09,42.91,41.74,42.66,613800.0,42.66
2008-12-29,42.73,42.95,41.87,42.29,712400.0,42.29
2008-12-26,42.06,42.78,41.79,42.68,463400.0,42.68
2008-12-24,42.42,42.9,42.01,42.56,358000.0,42.56
2008-12-23,43.49,43.64,41.46,42.01,991600.0,42.01
2008-12-22,44.52,44.52,42.48,43.47,1323600.0,43.47
2008-12-19,44.07,45.3,43.92,44.51,1045600.0,44.51
2008-12-18,44.25,44.77,43.1,43.87,938800.0,43.87
2008-12-17,43.37,44.49,42.53,44.25,848900.0,44.25
2008-12-16,41.65,44.4,41.24,44.33,889600.0,44.33
2008-12-15,42.57,42.57,40.41,41.27,854400.0,41.27
2008-12-12,40.55,42.78,40.41,42.57,1071200.0,42.57
2008-12-11,43.25,43.85,41.51,41.84,1192600.0,41.84
2008-12-10,44.07,45.41,43.68,44.66,814600.0,44.66
2008-12-09,44.46,45.66,43.43,44.34,1042400.0,44.34
2008-12-08,45.75,46.24,43.83,45.13,1073800.0,45.13
2008-12-05,42.13,44.45,41.0,44.37,717100.0,44.37
2008-12-04,42.02,44.56,41.54,42.41,957500.0,42.41
2008-12-03,40.88,42.88,40.68,42.71,820400.0,42.71
2008-12-02,40.36,41.88,40.09,41.86,717000.0,41.86
2008-12-01,41.66,41.66,40.07,40.07,955000.0,40.07
2008-11-28,43.0,43.38,42.06,42.44,378300.0,42.44
2008-11-26,40.46,43.39,40.04,43.13,985200.0,43.13
2008-11-25,41.3,41.84,39.55,40.92,1584400.0,40.92
2008-11-24,35.76,39.95,35.24,39.24,1272700.0,39.24
2008-11-21,33.75,35.54,32.31,35.54,1153600.0,35.54
2008-11-20,36.46,36.98,33.02,33.17,1415800.0,33.17
2008-11-19,39.41,39.41,36.75,36.78,923900.0,36.78
2008-11-18,38.74,39.96,38.65,39.61,1114200.0,39.61
2008-11-17,39.19,40.4,38.27,39.12,653200.0,39.12
2008-11-14,41.66,41.95,39.33,39.48,678100.0,39.48
2008-11-13,40.13,42.04,37.65,42.04,1322100.0,42.04
2008-11-12,41.9,41.99,39.82,39.95,1124000.0,39.95
2008-11-11,43.05,43.7,41.78,42.67,962100.0,42.67
2008-11-10,46.18,46.72,43.07,43.54,988200.0,43.54
2008-11-07,45.91,46.31,44.45,45.49,746200.0,45.49
2008-11-06,48.0,48.0,45.42,45.63,778200.0,45.63
2008-11-05,51.86,52.34,48.09,48.32,1052900.0,48.32
2008-11-04,51.64,52.49,50.84,52.42,708700.0,52.42
2008-11-03,50.08,51.4,50.01,50.74,375200.0,50.74
2008-10-31,49.77,51.67,49.17,50.62,921100.0,50.62
2008-10-30,49.54,50.0,47.86,49.68,684100.0,49.68
2008-10-29,48.73,50.5,47.72,48.16,922900.0,48.16
2008-10-28,46.86,49.2,44.35,49.2,1105600.0,49.2
2008-10-27,44.3,47.79,43.62,46.11,1203000.0,46.11
2008-10-24,45.08,46.91,44.18,44.98,918400.0,44.98
2008-10-23,47.15,49.35,45.33,47.75,1179400.0,47.75
2008-10-22,50.45,50.97,47.41,49.47,839000.0,49.47
2008-10-21,53.12,53.38,51.6,51.98,475200.0,51.98
2008-10-20,51.65,53.65,51.31,53.58,609600.0,53.58
2008-10-17,53.97,54.4,51.35,51.8,984500.0,51.8
2008-10-16,49.92,54.26,47.05,53.66,1437300.0,53.66
2008-10-15,52.49,52.99,49.65,49.99,990200.0,49.99
2008-10-14,55.9,59.65,52.0,52.96,906300.0,52.96
2008-10-13,53.25,54.52,51.9,54.17,861600.0,54.17
2008-10-10,50.0,53.39,48.15,52.05,1481500.0,52.05
2008-10-09,52.96,54.58,50.69,51.13,1028200.0,51.13
2008-10-08,52.0,55.25,51.16,53.18,1069100.0,53.18
2008-10-07,56.41,56.92,53.12,53.12,925300.0,53.12
2008-10-06,54.71,56.49,52.7,55.82,1050700.0,55.82
2008-10-03,58.45,59.14,55.83,55.87,944400.0,55.87
2008-10-02,59.72,59.99,57.15,57.67,633300.0,57.67
2008-10-01,60.08,60.45,58.21,60.17,567800.0,60.17
2008-09-30,60.43,61.01,58.77,60.75,779600.0,60.75
2008-09-29,62.0,62.09,58.35,59.3,839600.0,59.3
2008-09-26,61.67,63.03,61.29,62.89,384200.0,62.89
2008-09-25,61.87,63.03,61.75,62.51,469500.0,62.51
2008-09-24,62.17,62.51,60.75,61.39,448100.0,61.39
2008-09-23,63.39,64.2,61.3,61.97,807500.0,61.97
2008-09-22,66.49,66.6,63.57,63.66,597700.0,63.66
2008-09-19,68.51,69.5,66.35,67.29,1204100.0,67.29
2008-09-18,64.23,66.55,61.63,66.27,1573800.0,66.27
2008-09-17,65.41,65.75,63.07,63.5,1223900.0,63.5
2008-09-16,65.0,66.75,63.65,66.4,951000.0,66.4
2008-09-15,66.52,68.48,65.51,66.36,668000.0,66.36
2008-09-12,66.11,67.85,65.14,67.65,896900.0,67.65
2008-09-11,64.71,66.89,63.86,66.75,1030200.0,66.75
2008-09-10,66.43,66.9,64.85,65.74,1021800.0,65.74
2008-09-09,65.84,67.14,65.47,66.35,1376600.0,66.35
2008-09-08,66.0,66.81,64.99,66.18,1209300.0,66.18
2008-09-05,62.4,63.8,61.49,63.49,953400.0,63.49
2008-09-04,64.46,65.3,63.0,63.3,715300.0,63.3
2008-09-03,63.6,65.27,63.47,64.8,688800.0,64.8
2008-09-02,63.97,66.19,63.31,63.74,679800.0,63.74
2008-08-29,61.93,63.65,61.93,63.25,594800.0,63.25
2008-08-28,61.16,62.62,60.92,62.34,418400.0,62.34
2008-08-27,60.46,61.47,60.2,60.77,635300.0,60.77
2008-08-26,60.98,60.98,59.88,60.63,585500.0,60.63
2008-08-25,61.75,61.75,60.3,60.91,667800.0,60.91
2008-08-22,61.61,62.28,61.12,62.15,612900.0,62.15
2008-08-21,60.66,61.45,59.9,61.23,791500.0,61.23
2008-08-20,62.2,62.46,60.83,61.4,746200.0,61.4
2008-08-19,63.2,63.33,61.59,62.33,685900.0,62.33
2008-08-18,65.35,66.09,63.46,63.94,841800.0,63.94
2008-08-15,65.65,66.43,65.05,65.59,668000.0,65.59
2008-08-14,63.54,65.59,63.18,65.26,890400.0,65.26
2008-08-13,64.01,64.56,62.67,63.63,885800.0,63.63
2008-08-12,65.18,65.73,63.95,64.06,1049100.0,64.06
2008-08-11,63.71,66.81,63.1,65.21,1132900.0,65.21
2008-08-08,61.7,64.22,61.35,64.17,607200.0,64.17
2008-08-07,61.14,62.35,60.8,61.85,892000.0,61.85
2008-08-06,61.92,61.92,60.3,61.74,692300.0,61.74
2008-08-05,59.42,62.22,59.28,62.06,1148400.0,62.06
2008-08-04,59.34,59.56,57.71,58.54,701600.0,58.54
2008-08-01,60.12,60.41,57.84,59.29,935400.0,59.29
2008-07-31,59.82,60.69,59.04,60.02,1063200.0,60.02
2008-07-30,60.11,60.94,59.36,60.34,845700.0,60.34
2008-07-29,58.19,59.93,58.05,59.87,995400.0,59.87
2008-07-28,57.14,59.6,57.11,58.18,1514300.0,58.18
2008-07-25,59.94,61.98,56.47,56.93,2463800.0,56.93
2008-07-24,60.28,61.25,59.45,59.74,1548600.0,59.74
2008-07-23,59.28,60.45,58.8,59.98,1150600.0,59.98
2008-07-22,55.9,59.08,55.46,58.96,1155300.0,58.96
2008-07-21,57.4,57.73,55.41,56.67,946700.0,56.67
2008-07-18,58.79,58.99,56.97,57.5,1427600.0,57.5
2008-07-17,55.66,59.3,54.85,59.07,1914900.0,59.07
2008-07-16,52.67,55.23,51.79,55.16,1433200.0,55.16
2008-07-15,53.17,54.38,51.56,52.91,1509200.0,52.91
2008-07-14,54.95,55.59,52.9,53.31,938500.0,53.31
2008-07-11,54.45,54.54,52.47,54.23,1903100.0,54.23
2008-07-10,55.19,55.68,54.17,54.97,1091200.0,54.97
2008-07-09,58.11,58.85,55.24,55.47,1585900.0,55.47
2008-07-08,55.84,58.47,55.01,58.25,1114300.0,58.25
2008-07-07,56.75,57.72,54.89,56.01,1293100.0,56.01
2008-07-03,55.77,56.81,55.09,56.53,852800.0,56.53
2008-07-02,55.41,56.99,55.41,55.66,1204700.0,55.66
2008-07-01,56.99,57.16,55.48,56.1,1318300.0,56.1
2008-06-30,58.42,59.0,57.33,57.51,644200.0,57.51
2008-06-27,58.52,59.03,57.8,58.41,1007800.0,58.41
2008-06-26,60.03,60.03,58.53,58.74,1085000.0,58.74
2008-06-25,59.6,60.95,59.0,60.32,1007500.0,60.32
2008-06-24,57.86,59.68,57.5,58.98,928900.0,58.98
2008-06-23,58.75,59.2,57.87,58.18,638400.0,58.18
2008-06-20,59.66,59.66,58.11,58.5,609000.0,58.5
2008-06-19,58.36,59.81,57.71,59.66,685300.0,59.66
2008-06-18,58.78,58.81,57.54,58.09,712200.0,58.09
2008-06-17,60.54,60.54,58.9,59.0,946300.0,59.0
2008-06-16,60.28,60.55,59.55,60.2,515300.0,60.2
2008-06-13,59.88,60.39,59.26,60.27,1196600.0,60.27
2008-06-12,59.78,60.63,59.47,59.68,931500.0,59.68
2008-06-11,61.19,61.19,59.14,59.22,1018400.0,59.22
2008-06-10,60.33,61.83,60.32,61.34,1068100.0,61.34
2008-06-09,62.66,62.66,60.37,61.04,1476700.0,61.04
2008-06-06,63.12,63.28,61.98,62.11,903800.0,62.11
2008-06-05,63.51,64.15,63.27,63.86,552200.0,63.86
2008-06-04,62.42,63.51,62.02,63.02,570500.0,63.02
2008-06-03,62.6,62.8,61.8,62.34,1004400.0,62.34
2008-06-02,64.14,64.36,62.71,63.06,878400.0,63.06
2008-05-30,64.06,64.87,64.02,64.7,759600.0,64.7
2008-05-29,63.75,64.46,63.26,64.0,393600.0,64.0
2008-05-28,62.68,63.92,62.68,63.73,567400.0,63.73
2008-05-27,62.85,63.47,61.94,62.67,690400.0,62.67
2008-05-23,63.75,64.02,62.33,63.05,535100.0,63.05
2008-05-22,63.73,64.53,63.47,63.88,703600.0,63.88
2008-05-21,65.85,66.09,63.54,63.98,718100.0,63.98
2008-05-20,66.3,66.58,65.71,66.08,430700.0,66.08
2008-05-19,67.56,68.05,66.55,66.84,469700.0,66.84
2008-05-16,68.74,68.88,66.78,67.51,596200.0,67.51
2008-05-15,67.64,68.57,67.26,68.38,651700.0,68.38
2008-05-14,66.66,67.73,66.01,67.51,1357200.0,67.51
2008-05-13,66.66,67.32,65.5,66.42,864600.0,66.42
2008-05-12,66.8,67.42,66.14,67.12,581800.0,67.12
2008-05-09,66.83,67.68,66.75,66.82,507800.0,66.82
2008-05-08,67.93,68.83,67.08,67.65,579900.0,67.65
2008-05-07,67.24,69.05,67.06,67.77,1050700.0,67.77
2008-05-06,67.4,67.61,66.38,67.15,494600.0,67.15
2008-05-05,66.97,67.97,66.97,67.38,371900.0,67.38
2008-05-02,67.81,68.74,67.05,67.61,633100.0,67.61
2008-05-01,65.63,67.35,65.48,67.13,506600.0,67.13
2008-04-30,67.81,67.81,65.43,65.63,906800.0,65.63
2008-04-29,67.91,68.91,67.31,67.78,611700.0,67.78
2008-04-28,67.91,69.16,67.69,68.66,671800.0,68.66
2008-04-25,67.81,69.16,67.0,67.58,855200.0,67.58
2008-04-24,66.26,69.07,64.81,67.89,1862700.0,67.89
2008-04-23,68.25,68.25,65.66,66.82,1132000.0,66.82
2008-04-22,67.87,68.49,66.95,67.6,462400.0,67.6
2008-04-21,68.09,68.36,66.95,68.0,590500.0,68.0
2008-04-18,67.28,68.99,67.06,68.33,615000.0,68.33
2008-04-17,67.29,68.44,66.29,66.72,716800.0,66.72
2008-04-16,67.1,68.56,66.41,68.04,1121800.0,68.04
2008-04-15,66.26,66.88,65.82,66.66,455200.0,66.66
2008-04-14,66.19,66.47,65.52,66.28,588000.0,66.28
2008-04-11,66.01,67.34,65.67,66.29,476500.0,66.29
2008-04-10,67.68,67.73,66.27,67.43,950300.0,67.43
2008-04-09,69.21,70.09,67.25,67.54,1017500.0,67.54
2008-04-08,70.26,70.73,69.22,70.25,563000.0,70.25
2008-04-07,70.7,71.23,69.83,70.38,789300.0,70.38
2008-04-04,70.41,71.11,69.74,70.69,630500.0,70.69
2008-04-03,68.66,70.57,68.58,69.99,656700.0,69.99
2008-04-02,69.3,70.51,68.99,69.74,691000.0,69.74
2008-04-01,66.74,69.05,66.74,68.91,732500.0,68.91
2008-03-31,65.09,66.75,64.5,66.1,912000.0,66.1
2008-03-28,66.0,66.05,65.07,65.47,518100.0,65.47
2008-03-27,67.59,67.59,65.62,65.89,631200.0,65.89
2008-03-26,69.75,69.75,67.18,67.3,849500.0,67.3
2008-03-25,69.83,70.41,68.6,70.22,867800.0,70.22
2008-03-24,67.73,71.94,67.54,69.53,1091200.0,69.53
2008-03-20,65.79,67.23,65.36,67.17,935900.0,67.17
2008-03-19,66.45,68.23,65.71,65.71,999000.0,65.71
2008-03-18,63.79,65.51,62.94,65.51,984400.0,65.51
2008-03-17,64.04,64.19,61.71,62.47,1525400.0,62.47
2008-03-14,66.57,66.71,63.57,64.59,765500.0,64.59
2008-03-13,65.0,66.85,63.86,66.22,792400.0,66.22
2008-03-12,65.56,66.64,64.0,65.13,1307000.0,65.13
2008-03-11,63.5,65.36,62.7,65.36,1208400.0,65.36
2008-03-10,64.61,64.75,62.19,62.19,1497300.0,62.19
2008-03-07,65.49,65.86,64.19,64.42,1066800.0,64.42
2008-03-06,67.01,67.25,65.39,65.42,1109000.0,65.42
2008-03-05,68.83,69.45,67.07,67.46,1058900.0,67.46
2008-03-04,68.27,69.16,67.75,68.73,970700.0,68.73
2008-03-03,68.82,69.91,67.15,69.05,1588400.0,69.05
2008-02-29,70.48,70.69,68.68,68.77,1289400.0,68.77
2008-02-28,70.92,71.16,70.04,70.61,669300.0,70.61
2008-02-27,71.07,72.4,70.99,71.28,564300.0,71.28
2008-02-26,69.5,72.03,69.0,71.64,1619200.0,71.64
2008-02-25,67.03,69.76,66.3,69.52,1304500.0,69.52
2008-02-22,67.25,67.25,65.11,66.87,956700.0,66.87
2008-02-21,68.2,69.06,66.76,67.05,826100.0,67.05
2008-02-20,67.5,68.41,66.49,68.2,1129800.0,68.2
2008-02-19,68.81,69.13,67.61,67.95,683300.0,67.95
2008-02-15,68.5,68.99,67.51,68.16,1024800.0,68.16
2008-02-14,70.65,70.65,68.04,68.61,878400.0,68.61
2008-02-13,68.38,70.3,67.88,70.08,1479600.0,70.08
2008-02-12,69.3,69.3,67.14,67.64,1076000.0,67.64
2008-02-11,68.67,69.21,67.5,68.75,816700.0,68.75
2008-02-08,69.53,70.25,67.84,68.66,858000.0,68.66
2008-02-07,68.44,70.45,68.1,69.77,1158100.0,69.77
2008-02-06,70.16,71.08,68.41,68.69,1223900.0,68.69
2008-02-05,71.58,72.37,69.69,69.69,1448800.0,69.69
2008-02-04,74.14,74.14,72.07,72.72,1183200.0,72.72
2008-02-01,72.66,74.24,71.0,73.09,1524000.0,73.09
2008-01-31,68.04,73.5,67.35,72.54,1569900.0,72.54
2008-01-30,70.02,71.1,68.0,69.08,1176900.0,69.08
2008-01-29,70.5,70.6,68.28,69.79,1207600.0,69.79
2008-01-28,65.65,70.14,65.65,69.88,2885500.0,69.88
2008-01-25,70.22,71.37,68.72,69.98,2430400.0,69.98
2008-01-24,73.05,73.75,70.05,70.23,1695300.0,70.23
2008-01-23,65.09,73.34,65.09,73.05,2580800.0,73.05
2008-01-22,64.06,68.31,64.06,67.57,1657600.0,67.57
2008-01-18,64.72,65.93,63.44,65.75,1367200.0,65.75
2008-01-17,66.1,66.97,64.02,64.4,1370700.0,64.4
2008-01-16,63.73,67.15,63.35,65.99,1696100.0,65.99
2008-01-15,64.8,64.95,63.41,63.9,1372300.0,63.9
2008-01-14,66.02,66.19,65.09,65.72,865800.0,65.72
2008-01-11,65.3,66.92,65.13,65.52,1053600.0,65.52
2008-01-10,65.55,67.35,64.98,66.18,2024125.0,66.18
2008-01-09,65.0,66.25,63.9,66.25,1513700.0,66.25
2008-01-08,65.38,66.49,64.79,64.98,1808300.0,64.98
2008-01-07,66.64,67.19,64.63,65.03,1853800.0,65.03
2008-01-04,68.67,68.67,65.62,66.36,2286500.0,66.36
2008-01-03,70.21,70.21,69.0,69.19,1143800.0,69.19
2008-01-02,69.46,70.16,69.0,69.93,1206600.0,69.93
2007-12-31,69.5,70.29,69.15,69.65,812300.0,69.65
2007-12-28,69.81,70.38,69.18,69.5,746400.0,69.5
2007-12-27,70.79,71.17,69.47,69.61,680300.0,69.61
2007-12-26,71.4,71.51,71.02,71.16,522600.0,71.16
2007-12-24,70.43,72.31,70.43,71.81,300100.0,71.81
2007-12-21,71.08,71.13,69.8,70.91,1353500.0,70.91
2007-12-20,71.71,72.29,69.85,70.42,967900.0,70.42
2007-12-19,71.54,72.39,71.06,71.38,873600.0,71.38
2007-12-18,71.23,71.84,69.83,71.39,1458900.0,71.39
2007-12-17,72.64,72.73,70.2,70.22,2389700.0,70.22
2007-12-14,73.58,78.19,71.95,73.31,5681400.0,73.31
2007-12-13,80.07,80.32,79.04,80.13,703300.0,80.13
2007-12-12,81.45,81.94,79.36,80.37,968500.0,80.37
2007-12-11,82.14,82.7,79.47,79.5,925100.0,79.5
2007-12-10,82.19,82.97,81.76,82.51,403800.0,82.51
2007-12-07,84.36,84.36,81.75,82.06,471600.0,82.06
2007-12-06,80.75,83.08,79.65,82.7,610400.0,82.7
2007-12-05,81.18,81.38,79.94,80.78,544400.0,80.78
2007-12-04,80.94,81.35,79.84,80.09,502100.0,80.09
2007-12-03,82.63,82.91,81.16,81.26,620200.0,81.26
2007-11-30,83.44,84.76,81.67,82.65,1023200.0,82.65
2007-11-29,81.66,83.25,80.7,82.61,888800.0,82.61
2007-11-28,81.1,82.29,80.59,82.09,903600.0,82.09
2007-11-27,80.27,81.13,79.37,80.66,953500.0,80.66
2007-11-26,81.95,82.6,79.95,80.02,582800.0,80.02
2007-11-23,80.73,82.28,80.52,82.11,321400.0,82.11
2007-11-21,80.69,81.33,79.85,79.85,1108900.0,79.85
2007-11-20,82.05,83.68,80.26,81.52,1298900.0,81.52
2007-11-19,83.85,84.2,81.25,82.08,1539200.0,82.08
2007-11-16,85.4,86.13,82.84,84.55,850000.0,84.55
2007-11-15,85.59,87.17,84.5,84.75,996200.0,84.75
2007-11-14,88.07,88.43,85.58,85.77,676700.0,85.77
2007-11-13,84.65,87.86,83.41,87.76,1573800.0,87.76
2007-11-12,82.65,84.9,82.45,83.28,1285500.0,83.28
2007-11-09,81.71,84.19,81.44,83.02,1032500.0,83.02
2007-11-08,82.4,83.24,81.35,82.97,834800.0,82.97
2007-11-07,83.38,84.27,82.33,82.33,734200.0,82.33
2007-11-06,84.85,85.4,83.94,85.06,1018200.0,85.06
2007-11-05,86.26,86.54,83.91,85.41,1166400.0,85.41
2007-11-02,87.88,88.15,86.02,86.57,823700.0,86.57
2007-11-01,88.85,89.06,87.48,87.5,975300.0,87.5
2007-10-31,90.05,90.47,88.4,89.91,1267100.0,89.91
2007-10-30,90.73,90.73,89.47,89.77,1246400.0,89.77
2007-10-29,92.0,92.3,90.4,90.85,1091200.0,90.85
2007-10-26,90.4,91.76,89.79,91.39,1387400.0,91.39
2007-10-25,89.68,89.97,85.64,89.74,3074300.0,89.74
2007-10-24,79.1,83.18,78.85,83.0,2214200.0,83.0
2007-10-23,81.68,82.13,78.65,79.27,1421000.0,79.27
2007-10-22,77.18,82.12,77.18,81.54,1838100.0,81.54
2007-10-19,78.98,79.5,77.46,77.55,1223000.0,77.55
2007-10-18,79.5,80.32,78.76,79.22,1091900.0,79.22
2007-10-17,80.15,80.56,77.65,79.96,1458400.0,79.96
2007-10-16,80.01,80.47,79.18,79.98,656300.0,79.98
2007-10-15,80.95,81.05,79.83,80.2,729100.0,80.2
2007-10-12,80.83,81.76,80.48,80.78,708500.0,80.78
2007-10-11,82.55,83.49,80.6,81.11,713100.0,81.11
2007-10-10,82.24,82.55,81.5,82.08,668900.0,82.08
2007-10-09,84.1,84.36,81.47,82.64,820100.0,82.64
2007-10-08,83.01,83.85,82.84,83.67,608800.0,83.67
2007-10-05,82.51,84.52,82.15,83.72,815400.0,83.72
2007-10-04,83.0,83.01,81.05,81.82,914900.0,81.82
2007-10-03,83.05,84.0,82.7,83.16,571000.0,83.16
2007-10-02,83.59,83.96,82.59,83.25,402900.0,83.25
2007-10-01,83.62,83.91,82.07,83.37,760200.0,83.37
2007-09-28,82.65,83.91,82.34,83.3,625500.0,83.3
2007-09-27,82.38,83.26,81.82,82.85,781800.0,82.85
2007-09-26,82.38,82.78,80.52,82.07,713000.0,82.07
2007-09-25,82.19,82.73,80.58,82.32,1234400.0,82.32
2007-09-24,84.04,84.27,82.64,82.9,858800.0,82.9
2007-09-21,85.22,85.42,84.3,84.31,713000.0,84.31
2007-09-20,84.96,86.61,84.28,84.38,1006100.0,84.38
2007-09-19,86.4,88.34,84.58,84.87,1714400.0,84.87
2007-09-18,82.65,86.36,81.39,86.27,1286000.0,86.27
2007-09-17,83.0,83.52,81.97,82.62,622800.0,82.62
2007-09-14,82.46,83.61,82.02,83.35,393300.0,83.35
2007-09-13,83.15,83.72,82.51,82.9,699600.0,82.9
2007-09-12,80.81,85.36,80.73,82.75,1700600.0,82.75
2007-09-11,80.21,81.3,79.3,81.24,1578600.0,81.24
2007-09-10,82.44,82.83,80.15,80.63,1579300.0,80.63
2007-09-07,83.57,83.82,82.0,82.37,1307900.0,82.37
2007-09-06,84.3,85.01,83.37,84.53,772600.0,84.53
2007-09-05,85.44,85.71,83.81,83.99,1014900.0,83.99
2007-09-04,86.6,87.18,85.57,86.37,596100.0,86.37
2007-08-31,86.5,87.44,86.06,86.75,650000.0,86.75
2007-08-30,84.48,86.31,84.39,85.42,759400.0,85.42
2007-08-29,83.74,85.56,83.46,85.44,1070600.0,85.44
2007-08-28,86.2,86.58,82.73,83.24,1569500.0,83.24
2007-08-27,87.69,88.27,86.8,86.89,353400.0,86.89
2007-08-24,87.24,88.17,87.23,87.77,652600.0,87.77
2007-08-23,89.29,89.47,86.73,87.45,729500.0,87.45
2007-08-22,88.18,88.79,87.53,88.21,541200.0,88.21
2007-08-21,88.08,88.28,86.07,87.38,865400.0,87.38
2007-08-20,88.0,88.99,87.14,88.32,770941.0,88.32
2007-08-17,91.66,92.06,87.01,87.99,2144700.0,87.99
2007-08-16,85.2,88.12,84.51,87.35,2697700.0,87.35
2007-08-15,87.58,89.19,86.86,86.99,1379800.0,86.99
2007-08-14,89.2,89.75,87.57,87.82,1099000.0,87.82
2007-08-13,89.68,90.11,87.71,88.58,1314800.0,88.58
2007-08-10,88.65,90.49,86.62,89.68,2229100.0,89.68
2007-08-09,90.88,92.01,89.57,89.6,2008900.0,89.6
2007-08-08,90.47,92.84,89.98,92.84,1531600.0,92.84
2007-08-07,88.35,89.89,87.75,89.48,1621400.0,89.48
2007-08-06,87.14,89.14,85.57,89.09,1524400.0,89.09
2007-08-03,89.35,89.69,87.61,87.61,1435200.0,87.61
2007-08-02,86.93,90.07,86.85,89.79,2027300.0,89.79
2007-08-01,86.06,87.25,84.57,86.57,1879000.0,86.57
2007-07-31,86.46,88.29,85.89,86.57,1916600.0,86.57
2007-07-30,84.55,86.85,83.16,86.2,2228800.0,86.2
2007-07-27,85.23,85.85,83.61,84.81,1802300.0,84.81
2007-07-26,87.44,89.0,84.0,84.93,3580100.0,84.93
2007-07-25,92.12,92.2,89.12,91.81,1095300.0,91.81
2007-07-24,93.05,93.49,91.42,91.86,994800.0,91.86
2007-07-23,93.96,95.11,93.03,93.53,592500.0,93.53
2007-07-20,95.72,95.81,93.2,93.95,1010800.0,93.95
2007-07-19,94.08,96.09,93.95,95.86,839600.0,95.86
2007-07-18,93.43,93.95,92.43,93.21,1153200.0,93.21
2007-07-17,95.07,95.59,94.49,94.49,644200.0,94.49
2007-07-16,95.11,95.71,94.64,95.0,655800.0,95.0
2007-07-13,95.3,96.34,94.4,95.21,1444700.0,95.21
2007-07-12,90.05,97.01,89.92,96.33,3734100.0,96.33
2007-07-11,87.0,89.91,87.0,89.78,1381600.0,89.78
2007-07-10,88.68,89.19,87.52,87.52,1141700.0,87.52
2007-07-09,88.92,89.53,88.14,89.39,463700.0,89.39
2007-07-06,88.55,88.93,87.75,88.93,643200.0,88.93
2007-07-05,89.0,89.05,87.74,88.19,567500.0,88.19
2007-07-03,88.83,89.09,88.67,88.84,196700.0,88.84
2007-07-02,88.98,89.51,88.68,88.96,519800.0,88.96
2007-06-29,89.38,89.81,87.89,88.31,792900.0,88.31
2007-06-28,88.85,89.38,88.38,89.1,586900.0,89.1
2007-06-27,87.0,89.01,86.86,89.01,1109100.0,89.01
2007-06-26,87.93,87.93,86.81,87.35,976100.0,87.35
2007-06-25,87.4,88.57,86.13,86.57,1053400.0,86.57
2007-06-22,88.81,88.87,86.64,87.4,1330200.0,87.4
2007-06-21,88.64,89.01,87.76,88.96,971600.0,88.96
2007-06-20,89.15,89.69,88.43,88.74,1124500.0,88.74
2007-06-19,88.37,89.26,86.89,89.07,850800.0,89.07
2007-06-18,88.4,89.06,88.25,88.36,1679200.0,88.36
2007-06-15,88.57,89.19,88.32,88.45,1629400.0,88.45
2007-06-14,89.34,90.07,88.5,88.51,1487400.0,88.51
2007-06-13,88.16,89.71,88.16,89.34,1395400.0,89.34
2007-06-12,89.99,90.3,88.36,88.52,1294140.0,88.52
2007-06-11,90.92,90.97,89.75,90.08,929400.0,90.08
2007-06-08,91.01,91.13,90.1,90.92,865500.0,90.92
2007-06-07,93.69,93.8,91.01,91.01,882800.0,91.01
2007-06-06,95.45,95.46,93.58,93.7,498600.0,93.7
2007-06-05,94.91,96.07,94.11,95.52,662900.0,95.52
2007-06-04,94.4,94.95,94.07,94.92,331900.0,94.92
2007-06-01,94.43,95.36,94.23,94.7,527600.0,94.7
2007-05-31,94.0,94.68,93.65,94.43,1407800.0,94.43
2007-05-30,92.91,94.17,92.46,94.0,654400.0,94.0
2007-05-29,92.68,93.31,92.23,93.14,647800.0,93.14
2007-05-25,92.57,93.26,91.98,92.67,461100.0,92.67
2007-05-24,92.05,93.71,91.66,91.81,709300.0,91.81
2007-05-23,92.92,93.26,92.16,92.2,505600.0,92.2
2007-05-22,91.87,93.19,91.22,92.83,833800.0,92.83
2007-05-21,93.46,94.3,93.06,93.72,515400.0,93.72
2007-05-18,93.0,93.68,92.71,93.46,457900.0,93.46
2007-05-17,93.26,93.68,92.66,92.89,358300.0,92.89
2007-05-16,92.5,93.36,91.84,93.26,624700.0,93.26
2007-05-15,94.11,94.11,92.58,92.6,1015800.0,92.6
2007-05-14,95.2,95.58,94.0,94.73,790600.0,94.73
2007-05-11,93.16,95.3,92.8,95.19,1392500.0,95.19
2007-05-10,94.71,94.71,92.79,92.8,862300.0,92.8
2007-05-09,92.9,94.77,92.54,94.7,756100.0,94.7
2007-05-08,92.78,92.9,91.42,92.81,621100.0,92.81
2007-05-07,92.5,92.99,92.42,92.78,383900.0,92.78
2007-05-04,91.69,92.45,91.07,92.36,624100.0,92.36
2007-05-03,91.79,92.01,91.15,91.69,643200.0,91.69
2007-05-02,90.5,91.78,89.95,91.7,661800.0,91.7
2007-05-01,90.49,90.84,89.75,90.46,904200.0,90.46
2007-04-30,91.98,92.06,90.72,90.72,1034800.0,90.72
2007-04-27,92.3,92.67,92.0,92.46,930300.0,92.46
2007-04-26,92.22,93.16,92.02,92.77,914100.0,92.77
2007-04-25,89.82,93.32,89.76,92.34,1763700.0,92.34
2007-04-24,89.0,90.3,88.39,89.76,1106700.0,89.76
2007-04-23,88.42,89.07,88.25,88.62,515000.0,88.62
2007-04-20,87.88,88.71,87.76,88.43,1042500.0,88.43
2007-04-19,88.05,88.75,87.69,87.85,852600.0,87.85
2007-04-18,87.39,88.74,87.35,88.37,1317200.0,88.37
2007-04-17,88.98,89.18,87.05,87.37,3480500.0,87.37
2007-04-16,83.18,84.04,82.99,83.72,574000.0,83.72
2007-04-13,82.55,83.23,82.35,83.18,520800.0,83.18
2007-04-12,82.0,82.65,81.4,82.55,548200.0,82.55
2007-04-11,83.13,83.27,81.89,82.0,601000.0,82.0
2007-04-10,83.18,83.65,83.0,83.13,335200.0,83.13
2007-04-09,84.01,84.3,83.32,83.43,324700.0,83.43
2007-04-05,83.24,84.1,83.04,83.93,426900.0,83.93
2007-04-04,82.84,83.57,82.64,83.33,675800.0,83.33
2007-04-03,82.28,83.23,82.19,82.67,571300.0,82.67
2007-04-02,81.8,82.28,81.75,82.06,528900.0,82.06
2007-03-30,81.45,82.45,81.37,81.62,543000.0,81.62
2007-03-29,82.16,82.36,81.03,81.45,647100.0,81.45
2007-03-28,83.0,83.0,81.27,81.69,805400.0,81.69
2007-03-27,83.5,83.51,82.4,83.0,802700.0,83.0
2007-03-26,84.66,84.86,83.43,83.71,978100.0,83.71
2007-03-23,84.35,85.24,83.97,84.73,337500.0,84.73
2007-03-22,85.0,85.29,84.51,84.67,428200.0,84.67
2007-03-21,83.69,84.96,83.31,84.8,372100.0,84.8
2007-03-20,83.02,83.87,82.9,83.69,565200.0,83.69
2007-03-19,82.25,83.4,82.05,83.01,653100.0,83.01
2007-03-16,83.16,83.8,81.58,81.86,1128200.0,81.86
2007-03-15,82.14,83.75,82.05,83.15,774500.0,83.15
2007-03-14,83.22,83.33,81.26,82.24,1052800.0,82.24
2007-03-13,84.94,85.28,83.13,83.39,1281200.0,83.39
2007-03-12,85.5,85.89,84.77,85.13,781500.0,85.13
2007-03-09,86.0,86.18,85.01,85.49,648300.0,85.49
2007-03-08,85.43,86.11,85.0,85.62,571100.0,85.62
2007-03-07,84.39,85.45,84.02,85.0,715000.0,85.0
2007-03-06,83.0,84.7,82.65,84.38,1020800.0,84.38
2007-03-05,82.43,83.66,82.02,82.58,833000.0,82.58
2007-03-02,83.85,84.14,82.75,82.86,487900.0,82.86
2007-03-01,83.73,84.51,82.13,83.99,910700.0,83.99
2007-02-28,84.13,84.83,83.37,84.23,952700.0,84.23
2007-02-27,86.66,86.67,83.43,84.17,602100.0,84.17
2007-02-26,87.9,88.24,86.9,87.13,341700.0,87.13
2007-02-23,87.13,87.85,86.98,87.42,309300.0,87.42
2007-02-22,88.57,88.88,86.97,87.49,254800.0,87.49
2007-02-21,87.65,88.83,87.56,88.32,531600.0,88.32
2007-02-20,88.17,88.22,87.19,87.82,540900.0,87.82
2007-02-16,88.06,88.73,87.42,88.43,445200.0,88.43
2007-02-15,87.95,88.62,87.6,88.4,468900.0,88.4
2007-02-14,87.25,88.03,86.6,88.01,548400.0,88.01
2007-02-13,86.76,87.87,86.48,86.8,946100.0,86.8
2007-02-12,87.6,88.07,86.66,86.89,782000.0,86.89
2007-02-09,88.31,89.9,87.0,87.43,675700.0,87.43
2007-02-08,88.34,88.43,87.69,87.87,313100.0,87.87
2007-02-07,88.27,88.79,87.6,88.34,521600.0,88.34
2007-02-06,88.5,88.94,87.98,88.53,482000.0,88.53
2007-02-05,89.45,89.85,88.3,88.66,910700.0,88.66
2007-02-02,90.0,90.91,89.46,89.82,621500.0,89.82
2007-02-01,87.53,90.32,87.48,90.09,1091500.0,90.09
2007-01-31,86.24,87.39,86.15,87.28,918900.0,87.28
2007-01-30,85.13,87.35,85.13,86.23,2414600.0,86.23
2007-01-29,82.48,83.95,82.13,83.14,1321000.0,83.14
2007-01-26,82.56,82.96,81.6,82.23,869800.0,82.23
2007-01-25,84.15,84.3,82.08,82.24,686900.0,82.24
2007-01-24,83.65,84.09,83.45,83.9,243000.0,83.9
2007-01-23,82.8,84.16,82.8,83.69,404500.0,83.69
2007-01-22,82.81,83.3,82.36,82.88,423900.0,82.88
2007-01-19,82.44,82.79,82.16,82.56,426000.0,82.56
2007-01-18,82.81,83.47,82.28,82.43,839500.0,82.43
2007-01-17,82.89,83.29,82.32,82.6,420600.0,82.6
2007-01-16,82.22,83.17,82.22,82.91,703000.0,82.91
2007-01-12,81.67,83.14,81.4,82.19,808900.0,82.19
2007-01-11,81.34,82.15,81.25,81.66,610400.0,81.66
2007-01-10,80.67,81.67,80.67,81.09,1073200.0,81.09
2007-01-09,80.48,80.96,80.05,80.67,1049200.0,80.67
2007-01-08,79.39,80.07,78.81,79.94,1156300.0,79.94
2007-01-05,79.9,79.93,79.25,79.39,981400.0,79.39
2007-01-04,80.23,80.32,79.39,80.12,762800.0,80.12
2007-01-03,80.05,81.08,79.92,80.23,892300.0,80.23
2006-12-29,79.79,80.39,79.72,79.97,600900.0,79.97
2006-12-28,78.76,79.9,78.52,79.7,771500.0,79.7
2006-12-27,78.4,79.31,78.37,79.12,558900.0,79.12
2006-12-26,77.75,78.69,77.75,78.55,612700.0,78.55
2006-12-22,78.02,78.31,77.42,77.76,678900.0,77.76
2006-12-21,77.98,78.61,77.9,78.1,878800.0,78.1
2006-12-20,77.58,78.6,77.57,77.92,868400.0,77.92
2006-12-19,77.55,78.0,77.1,77.58,1248800.0,77.58
2006-12-18,78.1,79.2,76.85,78.07,2907200.0,78.07
2006-12-15,81.82,82.87,78.03,78.26,9012300.0,78.26
2006-12-14,85.35,87.01,85.3,86.92,1129700.0,86.92
2006-12-13,86.37,87.08,86.2,86.55,600400.0,86.55
2006-12-12,86.25,86.82,85.99,86.42,366400.0,86.42
2006-12-11,86.64,87.09,85.9,86.25,342800.0,86.25
2006-12-08,86.1,86.95,86.1,86.71,327300.0,86.71
2006-12-07,86.99,87.66,86.39,86.54,387000.0,86.54
2006-12-06,86.85,87.51,86.75,86.79,312500.0,86.79
2006-12-05,87.0,87.2,86.47,86.85,472500.0,86.85
2006-12-04,85.1,86.99,85.1,86.61,581900.0,86.61
2006-12-01,85.89,85.93,84.39,85.09,591900.0,85.09
2006-11-30,85.09,86.74,84.66,85.88,962600.0,85.88
2006-11-29,85.15,85.78,84.91,85.09,1049900.0,85.09
2006-11-28,85.52,85.95,84.96,85.07,628300.0,85.07
2006-11-27,87.25,87.69,85.25,85.68,719500.0,85.68
2006-11-24,87.3,87.94,86.56,87.62,361800.0,87.62
2006-11-22,87.47,87.98,86.21,87.3,1111200.0,87.3
2006-11-21,87.83,88.26,87.42,87.86,613600.0,87.86
2006-11-20,87.85,88.69,87.65,87.83,571300.0,87.83
2006-11-17,88.14,88.78,87.22,88.06,1025900.0,88.06
2006-11-16,89.01,89.38,88.19,89.02,887900.0,89.02
2006-11-15,85.8,91.14,85.71,89.3,3045100.0,89.3
2006-11-14,84.61,85.92,83.26,85.71,973800.0,85.71
2006-11-13,83.7,85.2,83.7,84.4,632100.0,84.4
2006-11-10,85.34,85.75,82.68,83.68,1964600.0,83.68
2006-11-09,85.85,86.55,85.24,85.24,989000.0,85.24
2006-11-08,85.27,86.06,84.83,85.35,801500.0,85.35
2006-11-07,85.1,86.33,85.08,85.27,1071100.0,85.27
2006-11-06,85.0,85.2,84.78,85.1,866900.0,85.1
2006-11-03,84.67,85.12,84.22,84.99,993300.0,84.99
2006-11-02,84.92,85.15,84.18,84.67,1208100.0,84.67
2006-11-01,84.11,85.49,84.11,85.0,1577100.0,85.0
2006-10-31,84.44,84.63,83.26,83.88,1511500.0,83.88
2006-10-30,84.6,84.78,83.89,84.63,870700.0,84.63
2006-10-27,84.5,85.67,83.75,84.74,1856600.0,84.74
2006-10-26,79.55,85.49,79.36,84.99,2896900.0,84.99
2006-10-25,82.95,82.96,81.09,81.1,1939900.0,81.1
2006-10-24,83.85,83.86,83.13,83.35,812700.0,83.35
2006-10-23,82.75,83.84,82.45,83.71,1390300.0,83.71
2006-10-20,85.73,85.73,82.87,82.88,1510200.0,82.88
2006-10-19,85.31,86.15,85.2,85.73,451600.0,85.73
2006-10-18,85.75,86.34,84.6,85.24,825100.0,85.24
2006-10-17,86.77,86.77,84.65,85.4,919300.0,85.4
2006-10-16,85.0,86.88,85.0,86.76,763800.0,86.76
2006-10-13,84.29,84.99,84.17,84.87,646000.0,84.87
2006-10-12,83.05,85.26,82.8,84.29,946800.0,84.29
2006-10-11,82.58,82.8,81.88,82.45,481800.0,82.45
2006-10-10,82.4,83.01,82.23,82.57,598900.0,82.57
2006-10-09,80.75,82.44,80.75,82.2,609200.0,82.2
2006-10-06,81.6,81.6,80.56,80.75,871000.0,80.75
2006-10-05,80.9,81.96,80.85,81.77,1012000.0,81.77
2006-10-04,80.46,81.15,80.39,80.8,1012000.0,80.8
2006-10-03,80.13,80.74,79.9,80.45,861800.0,80.45
2006-10-02,79.6,80.4,79.0,80.12,945500.0,80.12
2006-09-29,80.33,80.5,78.96,79.35,821300.0,79.35
2006-09-28,79.5,80.3,79.44,80.29,705300.0,80.29
2006-09-27,79.3,79.99,78.87,79.5,834600.0,79.5
2006-09-26,79.1,80.0,78.73,79.39,855200.0,79.39
2006-09-25,77.8,79.6,77.5,79.0,1152300.0,79.0
2006-09-22,77.81,77.9,76.34,77.34,1500400.0,77.34
2006-09-21,79.13,79.68,77.61,77.8,1589300.0,77.8
2006-09-20,80.1,80.1,78.79,79.14,1494400.0,79.14
2006-09-19,80.65,80.65,78.95,80.09,1145400.0,80.09
2006-09-18,80.02,80.94,78.36,80.65,1888700.0,80.65
2006-09-15,81.4,81.4,79.78,80.02,1323100.0,80.02
2006-09-14,81.4,81.41,78.8,80.32,1287600.0,80.32
2006-09-13,79.35,82.0,79.26,81.44,2044300.0,81.44
2006-09-12,76.3,78.99,76.14,78.99,1245700.0,78.99
2006-09-11,75.33,76.34,75.18,75.85,1155200.0,75.85
2006-09-08,74.63,75.54,74.63,75.32,561900.0,75.32
2006-09-07,73.67,75.05,72.95,74.62,870100.0,74.62
2006-09-06,74.9,75.0,73.63,73.66,653300.0,73.66
2006-09-05,74.84,75.3,74.41,74.95,427700.0,74.95
2006-09-01,73.8,75.35,73.75,74.91,697900.0,74.91
2006-08-31,74.8,74.8,73.64,73.64,894700.0,73.64
2006-08-30,74.75,75.0,74.04,74.63,474400.0,74.63
2006-08-29,74.15,74.49,73.38,74.48,380200.0,74.48
2006-08-28,73.24,74.2,73.14,73.8,634900.0,73.8
2006-08-25,73.52,73.52,72.8,73.23,1355700.0,73.23
2006-08-24,74.02,74.09,73.44,73.51,1069600.0,73.51
2006-08-23,73.96,74.35,73.34,74.02,887400.0,74.02
2006-08-22,74.1,74.6,73.61,73.95,861700.0,73.95
2006-08-21,73.64,74.28,73.32,74.25,1706900.0,74.25
2006-08-18,73.38,74.31,73.29,74.2,1431600.0,74.2
2006-08-17,71.5,73.7,71.44,73.38,1558700.0,73.38
2006-08-16,69.88,72.17,69.74,71.92,1692700.0,71.92
2006-08-15,69.0,70.06,68.99,69.86,1323700.0,69.86
2006-08-14,67.68,68.37,67.68,68.14,1240600.0,68.14
2006-08-11,67.1,67.5,66.9,67.31,1027500.0,67.31
2006-08-10,66.14,67.85,66.14,67.31,1331200.0,67.31
2006-08-09,67.75,68.08,66.04,66.14,1998200.0,66.14
2006-08-08,68.92,69.14,68.1,68.23,1205200.0,68.23
2006-08-07,70.0,70.43,68.53,68.92,2129500.0,68.92
2006-08-04,72.25,73.02,69.67,70.43,2309200.0,70.43
2006-08-03,69.65,71.91,69.6,70.74,1932900.0,70.74
2006-08-02,70.2,71.41,70.19,70.36,1382700.0,70.36
2006-08-01,70.4,71.1,69.99,70.13,1548900.0,70.13
2006-07-31,71.35,71.85,70.46,70.51,1648300.0,70.51
2006-07-28,71.0,72.24,71.0,71.62,1057000.0,71.62
2006-07-27,70.0,71.93,70.0,70.91,1800500.0,70.91
2006-07-26,70.5,73.88,68.94,71.15,4617400.0,71.15
2006-07-25,76.01,77.14,75.42,76.37,687600.0,76.37
2006-07-24,75.05,76.42,74.89,76.0,689000.0,76.0
2006-07-21,76.2,76.8,74.3,74.66,1094600.0,74.66
2006-07-20,76.57,77.09,75.08,75.09,803000.0,75.09
2006-07-19,74.3,76.75,74.14,76.75,1429100.0,76.75
2006-07-18,75.15,75.44,72.7,73.9,1017700.0,73.9
2006-07-17,75.3,76.23,74.78,75.4,1072700.0,75.4
2006-07-14,76.05,76.09,74.27,75.3,1242000.0,75.3
2006-07-13,77.6,77.61,75.59,76.01,1679100.0,76.01
2006-07-12,79.84,80.37,77.53,77.76,1080700.0,77.76
2006-07-11,80.73,80.92,79.0,79.8,824500.0,79.8
2006-07-10,80.95,81.61,80.52,80.98,448100.0,80.98
2006-07-07,82.33,82.86,80.4,80.46,648400.0,80.46
2006-07-06,83.07,83.55,82.13,82.35,450500.0,82.35
2006-07-05,83.8,83.8,82.5,83.07,477700.0,83.07
2006-07-03,84.85,84.85,83.6,83.79,311100.0,83.79
2006-06-30,84.2,84.6,83.33,84.46,843700.0,84.46
2006-06-29,81.8,83.76,81.8,83.76,706600.0,83.76
2006-06-28,82.22,82.23,80.77,81.45,657700.0,81.45
2006-06-27,83.11,83.6,82.0,82.22,580200.0,82.22
2006-06-26,81.94,82.94,81.66,82.93,535200.0,82.93
2006-06-23,81.4,82.65,81.25,81.94,444600.0,81.94
2006-06-22,81.65,81.85,81.21,81.64,552500.0,81.64
2006-06-21,80.7,82.0,80.5,81.64,695500.0,81.64
2006-06-20,82.1,82.27,80.67,80.69,661400.0,80.69
2006-06-19,83.5,83.77,81.51,81.91,618500.0,81.91
2006-06-16,83.6,83.99,82.68,83.17,676600.0,83.17
2006-06-15,83.37,84.1,82.25,84.0,1515500.0,84.0
2006-06-14,79.86,80.73,79.35,80.68,1613400.0,80.68
2006-06-13,82.81,83.87,80.57,80.63,1745300.0,80.63
2006-06-12,83.74,84.21,83.05,83.06,1288900.0,83.06
2006-06-09,83.54,84.6,82.95,84.02,891600.0,84.02
2006-06-08,83.02,83.54,81.16,83.54,1396500.0,83.54
2006-06-07,82.08,83.99,81.47,82.95,1626000.0,82.95
2006-06-06,84.67,85.0,81.21,82.19,2196300.0,82.19
2006-06-05,86.58,86.72,84.62,84.62,892500.0,84.62
2006-06-02,88.07,88.2,87.03,87.29,578700.0,87.29
2006-06-01,86.96,87.93,86.5,87.88,544300.0,87.88
2006-05-31,85.83,87.26,85.83,86.96,803000.0,86.96
2006-05-30,88.26,88.26,85.84,85.9,714000.0,85.9
2006-05-26,87.6,88.51,87.23,88.46,428800.0,88.46
2006-05-25,87.45,87.7,86.53,87.04,850800.0,87.04
2006-05-24,86.6,87.72,85.52,86.83,786900.0,86.83
2006-05-23,88.07,89.41,86.35,86.48,727700.0,86.48
2006-05-22,88.0,88.44,86.03,87.76,880900.0,87.76
2006-05-19,87.0,88.48,86.99,88.07,860600.0,88.07
2006-05-18,88.67,88.98,86.8,86.81,705200.0,86.81
2006-05-17,90.01,90.01,87.0,88.08,852700.0,88.08
2006-05-16,90.8,90.8,89.95,90.52,425800.0,90.52
2006-05-15,90.81,90.81,89.38,90.53,483500.0,90.53
2006-05-12,92.26,92.27,90.7,90.8,473100.0,90.8
2006-05-11,92.67,92.89,91.7,91.98,410300.0,91.98
2006-05-10,93.81,93.81,92.34,92.76,452800.0,92.76
2006-05-09,93.0,94.15,92.79,93.69,485800.0,93.69
2006-05-08,92.85,93.31,92.64,92.9,297800.0,92.9
2006-05-05,93.56,93.62,92.71,92.91,529600.0,92.91
2006-05-04,93.02,93.69,92.91,93.15,358800.0,93.15
2006-05-03,92.95,93.15,92.65,93.02,871000.0,93.02
2006-05-02,91.46,92.38,91.36,92.3,570600.0,92.3
2006-05-01,93.6,93.89,91.47,91.48,816100.0,91.48
2006-04-28,92.75,94.9,92.63,93.61,761800.0,93.61
2006-04-27,90.5,93.44,90.17,92.98,718500.0,92.98
2006-04-26,91.07,92.5,90.45,92.01,561400.0,92.01
2006-04-25,92.05,92.14,91.06,91.16,460200.0,91.16
2006-04-24,92.01,92.6,91.5,92.14,390200.0,92.14
2006-04-21,92.5,92.5,91.48,92.01,456800.0,92.01
2006-04-20,91.95,92.87,91.64,92.32,618600.0,92.32
2006-04-19,92.7,93.24,91.47,92.18,639000.0,92.18
2006-04-18,91.43,93.16,91.26,93.05,1202800.0,93.05
2006-04-17,89.0,91.89,89.0,91.78,2082800.0,91.78
2006-04-13,85.3,86.25,85.11,86.24,428600.0,86.24
2006-04-12,85.49,85.94,85.05,85.55,341500.0,85.55
2006-04-11,86.13,86.66,85.05,85.65,648000.0,85.65
2006-04-10,86.96,87.06,85.69,86.05,715800.0,86.05
2006-04-07,86.35,88.16,86.35,86.86,424200.0,86.86
2006-04-06,88.01,88.05,86.84,87.25,761500.0,87.25
2006-04-05,87.49,88.15,86.85,87.81,416400.0,87.81
2006-04-04,87.47,87.94,86.68,87.48,568700.0,87.48
2006-04-03,87.3,88.72,87.03,87.34,593000.0,87.34
2006-03-31,88.43,88.68,86.88,86.89,676400.0,86.89
2006-03-30,89.34,90.0,87.9,88.48,572100.0,88.48
2006-03-29,89.57,89.79,88.39,89.35,463900.0,89.35
2006-03-28,89.77,90.5,89.3,89.5,617300.0,89.5
2006-03-27,89.95,90.34,89.0,89.63,538100.0,89.63
2006-03-24,89.1,90.0,89.01,89.76,478400.0,89.76
2006-03-23,89.0,89.59,88.29,89.3,447700.0,89.3
2006-03-22,87.35,89.05,87.31,89.0,463900.0,89.0
2006-03-21,88.45,88.79,87.37,87.44,296500.0,87.44
2006-03-20,88.26,88.97,88.2,88.63,264400.0,88.63
2006-03-17,88.8,88.84,88.0,88.47,440600.0,88.47
2006-03-16,89.05,89.06,88.5,88.7,380400.0,88.7
2006-03-15,87.8,89.08,87.8,89.06,750500.0,89.06
2006-03-14,87.05,88.32,86.97,88.29,1081000.0,88.29
2006-03-13,87.0,87.6,87.0,87.23,538800.0,87.23
2006-03-10,86.47,87.64,86.47,87.35,644900.0,87.35
2006-03-09,87.3,87.33,86.4,86.56,328400.0,86.56
2006-03-08,87.92,87.93,85.0,87.3,1285000.0,87.3
2006-03-07,87.5,88.73,87.05,87.93,465200.0,87.93
2006-03-06,88.65,88.85,87.19,87.5,601800.0,87.5
2006-03-03,88.56,89.37,87.51,88.8,765300.0,88.8
2006-03-02,86.35,88.83,86.23,88.6,1063200.0,88.6
2006-03-01,85.65,86.79,85.5,86.76,867400.0,86.76
2006-02-28,85.7,86.29,85.58,85.58,613600.0,85.58
2006-02-27,86.44,87.23,85.99,86.2,431000.0,86.2
2006-02-24,85.84,86.48,85.55,86.34,258500.0,86.34
2006-02-23,86.01,86.5,85.9,86.0,395400.0,86.0
2006-02-22,85.07,86.15,85.02,86.01,460700.0,86.01
2006-02-21,85.75,85.84,84.9,85.18,709900.0,85.18
2006-02-17,85.52,86.13,85.3,85.68,598800.0,85.68
2006-02-16,84.93,85.5,84.89,85.41,537000.0,85.41
2006-02-15,84.7,85.3,84.7,85.07,792800.0,85.07
2006-02-14,84.1,85.71,84.0,85.58,657400.0,85.58
2006-02-13,84.15,84.63,84.06,84.09,837800.0,84.09
2006-02-10,84.39,84.85,83.8,84.58,760700.0,84.58
2006-02-09,82.88,84.79,82.75,84.05,1205200.0,84.05
2006-02-08,82.4,82.91,81.49,82.63,761800.0,82.63
2006-02-07,83.0,83.0,81.95,82.47,951400.0,82.47
2006-02-06,83.73,83.95,82.88,83.56,876700.0,83.56
2006-02-03,84.7,84.77,83.65,83.72,834900.0,83.72
2006-02-02,85.76,86.06,85.16,85.38,624000.0,85.38
2006-02-01,85.85,86.61,85.52,85.76,845700.0,85.76
2006-01-31,85.03,87.41,84.87,86.3,1411200.0,86.3
2006-01-30,84.5,85.55,83.66,85.53,991800.0,85.53
2006-01-27,83.06,86.5,82.16,84.64,2014000.0,84.64
2006-01-26,83.53,84.81,80.95,84.76,1423600.0,84.76
2006-01-25,85.9,85.9,84.44,84.53,632300.0,84.53
2006-01-24,84.87,85.87,84.75,85.49,523600.0,85.49
2006-01-23,84.43,85.05,84.03,84.56,462200.0,84.56
2006-01-20,85.89,86.05,84.13,84.22,818100.0,84.22
2006-01-19,86.85,87.16,85.4,85.89,853000.0,85.89
2006-01-18,87.04,87.63,86.63,86.77,526900.0,86.77
2006-01-17,87.39,87.46,86.72,87.04,621900.0,87.04
2006-01-13,88.2,88.49,87.43,87.85,500800.0,87.85
2006-01-12,89.22,89.22,88.15,88.23,382200.0,88.23
2006-01-11,89.83,90.01,88.68,89.22,833500.0,89.22
2006-01-10,88.9,90.0,88.9,89.83,458800.0,89.83
2006-01-09,88.75,89.56,88.6,89.53,530900.0,89.53
2006-01-06,89.0,89.09,88.4,88.86,586600.0,88.86
2006-01-05,89.05,89.24,88.52,88.76,679000.0,88.76
2006-01-04,88.25,89.73,87.31,89.68,905400.0,89.68
2006-01-03,87.95,88.3,86.84,87.89,1095700.0,87.89
2005-12-30,86.6,87.3,86.51,86.96,454200.0,86.96
2005-12-29,87.42,87.65,86.82,87.0,350200.0,87.0
2005-12-28,87.32,87.59,86.72,87.17,302400.0,87.17
2005-12-27,88.0,88.59,86.96,87.02,347200.0,87.02
2005-12-23,88.1,88.5,87.55,87.75,259100.0,87.75
2005-12-22,87.01,88.98,87.01,88.01,497700.0,88.01
2005-12-21,87.42,88.7,87.21,88.51,730500.0,88.51
2005-12-20,87.62,89.0,86.93,87.18,1199500.0,87.18
2005-12-19,85.18,85.99,84.93,85.06,407900.0,85.06
2005-12-16,85.65,86.39,85.05,85.1,700200.0,85.1
2005-12-15,84.56,85.52,84.41,84.95,504900.0,84.95
2005-12-14,84.77,85.83,84.77,84.83,407800.0,84.83
2005-12-13,84.78,85.51,84.75,85.02,571700.0,85.02
2005-12-12,85.83,86.1,84.5,84.93,351300.0,84.93
2005-12-09,85.62,86.13,84.94,85.72,303800.0,85.72
2005-12-08,85.41,86.1,84.9,85.37,461700.0,85.37
2005-12-07,86.85,87.33,85.18,85.61,402600.0,85.61
2005-12-06,87.5,87.73,86.41,86.88,513300.0,86.88
2005-12-05,88.18,88.19,87.02,87.32,383800.0,87.32
2005-12-02,88.0,88.6,87.69,88.25,276700.0,88.25
2005-12-01,88.4,88.95,88.14,88.51,581700.0,88.51
2005-11-30,87.0,88.58,86.9,87.81,666900.0,87.81
2005-11-29,86.4,87.5,85.83,86.6,515200.0,86.6
2005-11-28,86.65,86.8,85.33,85.51,232400.0,85.51
2005-11-25,86.69,86.69,85.59,86.5,145600.0,86.5
2005-11-23,86.48,87.23,86.4,87.02,165200.0,87.02
2005-11-22,86.71,86.9,85.72,86.88,341400.0,86.88
2005-11-21,86.67,86.9,85.99,86.89,199100.0,86.89
2005-11-18,86.81,87.0,85.53,86.49,477700.0,86.49
2005-11-17,85.57,86.26,85.57,86.21,297200.0,86.21
2005-11-16,85.34,85.72,84.85,85.31,274000.0,85.31
2005-11-15,84.79,85.76,84.18,85.1,538100.0,85.1
2005-11-14,85.84,85.96,84.98,85.04,338800.0,85.04
2005-11-11,85.36,85.79,84.95,85.74,354400.0,85.74
2005-11-10,84.93,85.4,84.48,85.36,590600.0,85.36
2005-11-09,84.8,85.72,84.6,84.98,405900.0,84.98
2005-11-08,86.0,86.01,84.07,85.06,893400.0,85.06
2005-11-07,84.16,86.56,84.16,86.56,612300.0,86.56
2005-11-04,84.2,84.75,83.19,83.69,556700.0,83.69
2005-11-03,85.52,85.67,84.2,84.56,855100.0,84.56
2005-11-02,82.1,85.5,82.1,85.29,1164500.0,85.29
2005-11-01,82.15,82.15,80.96,81.95,1021400.0,81.95
2005-10-31,81.42,82.96,81.05,82.13,1030200.0,82.13
2005-10-28,76.95,81.28,76.77,81.22,1474500.0,81.22
2005-10-27,78.49,78.75,76.03,76.18,926000.0,76.18
2005-10-26,78.58,79.79,77.86,78.01,918500.0,78.01
2005-10-25,80.09,80.29,77.73,78.93,874100.0,78.93
2005-10-24,78.61,80.43,78.61,80.34,591900.0,80.34
2005-10-21,78.1,79.29,77.4,78.75,577900.0,78.75
2005-10-20,78.5,79.48,77.41,77.81,632500.0,77.81
2005-10-19,78.17,78.56,77.2,78.45,613600.0,78.45
2005-10-18,79.4,79.45,77.93,78.12,773200.0,78.12
2005-10-17,79.9,80.06,78.71,79.4,590000.0,79.4
2005-10-14,79.0,79.87,78.35,79.68,1003200.0,79.68
2005-10-13,76.82,77.23,75.7,77.08,479600.0,77.08
2005-10-12,77.75,78.6,76.03,77.11,831500.0,77.11
2005-10-11,79.0,79.58,78.04,78.22,930000.0,78.22
2005-10-10,78.67,79.6,78.57,79.14,515200.0,79.14
2005-10-07,79.9,80.72,78.2,78.69,800000.0,78.69
2005-10-06,79.38,80.47,78.99,79.8,666600.0,79.8
2005-10-05,80.76,80.76,78.76,78.85,1163400.0,78.85
2005-10-04,81.5,83.12,81.4,81.44,626600.0,81.44
2005-10-03,81.96,82.22,81.21,81.25,705600.0,81.25
2005-09-30,81.87,82.3,81.26,82.09,498000.0,82.09
2005-09-29,81.24,81.88,80.72,81.79,686600.0,81.79
2005-09-28,82.0,82.5,81.31,81.32,451200.0,81.32
2005-09-27,81.7,82.03,80.75,81.5,809200.0,81.5
2005-09-26,83.3,83.5,80.96,81.68,734300.0,81.68
2005-09-23,82.75,83.19,81.91,83.07,460900.0,83.07
2005-09-22,82.25,83.38,82.05,82.94,818800.0,82.94
2005-09-21,80.62,82.43,80.25,82.18,1046200.0,82.18
2005-09-20,82.1,82.45,80.03,80.62,772700.0,80.62
2005-09-19,82.9,83.07,81.6,82.31,649800.0,82.31
2005-09-16,83.6,83.87,82.06,83.2,1089500.0,83.2
2005-09-15,83.55,84.23,82.49,82.95,741900.0,82.95
2005-09-14,85.66,85.67,83.11,83.31,1229700.0,83.31
2005-09-13,86.75,87.22,85.85,85.94,638400.0,85.94
2005-09-12,85.95,87.74,85.69,87.47,492000.0,87.47
2005-09-09,85.84,86.7,85.64,85.97,422500.0,85.97
2005-09-08,86.47,86.56,85.64,85.81,430000.0,85.81
2005-09-07,88.0,88.0,86.48,86.94,694200.0,86.94
2005-09-06,85.27,86.85,85.16,86.51,575000.0,86.51
2005-09-02,85.55,86.05,84.81,85.3,430600.0,85.3
2005-09-01,86.05,86.15,85.06,85.33,579400.0,85.33
2005-08-31,84.2,85.47,84.04,85.3,752100.0,85.3
2005-08-30,85.0,85.16,84.09,84.3,809000.0,84.3
2005-08-29,84.87,85.67,84.1,85.04,869400.0,85.04
2005-08-26,84.63,85.35,84.0,84.87,942900.0,84.87
2005-08-25,84.04,84.88,84.04,84.38,536100.0,84.38
2005-08-24,84.66,85.56,83.86,84.04,686100.0,84.04
2005-08-23,85.0,86.07,84.45,84.65,1014400.0,84.65
2005-08-22,86.23,86.71,84.97,85.6,695300.0,85.6
2005-08-19,85.65,86.3,85.09,86.23,779400.0,86.23
2005-08-18,85.55,85.61,83.89,85.22,1014800.0,85.22
2005-08-17,85.8,86.03,85.05,85.75,696100.0,85.75
2005-08-16,88.0,88.07,85.79,85.92,855500.0,85.92
2005-08-15,87.72,88.35,87.2,87.95,482400.0,87.95
2005-08-12,87.72,88.36,87.14,87.92,620100.0,87.92
2005-08-11,87.77,88.08,86.61,87.61,642200.0,87.61
2005-08-10,88.0,88.9,87.32,87.62,745500.0,87.62
2005-08-09,87.9,88.49,87.83,87.86,575000.0,87.86
2005-08-08,88.31,88.79,87.73,87.9,618300.0,87.9
2005-08-05,89.62,89.64,88.09,88.3,670000.0,88.3
2005-08-04,89.75,90.35,89.15,89.48,758400.0,89.48
2005-08-03,90.43,90.63,89.79,90.03,578900.0,90.03
2005-08-02,90.7,91.12,90.16,90.44,726700.0,90.44
2005-08-01,88.36,90.41,88.36,90.08,483100.0,90.08
2005-07-29,90.9,91.18,89.99,90.31,484100.0,90.31
2005-07-28,89.35,91.04,89.21,90.78,674400.0,90.78
2005-07-27,90.4,90.44,88.07,88.89,967700.0,88.89
2005-07-26,92.9,93.71,89.58,90.27,1488200.0,90.27
2005-07-25,92.98,93.66,91.69,91.8,563900.0,91.8
2005-07-22,91.45,92.95,91.29,92.95,381300.0,92.95
2005-07-21,92.07,92.1,91.08,91.32,499500.0,91.32
2005-07-20,90.77,92.24,90.41,92.06,573900.0,92.06
2005-07-19,92.23,92.27,91.33,91.38,536300.0,91.38
2005-07-18,90.26,92.82,90.26,92.04,684100.0,92.04
2005-07-15,90.34,90.71,89.1,90.71,379200.0,90.71
2005-07-14,91.2,91.32,90.0,90.34,427800.0,90.34
2005-07-13,90.66,91.06,90.04,90.04,454200.0,90.04
2005-07-12,90.45,91.24,90.09,90.69,466600.0,90.69
2005-07-11,90.43,91.23,90.03,90.7,403800.0,90.7
2005-07-08,89.82,90.97,89.19,90.92,370200.0,90.92
2005-07-07,88.83,89.88,88.17,89.88,599300.0,89.88
2005-07-06,90.26,90.27,88.53,88.97,497900.0,88.97
2005-07-05,88.75,90.54,88.2,90.26,561000.0,90.26
2005-07-01,89.85,90.54,88.35,88.68,577900.0,88.68
2005-06-30,89.64,89.97,89.03,89.85,682700.0,89.85
2005-06-29,90.46,90.51,89.12,89.53,421200.0,89.53
2005-06-28,89.65,90.66,89.65,90.46,473500.0,90.46
2005-06-27,88.96,89.41,88.45,89.4,347600.0,89.4
2005-06-24,89.77,89.77,87.93,88.96,711200.0,88.96
2005-06-23,90.53,91.45,89.62,89.94,888600.0,89.94
2005-06-22,91.12,91.16,89.97,90.8,774500.0,90.8
2005-06-21,89.47,91.03,89.42,90.55,1163400.0,90.55
2005-06-20,89.25,89.65,88.59,89.51,512000.0,89.51
2005-06-17,88.2,89.69,87.69,89.69,931600.0,89.69
2005-06-16,87.37,87.94,86.91,87.49,279800.0,87.49
2005-06-15,87.32,87.85,86.66,87.5,662200.0,87.5
2005-06-14,86.26,87.81,86.26,87.63,521700.0,87.63
2005-06-13,86.06,87.23,86.06,86.32,568500.0,86.32
2005-06-10,86.61,87.05,85.3,86.06,527300.0,86.06
2005-06-09,87.3,87.35,85.92,86.77,852300.0,86.77
2005-06-08,88.05,89.0,87.06,87.12,408600.0,87.12
2005-06-07,88.2,89.09,88.05,88.1,491600.0,88.1
2005-06-06,88.45,88.46,87.76,88.05,446400.0,88.05
2005-06-03,87.54,88.16,87.44,88.15,736400.0,88.15
2005-06-02,87.47,87.75,87.1,87.72,704300.0,87.72
2005-06-01,87.32,88.49,86.37,87.75,882700.0,87.75
2005-05-31,86.5,87.64,86.33,87.32,671800.0,87.32
2005-05-27,86.45,86.99,86.18,86.84,363000.0,86.84
2005-05-26,85.5,86.74,85.5,86.72,805000.0,86.72
2005-05-25,85.81,86.58,85.02,85.45,934900.0,85.45
2005-05-24,86.6,86.65,85.18,85.76,825300.0,85.76
2005-05-23,85.26,86.97,85.17,86.6,961400.0,86.6
2005-05-20,85.26,85.81,84.57,85.26,737400.0,85.26
2005-05-19,85.72,85.72,84.71,85.26,466600.0,85.26
2005-05-18,84.95,86.0,83.92,85.52,865000.0,85.52
2005-05-17,82.63,83.71,82.08,83.66,773300.0,83.66
2005-05-16,81.43,82.87,81.29,82.77,525900.0,82.77
2005-05-13,80.97,81.6,80.46,81.3,874900.0,81.3
2005-05-12,83.15,83.31,80.73,80.87,1375700.0,80.87
2005-05-11,83.27,83.28,81.8,82.93,720500.0,82.93
2005-05-10,83.88,83.94,82.75,83.27,656800.0,83.27
2005-05-09,84.54,84.67,83.4,84.32,475000.0,84.32
2005-05-06,84.0,84.85,83.76,84.15,991600.0,84.15
2005-05-05,83.55,83.94,82.54,83.28,601700.0,83.28
2005-05-04,83.8,84.05,83.11,83.35,746700.0,83.35
2005-05-03,83.7,84.01,83.05,83.81,1033400.0,83.81
2005-05-02,84.13,85.14,83.33,84.32,980900.0,84.32
2005-04-29,84.25,84.35,82.35,83.63,1183400.0,83.63
2005-04-28,84.9,85.5,82.57,83.34,1735000.0,83.34
2005-04-27,81.4,82.95,80.8,82.89,952300.0,82.89
2005-04-26,82.75,82.91,81.8,81.8,572600.0,81.8
2005-04-25,81.97,83.17,81.34,83.16,823400.0,83.16
2005-04-22,83.47,83.47,80.26,81.41,1184900.0,81.41
2005-04-21,82.8,83.81,82.22,83.47,980500.0,83.47
2005-04-20,82.98,83.4,81.65,81.86,775500.0,81.86
2005-04-19,83.82,83.98,82.26,82.99,1381100.0,82.99
2005-04-18,82.7,83.92,82.46,83.53,1328700.0,83.53
2005-04-15,84.4,84.4,82.66,82.75,1529700.0,82.75
2005-04-14,86.45,87.0,84.72,84.76,1223000.0,84.76
2005-04-13,87.67,87.87,86.08,86.31,1380600.0,86.31
2005-04-12,85.5,89.88,85.4,87.66,7433800.0,87.66
2005-04-11,78.57,79.69,77.85,79.67,966500.0,79.67
2005-04-08,78.74,79.03,78.28,78.65,527300.0,78.65
2005-04-07,78.26,78.9,78.22,78.55,533400.0,78.55
2005-04-06,78.9,78.93,78.31,78.4,404600.0,78.4
2005-04-05,79.35,79.51,78.45,78.72,564100.0,78.72
2005-04-04,78.81,79.46,78.04,79.46,701100.0,79.46
2005-04-01,79.45,79.93,78.91,79.32,832100.0,79.32
2005-03-31,78.53,79.16,78.47,78.99,718600.0,78.99
2005-03-30,77.53,78.53,77.18,78.53,1194800.0,78.53
2005-03-29,77.93,78.37,77.52,77.61,1048100.0,77.61
2005-03-28,78.9,78.99,78.31,78.43,672400.0,78.43
2005-03-24,79.3,79.76,78.85,78.98,480600.0,78.98
2005-03-23,79.98,80.0,78.99,79.06,754300.0,79.06
2005-03-22,79.34,80.68,78.9,80.01,1234900.0,80.01
2005-03-21,79.12,79.48,78.15,79.1,680600.0,79.1
2005-03-18,80.32,80.78,78.31,78.93,986600.0,78.93
2005-03-17,81.1,81.24,80.1,80.11,904900.0,80.11
2005-03-16,82.03,82.24,80.84,81.0,638600.0,81.0
2005-03-15,82.69,82.94,81.47,82.42,571700.0,82.42
2005-03-14,82.52,82.6,81.46,82.21,553900.0,82.21
2005-03-11,82.05,83.18,82.04,82.49,438400.0,82.49
2005-03-10,82.88,82.92,81.79,82.43,636900.0,82.43
2005-03-09,83.46,83.46,82.25,82.51,698800.0,82.51
2005-03-08,84.3,84.71,83.36,83.65,493800.0,83.65
2005-03-07,84.71,84.76,83.84,84.25,435000.0,84.25
2005-03-04,83.9,84.51,83.66,84.51,797400.0,84.51
2005-03-03,83.97,84.21,82.97,83.55,515500.0,83.55
2005-03-02,83.8,84.42,82.96,83.65,633200.0,83.65
2005-03-01,83.0,84.14,83.0,84.03,513400.0,84.03
2005-02-28,83.38,83.64,82.56,82.92,657400.0,82.92
2005-02-25,81.98,83.41,81.61,83.3,461900.0,83.3
2005-02-24,81.96,82.17,81.01,81.78,1155800.0,81.78
2005-02-23,81.24,82.19,80.29,81.96,997100.0,81.96
2005-02-22,81.85,82.94,81.07,81.09,620600.0,81.09
2005-02-18,82.39,82.53,81.9,82.0,468400.0,82.0
2005-02-17,83.62,83.85,82.19,82.19,608900.0,82.19
2005-02-16,83.65,83.91,83.23,83.37,659600.0,83.37
2005-02-15,83.81,84.58,83.45,83.65,845800.0,83.65
2005-02-14,83.41,83.95,82.9,83.57,622800.0,83.57
2005-02-11,83.09,85.1,82.7,83.41,1319900.0,83.41
2005-02-10,82.63,83.6,81.26,83.08,1322900.0,83.08
2005-02-09,85.23,85.23,81.62,82.06,1584000.0,82.06
2005-02-08,85.18,85.51,84.54,85.23,695300.0,85.23
2005-02-07,85.5,85.87,84.6,85.17,1089400.0,85.17
2005-02-04,83.42,85.14,83.06,85.0,1117100.0,85.0
2005-02-03,83.8,83.8,82.44,83.42,1125000.0,83.42
2005-02-02,83.43,83.97,83.11,83.8,1064700.0,83.8
2005-02-01,82.6,83.04,81.81,82.97,1082800.0,82.97
2005-01-31,81.4,82.64,80.75,82.4,1070500.0,82.4
2005-01-28,79.56,81.08,79.12,80.91,1148800.0,80.91
2005-01-27,79.22,80.46,79.22,79.56,1478000.0,79.56
2005-01-26,83.37,83.37,78.9,79.47,3319100.0,79.47
2005-01-25,82.58,83.4,81.43,83.36,1350300.0,83.36
2005-01-24,83.43,83.43,82.07,82.57,579700.0,82.57
2005-01-21,83.6,84.25,82.71,82.95,683900.0,82.95
2005-01-20,83.21,83.87,82.86,83.55,816000.0,83.55
2005-01-19,84.39,84.83,83.1,83.24,680900.0,83.24
2005-01-18,84.38,84.39,83.62,84.39,568400.0,84.39
2005-01-14,82.82,84.5,82.42,84.38,684000.0,84.38
2005-01-13,82.55,82.93,82.01,82.31,738800.0,82.31
2005-01-12,82.37,82.57,81.53,82.21,678300.0,82.21
2005-01-11,83.22,83.22,82.15,82.54,550200.0,82.54
2005-01-10,82.65,84.16,82.61,83.29,744900.0,83.29
2005-01-07,83.67,84.35,81.33,82.59,1343900.0,82.59
2005-01-06,85.48,85.48,83.18,83.47,1371900.0,83.47
2005-01-05,86.6,86.81,84.86,85.35,878600.0,85.35
2005-01-04,88.0,88.4,86.04,86.6,915400.0,86.6
2005-01-03,89.75,89.75,87.5,87.75,984700.0,87.75
