Date,Open,High,Low,Close,Volume,Adj Close 
2011-11-23,nan,nan,nan,nan,nan,nan
2011-11-22,nan,nan,nan,nan,nan,nan
2011-11-21,nan,nan,nan,nan,nan,nan
2011-11-18,nan,nan,nan,nan,nan,nan
2011-11-17,nan,nan,nan,nan,nan,nan
2011-11-16,nan,nan,nan,nan,nan,nan
2011-11-15,nan,nan,nan,nan,nan,nan
2011-11-14,nan,nan,nan,nan,nan,nan
2011-11-11,nan,nan,nan,nan,nan,nan
2011-11-10,nan,nan,nan,nan,nan,nan
2011-11-09,nan,nan,nan,nan,nan,nan
2011-11-08,nan,nan,nan,nan,nan,nan
2011-11-07,nan,nan,nan,nan,nan,nan
2011-11-04,nan,nan,nan,nan,nan,nan
2011-11-03,nan,nan,nan,nan,nan,nan
2011-11-02,nan,nan,nan,nan,nan,nan
2011-11-01,nan,nan,nan,nan,nan,nan
2011-10-31,nan,nan,nan,nan,nan,nan
2011-10-28,nan,nan,nan,nan,nan,nan
2011-10-27,nan,nan,nan,nan,nan,nan
2011-10-26,nan,nan,nan,nan,nan,nan
2011-10-25,nan,nan,nan,nan,nan,nan
2011-10-24,nan,nan,nan,nan,nan,nan
2011-10-21,nan,nan,nan,nan,nan,nan
2011-10-20,nan,nan,nan,nan,nan,nan
2011-10-19,nan,nan,nan,nan,nan,nan
2011-10-18,nan,nan,nan,nan,nan,nan
2011-10-17,nan,nan,nan,nan,nan,nan
2011-10-14,nan,nan,nan,nan,nan,nan
2011-10-13,nan,nan,nan,nan,nan,nan
2011-10-12,nan,nan,nan,nan,nan,nan
2011-10-11,nan,nan,nan,nan,nan,nan
2011-10-10,nan,nan,nan,nan,nan,nan
2011-10-07,nan,nan,nan,nan,nan,nan
2011-10-06,nan,nan,nan,nan,nan,nan
2011-10-05,nan,nan,nan,nan,nan,nan
2011-10-04,nan,nan,nan,nan,nan,nan
2011-10-03,nan,nan,nan,nan,nan,nan
2011-09-30,nan,nan,nan,nan,nan,nan
2011-09-29,nan,nan,nan,nan,nan,nan
2011-09-28,nan,nan,nan,nan,nan,nan
2011-09-27,nan,nan,nan,nan,nan,nan
2011-09-26,nan,nan,nan,nan,nan,nan
2011-09-23,nan,nan,nan,nan,nan,nan
2011-09-22,nan,nan,nan,nan,nan,nan
2011-09-21,nan,nan,nan,nan,nan,nan
2011-09-20,nan,nan,nan,nan,nan,nan
2011-09-19,nan,nan,nan,nan,nan,nan
2011-09-16,nan,nan,nan,nan,nan,nan
2011-09-15,nan,nan,nan,nan,nan,nan
2011-09-14,nan,nan,nan,nan,nan,nan
2011-09-13,nan,nan,nan,nan,nan,nan
2011-09-12,nan,nan,nan,nan,nan,nan
2011-09-09,nan,nan,nan,nan,nan,nan
2011-09-08,nan,nan,nan,nan,nan,nan
2011-09-07,nan,nan,nan,nan,nan,nan
2011-09-06,nan,nan,nan,nan,nan,nan
2011-09-02,nan,nan,nan,nan,nan,nan
2011-09-01,nan,nan,nan,nan,nan,nan
2011-08-31,nan,nan,nan,nan,nan,nan
2011-08-30,nan,nan,nan,nan,nan,nan
2011-08-29,nan,nan,nan,nan,nan,nan
2011-08-26,nan,nan,nan,nan,nan,nan
2011-08-25,nan,nan,nan,nan,nan,nan
2011-08-24,nan,nan,nan,nan,nan,nan
2011-08-23,nan,nan,nan,nan,nan,nan
2011-08-22,nan,nan,nan,nan,nan,nan
2011-08-19,nan,nan,nan,nan,nan,nan
2011-08-18,nan,nan,nan,nan,nan,nan
2011-08-17,nan,nan,nan,nan,nan,nan
2011-08-16,nan,nan,nan,nan,nan,nan
2011-08-15,nan,nan,nan,nan,nan,nan
2011-08-12,nan,nan,nan,nan,nan,nan
2011-08-11,nan,nan,nan,nan,nan,nan
2011-08-10,nan,nan,nan,nan,nan,nan
2011-08-09,nan,nan,nan,nan,nan,nan
2011-08-08,nan,nan,nan,nan,nan,nan
2011-08-05,nan,nan,nan,nan,nan,nan
2011-08-04,nan,nan,nan,nan,nan,nan
2011-08-03,nan,nan,nan,nan,nan,nan
2011-08-02,nan,nan,nan,nan,nan,nan
2011-08-01,nan,nan,nan,nan,nan,nan
2011-07-29,nan,nan,nan,nan,nan,nan
2011-07-28,nan,nan,nan,nan,nan,nan
2011-07-27,nan,nan,nan,nan,nan,nan
2011-07-26,nan,nan,nan,nan,nan,nan
2011-07-25,nan,nan,nan,nan,nan,nan
2011-07-22,nan,nan,nan,nan,nan,nan
2011-07-21,nan,nan,nan,nan,nan,nan
2011-07-20,nan,nan,nan,nan,nan,nan
2011-07-19,nan,nan,nan,nan,nan,nan
2011-07-18,nan,nan,nan,nan,nan,nan
2011-07-15,nan,nan,nan,nan,nan,nan
2011-07-14,nan,nan,nan,nan,nan,nan
2011-07-13,nan,nan,nan,nan,nan,nan
2011-07-12,nan,nan,nan,nan,nan,nan
2011-07-11,nan,nan,nan,nan,nan,nan
2011-07-08,nan,nan,nan,nan,nan,nan
2011-07-07,nan,nan,nan,nan,nan,nan
2011-07-06,nan,nan,nan,nan,nan,nan
2011-07-05,nan,nan,nan,nan,nan,nan
2011-07-01,nan,nan,nan,nan,nan,nan
2011-06-30,nan,nan,nan,nan,nan,nan
2011-06-29,nan,nan,nan,nan,nan,nan
2011-06-28,nan,nan,nan,nan,nan,nan
2011-06-27,nan,nan,nan,nan,nan,nan
2011-06-24,nan,nan,nan,nan,nan,nan
2011-06-23,nan,nan,nan,nan,nan,nan
2011-06-22,nan,nan,nan,nan,nan,nan
2011-06-21,nan,nan,nan,nan,nan,nan
2011-06-20,nan,nan,nan,nan,nan,nan
2011-06-17,nan,nan,nan,nan,nan,nan
2011-06-16,nan,nan,nan,nan,nan,nan
2011-06-15,nan,nan,nan,nan,nan,nan
2011-06-14,nan,nan,nan,nan,nan,nan
2011-06-13,nan,nan,nan,nan,nan,nan
2011-06-10,nan,nan,nan,nan,nan,nan
2011-06-09,nan,nan,nan,nan,nan,nan
2011-06-08,nan,nan,nan,nan,nan,nan
2011-06-07,nan,nan,nan,nan,nan,nan
2011-06-06,nan,nan,nan,nan,nan,nan
2011-06-03,nan,nan,nan,nan,nan,nan
2011-06-02,nan,nan,nan,nan,nan,nan
2011-06-01,nan,nan,nan,nan,nan,nan
2011-05-31,nan,nan,nan,nan,nan,nan
2011-05-27,nan,nan,nan,nan,nan,nan
2011-05-26,nan,nan,nan,nan,nan,nan
2011-05-25,nan,nan,nan,nan,nan,nan
2011-05-24,nan,nan,nan,nan,nan,nan
2011-05-23,nan,nan,nan,nan,nan,nan
2011-05-20,nan,nan,nan,nan,nan,nan
2011-05-19,nan,nan,nan,nan,nan,nan
2011-05-18,nan,nan,nan,nan,nan,nan
2011-05-17,nan,nan,nan,nan,nan,nan
2011-05-16,nan,nan,nan,nan,nan,nan
2011-05-13,nan,nan,nan,nan,nan,nan
2011-05-12,nan,nan,nan,nan,nan,nan
2011-05-11,nan,nan,nan,nan,nan,nan
2011-05-10,nan,nan,nan,nan,nan,nan
2011-05-09,nan,nan,nan,nan,nan,nan
2011-05-06,nan,nan,nan,nan,nan,nan
2011-05-05,nan,nan,nan,nan,nan,nan
2011-05-04,nan,nan,nan,nan,nan,nan
2011-05-03,nan,nan,nan,nan,nan,nan
2011-05-02,nan,nan,nan,nan,nan,nan
2011-04-29,nan,nan,nan,nan,nan,nan
2011-04-28,nan,nan,nan,nan,nan,nan
2011-04-27,nan,nan,nan,nan,nan,nan
2011-04-26,nan,nan,nan,nan,nan,nan
2011-04-25,nan,nan,nan,nan,nan,nan
2011-04-21,nan,nan,nan,nan,nan,nan
2011-04-20,nan,nan,nan,nan,nan,nan
2011-04-19,nan,nan,nan,nan,nan,nan
2011-04-18,nan,nan,nan,nan,nan,nan
2011-04-15,nan,nan,nan,nan,nan,nan
2011-04-14,nan,nan,nan,nan,nan,nan
2011-04-13,nan,nan,nan,nan,nan,nan
2011-04-12,nan,nan,nan,nan,nan,nan
2011-04-11,nan,nan,nan,nan,nan,nan
2011-04-08,nan,nan,nan,nan,nan,nan
2011-04-07,nan,nan,nan,nan,nan,nan
2011-04-06,nan,nan,nan,nan,nan,nan
2011-04-05,nan,nan,nan,nan,nan,nan
2011-04-04,nan,nan,nan,nan,nan,nan
2011-04-01,nan,nan,nan,nan,nan,nan
2011-03-31,nan,nan,nan,nan,nan,nan
2011-03-30,nan,nan,nan,nan,nan,nan
2011-03-29,nan,nan,nan,nan,nan,nan
2011-03-28,nan,nan,nan,nan,nan,nan
2011-03-25,nan,nan,nan,nan,nan,nan
2011-03-24,nan,nan,nan,nan,nan,nan
2011-03-23,nan,nan,nan,nan,nan,nan
2011-03-22,nan,nan,nan,nan,nan,nan
2011-03-21,nan,nan,nan,nan,nan,nan
2011-03-18,nan,nan,nan,nan,nan,nan
2011-03-17,nan,nan,nan,nan,nan,nan
2011-03-16,nan,nan,nan,nan,nan,nan
2011-03-15,nan,nan,nan,nan,nan,nan
2011-03-14,nan,nan,nan,nan,nan,nan
2011-03-11,nan,nan,nan,nan,nan,nan
2011-03-10,nan,nan,nan,nan,nan,nan
2011-03-09,nan,nan,nan,nan,nan,nan
2011-03-08,nan,nan,nan,nan,nan,nan
2011-03-07,nan,nan,nan,nan,nan,nan
2011-03-04,nan,nan,nan,nan,nan,nan
2011-03-03,nan,nan,nan,nan,nan,nan
2011-03-02,nan,nan,nan,nan,nan,nan
2011-03-01,nan,nan,nan,nan,nan,nan
2011-02-28,nan,nan,nan,nan,nan,nan
2011-02-25,nan,nan,nan,nan,nan,nan
2011-02-24,nan,nan,nan,nan,nan,nan
2011-02-23,nan,nan,nan,nan,nan,nan
2011-02-22,nan,nan,nan,nan,nan,nan
2011-02-18,nan,nan,nan,nan,nan,nan
2011-02-17,nan,nan,nan,nan,nan,nan
2011-02-16,nan,nan,nan,nan,nan,nan
2011-02-15,nan,nan,nan,nan,nan,nan
2011-02-14,nan,nan,nan,nan,nan,nan
2011-02-11,nan,nan,nan,nan,nan,nan
2011-02-10,nan,nan,nan,nan,nan,nan
2011-02-09,nan,nan,nan,nan,nan,nan
2011-02-08,nan,nan,nan,nan,nan,nan
2011-02-07,nan,nan,nan,nan,nan,nan
2011-02-04,nan,nan,nan,nan,nan,nan
2011-02-03,nan,nan,nan,nan,nan,nan
2011-02-02,nan,nan,nan,nan,nan,nan
2011-02-01,nan,nan,nan,nan,nan,nan
2011-01-31,nan,nan,nan,nan,nan,nan
2011-01-28,nan,nan,nan,nan,nan,nan
2011-01-27,nan,nan,nan,nan,nan,nan
2011-01-26,nan,nan,nan,nan,nan,nan
2011-01-25,nan,nan,nan,nan,nan,nan
2011-01-24,nan,nan,nan,nan,nan,nan
2011-01-21,nan,nan,nan,nan,nan,nan
2011-01-20,nan,nan,nan,nan,nan,nan
2011-01-19,nan,nan,nan,nan,nan,nan
2011-01-18,nan,nan,nan,nan,nan,nan
2011-01-14,nan,nan,nan,nan,nan,nan
2011-01-13,nan,nan,nan,nan,nan,nan
2011-01-12,nan,nan,nan,nan,nan,nan
2011-01-11,nan,nan,nan,nan,nan,nan
2011-01-10,nan,nan,nan,nan,nan,nan
2011-01-07,nan,nan,nan,nan,nan,nan
2011-01-06,nan,nan,nan,nan,nan,nan
2011-01-05,nan,nan,nan,nan,nan,nan
2011-01-04,nan,nan,nan,nan,nan,nan
2011-01-03,nan,nan,nan,nan,nan,nan
2010-12-31,nan,nan,nan,nan,nan,nan
2010-12-30,nan,nan,nan,nan,nan,nan
2010-12-29,nan,nan,nan,nan,nan,nan
2010-12-28,nan,nan,nan,nan,nan,nan
2010-12-27,nan,nan,nan,nan,nan,nan
2010-12-23,nan,nan,nan,nan,nan,nan
2010-12-22,nan,nan,nan,nan,nan,nan
2010-12-21,nan,nan,nan,nan,nan,nan
2010-12-20,nan,nan,nan,nan,nan,nan
2010-12-17,nan,nan,nan,nan,nan,nan
2010-12-16,nan,nan,nan,nan,nan,nan
2010-12-15,nan,nan,nan,nan,nan,nan
2010-12-14,nan,nan,nan,nan,nan,nan
2010-12-13,nan,nan,nan,nan,nan,nan
2010-12-10,nan,nan,nan,nan,nan,nan
2010-12-09,nan,nan,nan,nan,nan,nan
2010-12-08,nan,nan,nan,nan,nan,nan
2010-12-07,nan,nan,nan,nan,nan,nan
2010-12-06,nan,nan,nan,nan,nan,nan
2010-12-03,nan,nan,nan,nan,nan,nan
2010-12-02,nan,nan,nan,nan,nan,nan
2010-12-01,nan,nan,nan,nan,nan,nan
2010-11-30,nan,nan,nan,nan,nan,nan
2010-11-29,nan,nan,nan,nan,nan,nan
2010-11-26,nan,nan,nan,nan,nan,nan
2010-11-24,nan,nan,nan,nan,nan,nan
2010-11-23,nan,nan,nan,nan,nan,nan
2010-11-22,nan,nan,nan,nan,nan,nan
2010-11-19,nan,nan,nan,nan,nan,nan
2010-11-18,nan,nan,nan,nan,nan,nan
2010-11-17,nan,nan,nan,nan,nan,nan
2010-11-16,nan,nan,nan,nan,nan,nan
2010-11-15,nan,nan,nan,nan,nan,nan
2010-11-12,nan,nan,nan,nan,nan,nan
2010-11-11,nan,nan,nan,nan,nan,nan
2010-11-10,nan,nan,nan,nan,nan,nan
2010-11-09,nan,nan,nan,nan,nan,nan
2010-11-08,nan,nan,nan,nan,nan,nan
2010-11-05,nan,nan,nan,nan,nan,nan
2010-11-04,nan,nan,nan,nan,nan,nan
2010-11-03,nan,nan,nan,nan,nan,nan
2010-11-02,nan,nan,nan,nan,nan,nan
2010-11-01,nan,nan,nan,nan,nan,nan
2010-10-29,nan,nan,nan,nan,nan,nan
2010-10-28,nan,nan,nan,nan,nan,nan
2010-10-27,nan,nan,nan,nan,nan,nan
2010-10-26,nan,nan,nan,nan,nan,nan
2010-10-25,nan,nan,nan,nan,nan,nan
2010-10-22,nan,nan,nan,nan,nan,nan
2010-10-21,nan,nan,nan,nan,nan,nan
2010-10-20,nan,nan,nan,nan,nan,nan
2010-10-19,nan,nan,nan,nan,nan,nan
2010-10-18,nan,nan,nan,nan,nan,nan
2010-10-15,nan,nan,nan,nan,nan,nan
2010-10-14,nan,nan,nan,nan,nan,nan
2010-10-13,nan,nan,nan,nan,nan,nan
2010-10-12,nan,nan,nan,nan,nan,nan
2010-10-11,nan,nan,nan,nan,nan,nan
2010-10-08,nan,nan,nan,nan,nan,nan
2010-10-07,nan,nan,nan,nan,nan,nan
2010-10-06,nan,nan,nan,nan,nan,nan
2010-10-05,nan,nan,nan,nan,nan,nan
2010-10-04,nan,nan,nan,nan,nan,nan
2010-10-01,nan,nan,nan,nan,nan,nan
2010-09-30,nan,nan,nan,nan,nan,nan
2010-09-29,nan,nan,nan,nan,nan,nan
2010-09-28,nan,nan,nan,nan,nan,nan
2010-09-27,nan,nan,nan,nan,nan,nan
2010-09-24,nan,nan,nan,nan,nan,nan
2010-09-23,nan,nan,nan,nan,nan,nan
2010-09-22,nan,nan,nan,nan,nan,nan
2010-09-21,nan,nan,nan,nan,nan,nan
2010-09-20,nan,nan,nan,nan,nan,nan
2010-09-17,nan,nan,nan,nan,nan,nan
2010-09-16,nan,nan,nan,nan,nan,nan
2010-09-15,nan,nan,nan,nan,nan,nan
2010-09-14,nan,nan,nan,nan,nan,nan
2010-09-13,nan,nan,nan,nan,nan,nan
2010-09-10,nan,nan,nan,nan,nan,nan
2010-09-09,nan,nan,nan,nan,nan,nan
2010-09-08,nan,nan,nan,nan,nan,nan
2010-09-07,nan,nan,nan,nan,nan,nan
2010-09-03,nan,nan,nan,nan,nan,nan
2010-09-02,nan,nan,nan,nan,nan,nan
2010-09-01,nan,nan,nan,nan,nan,nan
2010-08-31,nan,nan,nan,nan,nan,nan
2010-08-30,nan,nan,nan,nan,nan,nan
2010-08-27,nan,nan,nan,nan,nan,nan
2010-08-26,nan,nan,nan,nan,nan,nan
2010-08-25,nan,nan,nan,nan,nan,nan
2010-08-24,nan,nan,nan,nan,nan,nan
2010-08-23,nan,nan,nan,nan,nan,nan
2010-08-20,nan,nan,nan,nan,nan,nan
2010-08-19,nan,nan,nan,nan,nan,nan
2010-08-18,nan,nan,nan,nan,nan,nan
2010-08-17,nan,nan,nan,nan,nan,nan
2010-08-16,nan,nan,nan,nan,nan,nan
2010-08-13,nan,nan,nan,nan,nan,nan
2010-08-12,nan,nan,nan,nan,nan,nan
2010-08-11,nan,nan,nan,nan,nan,nan
2010-08-10,nan,nan,nan,nan,nan,nan
2010-08-09,nan,nan,nan,nan,nan,nan
2010-08-06,nan,nan,nan,nan,nan,nan
2010-08-05,nan,nan,nan,nan,nan,nan
2010-08-04,nan,nan,nan,nan,nan,nan
2010-08-03,nan,nan,nan,nan,nan,nan
2010-08-02,nan,nan,nan,nan,nan,nan
2010-07-30,nan,nan,nan,nan,nan,nan
2010-07-29,nan,nan,nan,nan,nan,nan
2010-07-28,nan,nan,nan,nan,nan,nan
2010-07-27,nan,nan,nan,nan,nan,nan
2010-07-26,nan,nan,nan,nan,nan,nan
2010-07-23,nan,nan,nan,nan,nan,nan
2010-07-22,nan,nan,nan,nan,nan,nan
2010-07-21,nan,nan,nan,nan,nan,nan
2010-07-20,nan,nan,nan,nan,nan,nan
2010-07-19,nan,nan,nan,nan,nan,nan
2010-07-16,nan,nan,nan,nan,nan,nan
2010-07-15,nan,nan,nan,nan,nan,nan
2010-07-14,nan,nan,nan,nan,nan,nan
2010-07-13,nan,nan,nan,nan,nan,nan
2010-07-12,nan,nan,nan,nan,nan,nan
2010-07-09,nan,nan,nan,nan,nan,nan
2010-07-08,nan,nan,nan,nan,nan,nan
2010-07-07,nan,nan,nan,nan,nan,nan
2010-07-06,nan,nan,nan,nan,nan,nan
2010-07-02,nan,nan,nan,nan,nan,nan
2010-07-01,nan,nan,nan,nan,nan,nan
2010-06-30,nan,nan,nan,nan,nan,nan
2010-06-29,nan,nan,nan,nan,nan,nan
2010-06-28,nan,nan,nan,nan,nan,nan
2010-06-25,nan,nan,nan,nan,nan,nan
2010-06-24,nan,nan,nan,nan,nan,nan
2010-06-23,nan,nan,nan,nan,nan,nan
2010-06-22,nan,nan,nan,nan,nan,nan
2010-06-21,nan,nan,nan,nan,nan,nan
2010-06-18,nan,nan,nan,nan,nan,nan
2010-06-17,nan,nan,nan,nan,nan,nan
2010-06-16,nan,nan,nan,nan,nan,nan
2010-06-15,nan,nan,nan,nan,nan,nan
2010-06-14,nan,nan,nan,nan,nan,nan
2010-06-11,nan,nan,nan,nan,nan,nan
2010-06-10,nan,nan,nan,nan,nan,nan
2010-06-09,nan,nan,nan,nan,nan,nan
2010-06-08,nan,nan,nan,nan,nan,nan
2010-06-07,nan,nan,nan,nan,nan,nan
2010-06-04,nan,nan,nan,nan,nan,nan
2010-06-03,nan,nan,nan,nan,nan,nan
2010-06-02,nan,nan,nan,nan,nan,nan
2010-06-01,nan,nan,nan,nan,nan,nan
2010-05-28,nan,nan,nan,nan,nan,nan
2010-05-27,nan,nan,nan,nan,nan,nan
2010-05-26,nan,nan,nan,nan,nan,nan
2010-05-25,nan,nan,nan,nan,nan,nan
2010-05-24,nan,nan,nan,nan,nan,nan
2010-05-21,nan,nan,nan,nan,nan,nan
2010-05-20,nan,nan,nan,nan,nan,nan
2010-05-19,nan,nan,nan,nan,nan,nan
2010-05-18,nan,nan,nan,nan,nan,nan
2010-05-17,nan,nan,nan,nan,nan,nan
2010-05-14,nan,nan,nan,nan,nan,nan
2010-05-13,nan,nan,nan,nan,nan,nan
2010-05-12,nan,nan,nan,nan,nan,nan
2010-05-11,nan,nan,nan,nan,nan,nan
2010-05-10,nan,nan,nan,nan,nan,nan
2010-05-07,nan,nan,nan,nan,nan,nan
2010-05-06,nan,nan,nan,nan,nan,nan
2010-05-05,nan,nan,nan,nan,nan,nan
2010-05-04,nan,nan,nan,nan,nan,nan
2010-05-03,nan,nan,nan,nan,nan,nan
2010-04-30,nan,nan,nan,nan,nan,nan
2010-04-29,nan,nan,nan,nan,nan,nan
2010-04-28,23.12,23.22,22.66,23.18,11505400.0,23.18
2010-04-27,23.93,24.07,22.91,22.94,11932100.0,22.94
2010-04-26,24.38,24.53,24.09,24.12,2437800.0,24.12
2010-04-23,23.5,24.4,23.33,24.32,6000200.0,24.32
2010-04-22,22.59,23.47,22.47,23.32,4248100.0,23.32
2010-04-21,22.76,23.13,22.56,22.94,6229800.0,22.94
2010-04-20,21.96,22.89,21.88,22.73,9870300.0,22.73
2010-04-19,21.47,21.96,21.43,21.7,4460200.0,21.7
2010-04-16,22.06,22.25,21.46,21.65,4744900.0,21.65
2010-04-15,22.3,22.53,22.2,22.35,2294000.0,22.35
2010-04-14,22.06,22.4,21.74,22.39,2592700.0,22.39
2010-04-13,22.17,22.17,21.52,21.96,3343700.0,21.96
2010-04-12,22.16,22.42,22.13,22.2,1756100.0,22.2
2010-04-09,22.33,22.37,21.93,22.23,2926000.0,22.23
2010-04-08,22.16,22.26,21.93,22.16,4407200.0,22.16
2010-04-07,22.54,22.6,22.11,22.27,3219000.0,22.27
2010-04-06,22.32,22.7,22.23,22.59,3418300.0,22.59
2010-04-05,22.19,22.66,22.0,22.54,2442100.0,22.54
2010-04-01,21.61,22.03,21.56,22.03,4227700.0,22.03
2010-03-31,21.17,21.46,21.04,21.4,4766100.0,21.4
2010-03-30,20.86,21.04,20.67,20.93,4543700.0,20.93
2010-03-29,20.73,21.07,20.67,20.87,4348000.0,20.87
2010-03-26,20.58,20.92,20.42,20.58,4396900.0,20.58
2010-03-25,21.48,21.5,20.51,20.51,3363000.0,20.51
2010-03-24,21.29,21.47,21.14,21.21,3394800.0,21.21
2010-03-23,21.63,21.68,21.26,21.45,5135600.0,21.45
2010-03-22,21.32,21.96,21.15,21.62,4153300.0,21.62
2010-03-19,22.22,22.45,21.47,21.56,5686800.0,21.56
2010-03-18,23.27,23.43,22.32,22.36,3723700.0,22.36
2010-03-17,23.13,23.56,23.05,23.4,4820500.0,23.4
2010-03-16,22.7,23.03,22.53,22.99,5279000.0,22.99
2010-03-15,22.51,22.72,22.22,22.55,7148500.0,22.55
2010-03-12,22.79,22.87,22.44,22.64,4589100.0,22.64
2010-03-11,22.52,22.63,22.4,22.63,3340400.0,22.63
2010-03-10,22.55,22.83,22.3,22.57,5538400.0,22.57
2010-03-09,22.59,22.83,22.41,22.55,6042300.0,22.55
2010-03-08,23.02,23.25,22.72,22.79,1849900.0,22.79
2010-03-05,22.87,23.01,22.7,22.96,7627500.0,22.96
2010-03-04,22.6,22.88,22.43,22.61,6063300.0,22.61
2010-03-03,22.49,22.87,22.35,22.61,4191200.0,22.61
2010-03-02,22.07,22.42,22.05,22.34,4824200.0,22.34
2010-03-01,22.06,22.12,21.89,22.0,4054800.0,22.0
2010-02-26,21.71,21.9,21.54,21.85,2740400.0,21.85
2010-02-25,21.31,21.86,21.2,21.84,3547500.0,21.84
2010-02-24,21.58,21.9,21.48,21.82,5856000.0,21.82
2010-02-23,21.7,21.82,21.25,21.41,4810700.0,21.41
2010-02-22,22.38,22.53,21.78,21.85,4822900.0,21.85
2010-02-19,22.08,22.24,21.93,22.09,7728500.0,22.09
2010-02-18,21.8,22.13,21.73,22.06,4127100.0,22.06
2010-02-17,21.77,21.92,21.63,21.81,3733300.0,21.81
2010-02-16,21.46,21.83,21.39,21.7,6194100.0,21.7
2010-02-12,20.97,21.31,20.81,21.18,4251700.0,21.18
2010-02-11,20.67,21.28,20.5,21.28,3827100.0,21.28
2010-02-10,20.66,20.88,20.42,20.68,6765600.0,20.68
2010-02-09,20.6,20.99,20.56,20.76,9728200.0,20.76
2010-02-08,20.53,20.83,20.33,20.33,5835700.0,20.33
2010-02-05,20.63,20.86,19.82,20.47,10239800.0,20.47
2010-02-04,21.18,21.22,20.61,20.68,8614300.0,20.68
2010-02-03,21.33,21.74,21.29,21.45,4144300.0,21.45
2010-02-02,21.67,21.71,21.35,21.53,4603500.0,21.53
2010-02-01,20.97,21.56,20.97,21.51,3723200.0,21.51
2010-01-29,21.36,21.89,20.56,20.67,8330100.0,20.67
2010-01-28,21.74,21.82,20.72,21.16,5973700.0,21.16
2010-01-27,21.36,21.71,21.0,21.58,7645600.0,21.58
2010-01-26,20.96,22.0,20.77,21.3,10335600.0,21.3
2010-01-25,20.3,20.8,20.17,20.34,5348600.0,20.34
2010-01-22,20.94,21.08,20.22,20.27,9951200.0,20.27
2010-01-21,21.29,21.85,21.18,21.23,8115700.0,21.23
2010-01-20,21.51,21.6,20.97,21.36,4291300.0,21.36
2010-01-19,21.33,21.77,21.21,21.77,3469600.0,21.77
2010-01-15,21.45,21.67,21.13,21.46,4021400.0,21.46
2010-01-14,21.03,21.6,21.03,21.56,3569300.0,21.56
2010-01-13,20.91,21.23,20.51,21.13,3482900.0,21.13
2010-01-12,20.86,21.14,20.68,20.77,3869200.0,20.77
2010-01-11,21.52,21.63,20.99,21.16,4429300.0,21.16
2010-01-08,20.75,21.36,20.68,21.31,3872900.0,21.31
2010-01-07,20.7,20.94,20.28,20.9,4554600.0,20.9
2010-01-06,19.87,20.86,19.83,20.79,5369300.0,20.79
2010-01-05,19.08,19.99,19.0,19.95,4994700.0,19.95
2010-01-04,18.98,19.05,18.85,18.99,3191400.0,18.99
2009-12-31,18.8,18.92,18.6,18.6,1582100.0,18.6
2009-12-30,18.74,18.81,18.56,18.81,2419700.0,18.81
2009-12-29,18.93,19.03,18.67,18.75,2064700.0,18.75
2009-12-28,19.03,19.24,18.83,18.88,2212700.0,18.88
2009-12-24,18.91,19.0,18.87,18.92,512400.0,18.92
2009-12-23,18.8,18.97,18.68,18.78,3107200.0,18.78
2009-12-22,18.78,18.95,18.6,18.65,7115900.0,18.65
2009-12-21,18.89,19.1,18.77,18.8,4076100.0,18.8
2009-12-18,19.12,19.16,18.64,18.74,5234700.0,18.74
2009-12-17,18.73,19.05,18.67,18.96,6584400.0,18.96
2009-12-16,18.94,19.14,18.85,18.92,3415900.0,18.92
2009-12-15,18.39,18.95,18.36,18.77,3334000.0,18.77
2009-12-14,18.6,18.66,18.38,18.46,5508800.0,18.46
2009-12-11,18.07,18.29,17.9,18.24,3443300.0,18.24
2009-12-10,17.95,18.24,17.82,18.14,3842700.0,18.14
2009-12-09,17.74,18.02,17.57,17.87,5206500.0,17.87
2009-12-08,17.95,17.95,17.57,17.65,3859400.0,17.65
2009-12-07,18.06,18.35,17.93,18.06,4171700.0,18.06
2009-12-04,18.59,18.7,17.94,18.17,6730900.0,18.17
2009-12-03,18.63,18.7,18.19,18.2,5331500.0,18.2
2009-12-02,18.85,18.98,18.53,18.68,4347500.0,18.68
2009-12-01,19.0,19.14,18.88,18.9,4842300.0,18.9
2009-11-30,18.4,18.8,18.2,18.78,5292800.0,18.78
2009-11-27,18.47,18.71,18.37,18.55,2108500.0,18.55
2009-11-25,18.87,19.19,18.68,19.12,2695000.0,19.12
2009-11-24,18.9,18.97,18.54,18.88,3833000.0,18.88
2009-11-23,19.0,19.38,18.75,18.8,4092200.0,18.8
2009-11-20,18.82,19.1,18.62,18.7,4151200.0,18.7
2009-11-19,19.15,19.29,18.88,18.94,11651200.0,18.94
2009-11-18,19.7,19.86,19.11,19.32,3582800.0,19.32
2009-11-17,19.7,19.84,19.37,19.73,5280800.0,19.73
2009-11-16,19.15,19.99,19.12,19.79,5780100.0,19.79
2009-11-13,18.97,19.23,18.73,19.06,4267700.0,19.06
2009-11-12,19.56,19.69,18.84,18.97,5146700.0,18.97
2009-11-11,19.66,19.87,19.54,19.71,3587300.0,19.71
2009-11-10,19.67,19.72,19.13,19.45,5641300.0,19.45
2009-11-09,19.19,19.74,19.11,19.69,2922100.0,19.69
2009-11-06,18.99,19.24,18.71,18.91,4403100.0,18.91
2009-11-05,18.9,19.33,18.84,19.28,4873700.0,19.28
2009-11-04,19.53,19.65,18.65,18.79,9233800.0,18.79
2009-11-03,19.13,19.96,18.91,19.84,5765300.0,19.84
2009-11-02,19.28,19.71,18.91,19.3,7019100.0,19.3
2009-10-30,19.97,19.97,19.01,19.2,6645700.0,19.2
2009-10-29,19.38,20.15,19.33,20.09,5542400.0,20.09
2009-10-28,20.04,20.04,19.13,19.17,9169700.0,19.17
2009-10-27,20.1,20.25,19.72,20.07,8131700.0,20.07
2009-10-26,20.59,20.99,19.95,19.98,5016400.0,19.98
2009-10-23,21.11,21.29,20.25,20.5,5191900.0,20.5
2009-10-22,20.84,21.19,20.46,21.1,4076300.0,21.1
2009-10-21,20.68,21.59,20.67,20.94,7335700.0,20.94
2009-10-20,21.21,21.24,20.43,20.86,7001000.0,20.86
2009-10-19,21.15,21.3,20.9,21.21,8682300.0,21.21
2009-10-16,21.21,21.31,20.79,21.17,6234500.0,21.17
2009-10-15,20.31,21.42,20.31,21.42,10305900.0,21.42
2009-10-14,20.64,20.8,20.53,20.79,5646300.0,20.79
2009-10-13,20.5,20.56,19.94,20.32,6034000.0,20.32
2009-10-12,20.48,20.77,20.32,20.47,2974300.0,20.47
2009-10-09,20.25,20.44,19.42,20.3,3895600.0,20.3
2009-10-08,19.94,20.43,19.58,20.37,8782500.0,20.37
2009-10-07,19.35,19.85,19.29,19.76,5018200.0,19.76
2009-10-06,19.38,19.72,19.32,19.39,6446200.0,19.39
2009-10-05,18.52,19.06,18.38,19.05,7310400.0,19.05
2009-10-02,18.61,18.81,18.38,18.58,6666800.0,18.58
2009-10-01,19.56,19.75,18.91,18.93,7180300.0,18.93
2009-09-30,19.65,19.71,19.12,19.43,11388700.0,19.43
2009-09-29,19.46,19.6,19.2,19.52,10054800.0,19.52
2009-09-28,19.43,19.68,19.22,19.62,7446100.0,19.62
2009-09-25,19.03,19.35,18.91,19.29,8663700.0,19.29
2009-09-24,19.41,19.6,19.0,19.15,10427100.0,19.15
2009-09-23,19.8,20.0,19.31,19.56,9240500.0,19.56
2009-09-22,19.68,20.06,19.68,19.83,6751800.0,19.83
2009-09-21,19.44,19.97,19.23,19.5,11426400.0,19.5
2009-09-18,18.87,19.88,18.65,19.82,19947900.0,19.82
2009-09-17,18.1,18.69,18.1,18.55,15006700.0,18.55
2009-09-16,17.77,18.41,17.74,18.2,15564200.0,18.2
2009-09-15,17.76,17.81,17.38,17.75,10291700.0,17.75
2009-09-14,17.07,17.64,16.86,17.56,12471500.0,17.56
2009-09-11,16.84,17.28,16.8,17.19,26665900.0,17.19
2009-09-10,16.57,16.77,16.39,16.75,30896800.0,16.75
2009-09-09,16.85,16.86,16.4,16.53,31917800.0,16.53
2009-09-08,16.85,16.94,16.6,16.68,41425400.0,16.68
2009-09-04,16.51,16.58,16.39,16.49,17413000.0,16.49
2009-09-03,16.42,16.55,16.42,16.53,16990200.0,16.53
2009-09-02,16.28,16.64,16.28,16.32,31272600.0,16.32
2009-09-01,16.17,16.57,16.11,16.45,33911800.0,16.45
2009-08-31,16.83,17.0,15.97,16.06,94443200.0,16.06
2009-08-28,15.58,15.68,15.25,15.43,3725100.0,15.43
2009-08-27,15.34,15.57,15.0,15.42,4487200.0,15.42
2009-08-26,15.06,15.46,15.0,15.45,5389300.0,15.45
2009-08-25,15.55,15.67,15.1,15.24,5119200.0,15.24
2009-08-24,15.5,15.79,15.31,15.47,5134100.0,15.47
2009-08-21,14.68,15.48,14.68,15.45,7855300.0,15.45
2009-08-20,14.34,14.61,14.25,14.6,4422100.0,14.6
2009-08-19,13.83,14.49,13.82,14.37,5739700.0,14.37
2009-08-18,13.87,14.13,13.8,14.09,6314000.0,14.09
2009-08-17,14.36,14.36,13.74,13.87,6140500.0,13.87
2009-08-14,15.05,15.14,14.49,14.73,6611100.0,14.73
2009-08-13,14.67,15.09,14.36,15.06,8580100.0,15.06
2009-08-12,14.05,14.58,13.92,14.38,5850000.0,14.38
2009-08-11,14.43,14.44,14.04,14.08,4180200.0,14.08
2009-08-10,14.03,14.69,14.03,14.48,5533800.0,14.48
2009-08-07,14.18,14.4,13.82,14.23,5657400.0,14.23
2009-08-06,14.03,14.22,13.71,13.98,5701800.0,13.98
2009-08-05,14.19,14.31,13.8,14.01,6966800.0,14.01
2009-08-04,14.6,14.65,14.13,14.3,8166300.0,14.3
2009-08-03,14.48,14.91,14.41,14.84,7148300.0,14.84
2009-07-31,13.87,14.3,13.75,14.18,6342000.0,14.18
2009-07-30,13.93,14.26,13.77,14.0,7278300.0,14.0
2009-07-29,13.95,13.99,13.52,13.68,6408200.0,13.68
2009-07-28,14.8,14.92,13.86,14.19,10731700.0,14.19
2009-07-27,15.27,15.33,14.82,14.96,8119300.0,14.96
2009-07-24,14.84,15.27,14.53,15.21,8897200.0,15.21
2009-07-23,14.36,15.03,14.22,14.97,7566100.0,14.97
2009-07-22,14.44,14.78,14.31,14.4,8923000.0,14.4
2009-07-21,14.44,14.88,14.16,14.85,19343900.0,14.85
2009-07-20,14.05,14.36,13.7,14.33,13996800.0,14.33
2009-07-17,14.29,14.72,14.24,14.44,7945700.0,14.44
2009-07-16,14.03,14.38,13.79,14.3,6663200.0,14.3
2009-07-15,13.85,14.16,13.74,14.05,6725500.0,14.05
2009-07-14,13.44,13.48,13.08,13.43,6872100.0,13.43
2009-07-13,12.74,13.19,12.38,13.17,6702200.0,13.17
2009-07-10,12.53,12.79,12.33,12.72,4447500.0,12.72
2009-07-09,12.72,13.06,12.5,12.76,5465600.0,12.76
2009-07-08,12.35,12.66,12.0,12.46,7778100.0,12.46
2009-07-07,12.75,12.86,12.36,12.39,8341500.0,12.39
2009-07-06,12.48,13.01,12.47,12.99,7021000.0,12.99
2009-07-02,13.28,13.34,12.81,12.81,7798000.0,12.81
2009-07-01,13.73,14.09,13.46,13.5,7112200.0,13.5
2009-06-30,13.67,13.99,12.89,13.63,9003800.0,13.63
2009-06-29,13.98,13.98,13.6,13.68,7613800.0,13.68
2009-06-26,13.16,13.84,13.1,13.7,9604400.0,13.7
2009-06-25,12.98,13.45,12.9,13.3,6896900.0,13.3
2009-06-24,13.03,13.33,12.82,12.98,6239700.0,12.98
2009-06-23,12.74,13.09,12.51,12.92,7081000.0,12.92
2009-06-22,13.36,13.36,12.6,12.62,8670900.0,12.62
2009-06-19,14.39,14.4,13.56,13.79,7448300.0,13.79
2009-06-18,14.0,14.63,13.85,14.1,6316500.0,14.1
2009-06-17,14.3,14.62,13.82,14.02,10776400.0,14.02
2009-06-16,15.2,15.65,14.62,14.62,9386500.0,14.62
2009-06-15,15.38,15.38,14.75,15.01,6437200.0,15.01
2009-06-12,15.7,15.91,15.36,15.69,5535200.0,15.69
2009-06-11,15.71,16.38,15.61,16.13,13475600.0,16.13
2009-06-10,15.73,15.94,15.01,15.58,10274800.0,15.58
2009-06-09,15.45,15.81,15.26,15.5,6811700.0,15.5
2009-06-08,15.15,15.37,14.63,15.23,6547100.0,15.23
2009-06-05,15.77,16.01,15.1,15.32,8311100.0,15.32
2009-06-04,15.54,15.91,15.24,15.7,8037500.0,15.7
2009-06-03,15.73,15.89,14.84,15.2,6811500.0,15.2
2009-06-02,16.18,16.46,15.91,16.07,6695900.0,16.07
2009-06-01,16.21,16.77,16.12,16.39,8349700.0,16.39
2009-05-29,15.58,15.75,15.35,15.64,6647600.0,15.64
2009-05-28,14.93,15.44,14.5,15.33,8961600.0,15.33
2009-05-27,15.36,15.42,14.71,14.72,9053700.0,14.72
2009-05-26,14.57,15.35,14.28,15.29,6542800.0,15.29
2009-05-22,14.42,14.97,14.14,14.74,10974700.0,14.74
2009-05-21,14.8,14.8,14.06,14.31,7702000.0,14.31
2009-05-20,15.42,16.31,15.06,15.12,9550900.0,15.12
2009-05-19,15.28,15.46,14.76,15.17,6432000.0,15.17
2009-05-18,14.11,15.28,14.11,15.21,5724200.0,15.21
2009-05-15,14.69,15.1,14.16,14.28,8137800.0,14.28
2009-05-14,14.01,15.05,14.01,14.83,9106600.0,14.83
2009-05-13,15.21,15.21,14.24,14.41,8571400.0,14.41
2009-05-12,15.99,15.99,14.88,15.47,9989600.0,15.47
2009-05-11,16.19,16.35,15.59,15.77,5361600.0,15.77
2009-05-08,15.66,16.72,15.19,16.62,10036300.0,16.62
2009-05-07,16.72,17.0,15.26,15.65,10409000.0,15.65
2009-05-06,15.69,16.5,15.61,16.36,9325300.0,16.36
2009-05-05,15.57,15.68,14.81,15.34,7912900.0,15.34
2009-05-04,14.35,15.33,14.32,15.3,8247700.0,15.3
2009-05-01,13.89,14.44,13.69,14.28,5987600.0,14.28
2009-04-30,14.66,14.66,13.38,13.89,11114400.0,13.89
2009-04-29,14.06,14.85,14.06,14.53,10540500.0,14.53
2009-04-28,13.45,14.23,13.4,14.06,11424000.0,14.06
2009-04-27,13.95,14.21,13.65,14.14,17055300.0,14.14
2009-04-24,13.87,14.59,13.75,14.51,13894600.0,14.51
2009-04-23,13.61,13.74,12.71,13.55,12260600.0,13.55
2009-04-22,12.56,13.92,12.47,13.43,19186200.0,13.43
2009-04-21,11.1,13.33,10.94,13.26,26113100.0,13.26
2009-04-20,12.6,12.6,11.76,11.97,13524500.0,11.97
2009-04-17,12.38,13.1,12.38,12.93,11967300.0,12.93
2009-04-16,11.93,12.45,11.68,12.37,11359200.0,12.37
2009-04-15,11.33,11.72,11.22,11.66,8639800.0,11.66
2009-04-14,10.81,11.55,10.74,11.33,7496900.0,11.33
2009-04-13,10.98,11.15,10.54,11.0,5126200.0,11.0
2009-04-09,10.93,11.35,10.86,11.16,5259500.0,11.16
2009-04-08,10.49,10.8,9.96,10.67,6690600.0,10.67
2009-04-07,10.5,10.6,10.3,10.41,4124700.0,10.41
2009-04-06,10.83,10.84,10.49,10.75,5646900.0,10.75
2009-04-03,10.33,11.13,10.2,10.95,9067100.0,10.95
2009-04-02,10.45,10.84,10.28,10.36,8379700.0,10.36
2009-04-01,9.73,10.24,9.45,10.07,6144600.0,10.07
2009-03-31,10.14,10.39,9.89,9.95,6966100.0,9.95
2009-03-30,10.08,10.13,9.72,9.93,6017400.0,9.93
2009-03-27,10.65,10.66,10.09,10.26,10365100.0,10.26
2009-03-26,10.88,11.59,10.8,10.94,9060100.0,10.94
2009-03-25,10.77,11.06,10.25,10.75,5061300.0,10.75
2009-03-24,10.97,11.13,10.65,10.87,4539600.0,10.87
2009-03-23,10.52,11.13,10.47,11.13,7880700.0,11.13
2009-03-20,10.66,10.73,10.0,10.23,8810200.0,10.23
2009-03-19,10.82,11.15,10.67,10.71,9462600.0,10.71
2009-03-18,10.16,10.73,9.82,10.58,9555500.0,10.58
2009-03-17,9.94,10.27,9.65,10.26,5318900.0,10.26
2009-03-16,9.33,10.27,9.33,9.88,6491000.0,9.88
2009-03-13,9.58,10.39,9.5,9.7,7262500.0,9.7
2009-03-12,9.65,10.13,9.33,10.08,6635000.0,10.08
2009-03-11,9.76,9.97,9.44,9.7,7561900.0,9.7
2009-03-10,9.3,9.73,9.14,9.6,9684400.0,9.6
2009-03-09,8.79,9.52,8.74,9.12,5680700.0,9.12
2009-03-06,9.41,9.47,8.72,9.07,9670200.0,9.07
2009-03-05,9.21,9.63,8.92,9.13,5804400.0,9.13
2009-03-04,9.33,9.85,9.21,9.53,7705300.0,9.53
2009-03-03,9.05,9.29,8.72,8.92,4927700.0,8.92
2009-03-02,9.38,9.58,8.79,8.83,7680300.0,8.83
2009-02-27,9.16,10.1,9.12,9.67,8723200.0,9.67
2009-02-26,9.5,9.96,9.5,9.53,6805000.0,9.53
2009-02-25,9.7,9.85,9.24,9.41,8911200.0,9.41
2009-02-24,9.25,9.73,9.13,9.7,6755700.0,9.7
2009-02-23,9.95,10.09,9.13,9.15,4512900.0,9.15
2009-02-20,9.93,10.07,9.45,9.82,6218300.0,9.82
2009-02-19,10.25,10.59,10.07,10.17,5451500.0,10.17
2009-02-18,10.23,10.26,9.79,10.09,6266400.0,10.09
2009-02-17,10.52,10.74,10.07,10.1,6839000.0,10.1
2009-02-13,10.84,11.21,10.84,11.02,4826600.0,11.02
2009-02-12,11.0,11.03,10.53,10.92,6295100.0,10.92
2009-02-11,11.27,11.49,10.88,11.23,6838400.0,11.23
2009-02-10,12.02,12.34,11.11,11.25,7818100.0,11.25
2009-02-09,12.39,12.64,11.89,12.08,5940300.0,12.08
2009-02-06,11.61,12.51,11.51,12.31,6521900.0,12.31
2009-02-05,11.23,11.85,10.85,11.78,6375600.0,11.78
2009-02-04,10.98,11.52,10.9,11.21,8279500.0,11.21
2009-02-03,10.5,10.9,10.43,10.84,6322600.0,10.84
2009-02-02,10.75,11.06,10.43,10.53,7308100.0,10.53
2009-01-30,11.97,12.08,10.88,11.0,8918900.0,11.0
2009-01-29,12.11,12.21,11.47,11.62,6528200.0,11.62
2009-01-28,12.23,12.45,11.86,12.21,8238500.0,12.21
2009-01-27,12.38,12.5,11.64,12.05,7890500.0,12.05
2009-01-26,11.74,12.43,11.54,11.92,8991000.0,11.92
2009-01-23,10.45,12.0,10.37,11.64,7698800.0,11.64
2009-01-22,11.18,11.34,10.51,10.7,6459600.0,10.7
2009-01-21,10.52,11.46,10.41,11.41,6429300.0,11.41
2009-01-20,11.02,11.51,10.35,10.39,7015700.0,10.39
2009-01-16,11.69,11.69,11.03,11.18,8971400.0,11.18
2009-01-15,11.14,11.62,10.82,11.41,7089900.0,11.41
2009-01-14,11.22,11.62,10.9,11.15,8773600.0,11.15
2009-01-13,11.16,11.77,11.16,11.7,6364500.0,11.7
2009-01-12,11.9,11.9,11.16,11.35,4786900.0,11.35
2009-01-09,13.01,13.01,11.93,12.1,4258400.0,12.1
2009-01-08,12.63,13.05,12.2,13.02,4628800.0,13.02
2009-01-07,12.76,12.87,12.27,12.49,5129000.0,12.49
2009-01-06,13.07,13.44,12.94,13.07,6697600.0,13.07
2009-01-05,12.36,13.24,12.0,12.77,6614800.0,12.77
2009-01-02,11.89,12.62,11.81,12.43,3809300.0,12.43
2008-12-31,11.31,11.83,11.14,11.67,3309500.0,11.67
2008-12-30,10.82,11.41,10.69,11.38,3795000.0,11.38
2008-12-29,10.9,11.07,10.56,10.87,2902000.0,10.87
2008-12-26,10.5,10.75,10.44,10.72,2620000.0,10.72
2008-12-24,10.46,10.55,10.31,10.45,1840000.0,10.45
2008-12-23,10.78,10.87,10.3,10.52,4391800.0,10.52
2008-12-22,11.3,11.37,10.39,10.57,4743400.0,10.57
2008-12-19,10.74,11.49,10.66,11.26,5682800.0,11.26
2008-12-18,11.77,11.77,10.63,10.75,8069200.0,10.75
2008-12-17,11.54,12.18,11.43,11.72,5612000.0,11.72
2008-12-16,11.5,11.88,11.15,11.83,6389000.0,11.83
2008-12-15,11.39,11.95,10.96,11.26,6364000.0,11.26
2008-12-12,10.39,11.17,10.22,11.06,5901200.0,11.06
2008-12-11,11.18,11.74,10.85,11.0,8559400.0,11.0
2008-12-10,10.95,11.4,10.64,11.16,7354200.0,11.16
2008-12-09,10.25,11.25,10.18,10.67,7427400.0,10.67
2008-12-08,10.0,10.64,9.39,10.47,9483200.0,10.47
2008-12-05,9.01,9.47,8.34,9.39,10829300.0,9.39
2008-12-04,9.77,10.18,9.1,9.26,7909400.0,9.26
2008-12-03,9.48,9.97,9.18,9.95,7414800.0,9.95
2008-12-02,9.86,10.18,9.3,9.73,8971200.0,9.73
2008-12-01,11.16,11.27,9.73,9.8,10560100.0,9.8
2008-11-28,11.78,12.02,11.63,11.99,2966800.0,11.99
2008-11-26,10.29,11.79,10.29,11.77,7089000.0,11.77
2008-11-25,10.67,10.77,9.83,10.36,9789200.0,10.36
2008-11-24,10.6,10.7,9.83,10.49,10007500.0,10.49
2008-11-21,9.1,10.17,8.97,10.13,10640000.0,10.13
2008-11-20,10.13,10.2,8.67,8.76,11773900.0,8.76
2008-11-19,11.09,11.43,10.43,10.49,7340400.0,10.49
2008-11-18,11.07,11.48,10.8,11.27,7110700.0,11.27
2008-11-17,10.87,11.58,10.68,10.9,4649300.0,10.9
2008-11-14,11.63,11.7,10.63,10.93,9206300.0,10.93
2008-11-13,11.28,11.99,10.55,11.98,11746300.0,11.98
2008-11-12,11.55,11.66,10.94,10.98,4997700.0,10.98
2008-11-11,12.11,12.52,11.64,11.88,5661600.0,11.88
2008-11-10,12.85,13.03,12.12,12.38,5189900.0,12.38
2008-11-07,12.05,12.71,11.86,12.35,4807600.0,12.35
2008-11-06,12.44,12.76,11.85,11.93,8203000.0,11.93
2008-11-05,13.0,13.52,12.48,12.59,6620500.0,12.59
2008-11-04,12.85,13.53,12.8,13.45,7231200.0,13.45
2008-11-03,12.67,12.85,12.17,12.41,6152100.0,12.41
2008-10-31,13.15,13.18,12.09,12.83,9978200.0,12.83
2008-10-30,14.14,14.44,12.41,13.47,8891800.0,13.47
2008-10-29,13.22,14.39,13.0,13.46,10288600.0,13.46
2008-10-28,11.98,12.89,11.38,12.84,8475600.0,12.84
2008-10-27,11.81,12.48,11.55,11.57,6566300.0,11.57
2008-10-24,10.95,12.46,10.95,12.04,7661300.0,12.04
2008-10-23,12.74,13.05,11.48,12.5,18894200.0,12.5
2008-10-22,13.23,13.68,12.22,12.75,17774000.0,12.75
2008-10-21,13.19,14.21,13.15,13.73,13603300.0,13.73
2008-10-20,13.25,13.61,12.58,13.52,9106500.0,13.52
2008-10-17,13.06,14.0,12.54,12.94,12262500.0,12.94
2008-10-16,12.2,13.57,11.8,13.4,23893400.0,13.4
2008-10-15,12.7,13.39,12.15,12.62,25154700.0,12.62
2008-10-14,13.83,14.19,12.28,13.15,21244600.0,13.15
2008-10-13,10.75,12.87,10.07,12.57,18568000.0,12.57
2008-10-10,11.0,11.62,8.93,9.55,23036800.0,9.55
2008-10-09,13.62,13.84,11.66,11.66,11450500.0,11.66
2008-10-08,13.24,14.1,12.23,13.26,17219700.0,13.26
2008-10-07,15.91,16.13,13.69,13.78,11426300.0,13.78
2008-10-06,15.94,16.12,13.9,15.65,11657600.0,15.65
2008-10-03,16.79,18.0,16.41,16.56,10393700.0,16.56
2008-10-02,17.9,17.99,16.22,16.57,10212500.0,16.57
2008-10-01,18.87,18.91,17.65,18.2,8786100.0,18.2
2008-09-30,18.98,19.4,18.81,19.13,8019600.0,19.13
2008-09-29,19.77,20.55,18.12,18.6,12193000.0,18.6
2008-09-26,20.5,21.27,20.04,20.8,6921600.0,20.8
2008-09-25,20.69,21.26,20.44,21.1,5507500.0,21.1
2008-09-24,21.65,21.7,20.54,20.69,6741000.0,20.69
2008-09-23,22.42,22.49,20.97,21.3,9245300.0,21.3
2008-09-22,22.99,23.33,21.96,22.74,6202600.0,22.74
2008-09-19,22.02,22.81,21.7,22.58,7964800.0,22.58
2008-09-18,21.08,21.65,20.0,21.07,9492100.0,21.07
2008-09-17,21.31,21.79,20.37,20.54,9654500.0,20.54
2008-09-16,20.31,21.67,19.64,21.6,8848000.0,21.6
2008-09-15,21.89,22.2,20.75,20.86,8043500.0,20.86
2008-09-12,21.28,22.82,21.28,22.58,8789200.0,22.58
2008-09-11,21.07,21.75,20.51,21.64,8756100.0,21.64
2008-09-10,21.23,21.67,20.67,21.14,11682300.0,21.14
2008-09-09,22.08,22.18,21.1,21.12,11205500.0,21.12
2008-09-08,23.77,23.94,21.85,22.25,11652300.0,22.25
2008-09-05,23.65,23.65,22.37,22.83,9552200.0,22.83
2008-09-04,24.19,24.28,22.89,23.43,9212500.0,23.43
2008-09-03,25.28,25.75,23.89,24.07,9551700.0,24.07
2008-09-02,26.05,26.24,25.34,25.4,5988800.0,25.4
2008-08-29,27.87,28.15,26.85,26.85,4027200.0,26.85
2008-08-28,28.21,28.44,27.05,27.52,4711600.0,27.52
2008-08-27,27.91,28.5,27.7,28.02,3921600.0,28.02
2008-08-26,27.09,27.63,26.95,27.56,4482900.0,27.56
2008-08-25,26.79,27.21,26.5,26.89,3557700.0,26.89
2008-08-22,27.37,27.6,26.66,26.83,3971300.0,26.83
2008-08-21,26.96,27.86,26.95,27.61,5253700.0,27.61
2008-08-20,26.81,27.0,26.07,26.92,5337100.0,26.92
2008-08-19,25.66,26.3,25.49,26.2,5658100.0,26.2
2008-08-18,26.58,26.6,25.42,25.68,5934600.0,25.68
2008-08-15,26.49,26.57,25.97,26.15,5878800.0,26.15
2008-08-14,26.3,26.56,25.79,26.55,8303100.0,26.55
2008-08-13,26.06,26.62,25.98,26.37,10106700.0,26.37
2008-08-12,26.43,26.62,25.95,26.03,7294800.0,26.03
2008-08-11,26.18,26.57,25.9,26.28,7424200.0,26.28
2008-08-08,27.0,27.09,26.18,26.28,5677400.0,26.28
2008-08-07,27.6,28.41,27.14,27.21,4825700.0,27.21
2008-08-06,26.94,27.78,26.34,27.53,8494400.0,27.53
2008-08-05,27.1,27.56,26.6,26.98,8620000.0,26.98
2008-08-04,29.0,29.25,27.15,27.42,6795000.0,27.42
2008-08-01,29.34,30.42,29.04,29.22,5482400.0,29.22
2008-07-31,31.1,31.39,29.25,29.4,7399500.0,29.4
2008-07-30,29.71,31.44,29.68,31.4,6834100.0,31.4
2008-07-29,30.25,30.3,29.62,29.97,5982900.0,29.97
2008-07-28,30.56,31.23,29.93,30.33,4900600.0,30.33
2008-07-25,30.03,30.85,29.75,30.49,6670800.0,30.49
2008-07-24,30.67,31.55,29.63,30.31,9839800.0,30.31
2008-07-23,31.47,32.19,30.01,30.37,10218600.0,30.37
2008-07-22,33.3,34.94,31.39,31.69,18030700.0,31.69
2008-07-21,28.8,30.01,28.56,30.01,7138100.0,30.01
2008-07-18,27.87,29.13,27.5,28.55,9470400.0,28.55
2008-07-17,28.86,29.7,27.28,27.44,12684100.0,27.44
2008-07-16,28.8,29.13,27.89,28.76,6820300.0,28.76
2008-07-15,30.31,30.37,28.86,28.89,6061300.0,28.89
2008-07-14,30.41,30.85,30.14,30.45,5295100.0,30.45
2008-07-11,29.57,30.44,29.57,30.26,9265500.0,30.26
2008-07-10,29.03,29.7,28.5,29.63,4800600.0,29.63
2008-07-09,30.05,30.57,28.98,28.98,6279200.0,28.98
2008-07-08,29.18,29.98,28.83,29.87,6358100.0,29.87
2008-07-07,30.26,30.81,29.36,29.84,6867500.0,29.84
2008-07-03,31.89,32.51,30.66,30.79,4247900.0,30.79
2008-07-02,32.32,33.72,31.54,31.69,11390700.0,31.69
2008-07-01,31.32,32.24,31.0,32.15,10089600.0,32.15
2008-06-30,32.41,32.82,31.85,31.94,7219500.0,31.94
2008-06-27,32.57,32.89,32.1,32.13,6463700.0,32.13
2008-06-26,32.4,33.03,31.76,32.33,4883600.0,32.33
2008-06-25,32.88,33.03,31.93,32.58,4921700.0,32.58
2008-06-24,33.2,33.66,32.75,32.89,6044100.0,32.89
2008-06-23,32.02,33.55,32.02,33.49,8786600.0,33.49
2008-06-20,32.32,33.2,32.16,32.16,7919100.0,32.16
2008-06-19,33.25,33.34,32.07,32.1,7684000.0,32.1
2008-06-18,32.14,32.88,31.87,32.77,4148600.0,32.77
2008-06-17,32.07,32.59,31.85,32.43,5387500.0,32.43
2008-06-16,32.08,32.3,31.79,32.05,4534200.0,32.05
2008-06-13,31.45,31.99,31.1,31.69,4677500.0,31.69
2008-06-12,31.16,31.76,30.78,31.35,5423800.0,31.35
2008-06-11,31.2,31.64,30.81,31.21,4441500.0,31.21
2008-06-10,31.78,31.98,30.84,31.2,4835300.0,31.2
2008-06-09,31.84,32.51,31.49,31.97,4936200.0,31.97
2008-06-06,31.99,32.59,31.6,31.63,7590600.0,31.63
2008-06-05,30.55,31.91,30.14,31.81,5990100.0,31.81
2008-06-04,30.24,31.22,30.1,30.19,6135700.0,30.19
2008-06-03,30.2,30.93,29.61,30.27,7657700.0,30.27
2008-06-02,30.05,30.87,29.83,30.15,6042500.0,30.15
2008-05-30,29.79,30.45,29.64,30.2,4802600.0,30.2
2008-05-29,30.26,30.32,29.51,29.64,6032900.0,29.64
2008-05-28,29.45,30.49,29.3,30.45,5293900.0,30.45
2008-05-27,29.76,29.86,29.04,29.7,4285700.0,29.7
2008-05-23,30.19,30.55,29.29,29.8,6108200.0,29.8
2008-05-22,30.74,30.89,29.9,30.15,5624300.0,30.15
2008-05-21,31.12,31.52,30.18,30.58,7366000.0,30.58
2008-05-20,31.25,31.49,30.64,31.12,5286700.0,31.12
2008-05-19,31.27,31.59,30.88,31.22,3828900.0,31.22
2008-05-16,30.99,31.6,30.7,31.2,6113000.0,31.2
2008-05-15,29.86,30.61,29.72,30.59,6260600.0,30.59
2008-05-14,30.22,30.83,29.74,29.77,4763100.0,29.77
2008-05-13,28.68,30.16,28.62,29.94,5614700.0,29.94
2008-05-12,29.89,29.89,28.94,29.22,4214200.0,29.22
2008-05-09,29.49,30.03,28.98,29.85,7762700.0,29.85
2008-05-08,29.0,29.44,28.25,29.32,6055000.0,29.32
2008-05-07,28.91,29.17,28.39,28.61,4967900.0,28.61
2008-05-06,28.43,29.01,28.4,28.86,5272700.0,28.86
2008-05-05,27.76,28.8,27.55,28.36,4507800.0,28.36
2008-05-02,27.29,27.96,27.13,27.56,4875300.0,27.56
2008-05-01,28.1,28.1,27.1,27.28,7215800.0,27.28
2008-04-30,27.42,28.4,27.2,28.27,5989300.0,28.27
2008-04-29,27.7,28.12,27.38,27.42,5046600.0,27.42
2008-04-28,28.28,28.89,28.0,28.47,4106800.0,28.47
2008-04-25,27.58,28.58,27.05,28.28,7591400.0,28.28
2008-04-24,27.76,27.97,26.93,27.28,6708400.0,27.28
2008-04-23,28.03,28.04,27.15,27.78,8073600.0,27.78
2008-04-22,27.9,29.58,27.02,27.98,27064700.0,27.98
2008-04-21,32.91,33.33,32.19,32.8,8397100.0,32.8
2008-04-18,31.52,33.29,30.22,33.21,14778600.0,33.21
2008-04-17,30.84,31.65,30.4,31.46,8002500.0,31.46
2008-04-16,30.57,30.92,29.89,30.87,5883200.0,30.87
2008-04-15,29.15,30.5,29.15,30.5,9060600.0,30.5
2008-04-14,28.59,29.37,28.54,29.12,4085000.0,29.12
2008-04-11,28.49,28.76,28.25,28.56,4231100.0,28.56
2008-04-10,28.98,29.11,28.36,28.6,5774500.0,28.6
2008-04-09,29.16,29.34,28.76,28.86,4025500.0,28.86
2008-04-08,28.89,29.63,28.83,29.16,5011400.0,29.16
2008-04-07,29.99,29.99,29.03,29.14,6585800.0,29.14
2008-04-04,29.09,29.9,28.95,29.5,6742300.0,29.5
2008-04-03,28.93,29.53,28.88,28.99,6478400.0,28.99
2008-04-02,29.19,29.5,28.49,29.36,5139100.0,29.36
2008-04-01,28.31,29.18,27.96,29.15,6979400.0,29.15
2008-03-31,28.31,29.0,27.98,28.51,10865000.0,28.51
2008-03-28,28.02,28.65,27.78,28.39,5677400.0,28.39
2008-03-27,28.0,28.54,27.89,27.98,10257200.0,27.98
2008-03-26,26.27,28.19,26.27,27.78,11052000.0,27.78
2008-03-25,24.85,26.75,24.85,26.43,9732300.0,26.43
2008-03-24,24.12,25.15,24.12,24.73,4014200.0,24.73
2008-03-20,24.15,24.5,23.6,24.22,6382500.0,24.22
2008-03-19,25.55,25.75,24.28,24.28,6443900.0,24.28
2008-03-18,25.01,25.67,24.98,25.67,4280200.0,25.67
2008-03-17,24.57,25.25,24.42,24.77,8531600.0,24.77
2008-03-14,25.29,25.44,24.32,25.23,4932500.0,25.23
2008-03-13,24.63,25.49,24.19,25.25,6568700.0,25.25
2008-03-12,24.85,25.16,24.53,24.75,4429400.0,24.75
2008-03-11,24.36,24.85,24.07,24.84,5767400.0,24.84
2008-03-10,24.65,24.78,23.75,23.87,6152200.0,23.87
2008-03-07,24.64,25.11,24.4,24.68,4740500.0,24.68
2008-03-06,25.5,25.5,24.83,24.9,4942200.0,24.9
2008-03-05,25.19,25.58,25.09,25.56,5303700.0,25.56
2008-03-04,25.52,25.79,24.59,24.95,9049800.0,24.95
2008-03-03,26.0,26.55,25.52,25.91,6427000.0,25.91
2008-02-29,26.71,26.74,25.75,25.94,4302400.0,25.94
2008-02-28,26.48,26.98,26.32,26.94,6315800.0,26.94
2008-02-27,26.84,26.86,26.41,26.5,4904100.0,26.5
2008-02-26,26.69,27.17,26.36,26.94,6355700.0,26.94
2008-02-25,25.51,26.94,25.51,26.76,11293100.0,26.76
2008-02-22,25.0,25.54,24.44,25.54,6205800.0,25.54
2008-02-21,25.66,25.87,24.96,24.99,6275700.0,24.99
2008-02-20,25.16,25.95,24.87,25.82,7882700.0,25.82
2008-02-19,24.76,25.55,24.73,25.3,6569300.0,25.3
2008-02-15,24.73,24.86,23.94,24.43,5462400.0,24.43
2008-02-14,24.72,24.96,24.38,24.78,9521300.0,24.78
2008-02-13,23.65,24.5,23.6,24.48,6871500.0,24.48
2008-02-12,23.7,24.24,23.2,23.43,7941300.0,23.43
2008-02-11,22.21,23.53,22.12,23.52,8715900.0,23.52
2008-02-08,21.85,22.28,21.63,22.07,6072800.0,22.07
2008-02-07,21.54,22.1,21.32,21.89,5859600.0,21.89
2008-02-06,21.95,22.13,21.51,21.57,4530800.0,21.57
2008-02-05,21.94,22.31,21.57,21.68,5963800.0,21.68
2008-02-04,22.12,22.73,22.05,22.43,4455800.0,22.43
2008-02-01,21.93,22.28,21.6,22.2,5349700.0,22.2
2008-01-31,21.2,22.0,20.99,21.73,8178500.0,21.73
2008-01-30,21.64,22.06,21.29,21.5,7374000.0,21.5
2008-01-29,21.69,21.89,21.31,21.7,5558500.0,21.7
2008-01-28,20.49,21.67,20.28,21.53,6272600.0,21.53
2008-01-25,21.2,21.85,20.29,20.56,7317900.0,20.56
2008-01-24,21.15,21.69,20.87,21.04,7126900.0,21.04
2008-01-23,20.46,21.13,19.3,21.06,10484200.0,21.06
2008-01-22,20.26,21.77,19.64,21.12,10029100.0,21.12
2008-01-18,22.08,22.09,20.51,21.23,14192900.0,21.23
2008-01-17,22.76,23.04,21.75,22.01,12219300.0,22.01
2008-01-16,23.0,23.28,22.26,22.57,8706000.0,22.57
2008-01-15,23.64,23.64,23.0,23.1,7614900.0,23.1
2008-01-14,23.24,24.04,23.01,23.98,5546900.0,23.98
2008-01-11,22.41,23.21,22.24,22.91,6856500.0,22.91
2008-01-10,22.28,22.73,21.83,22.61,7581770.0,22.61
2008-01-09,22.09,22.55,22.0,22.53,4929500.0,22.53
2008-01-08,22.83,23.17,22.14,22.18,5718400.0,22.18
2008-01-07,23.16,23.46,22.5,22.72,5018900.0,22.72
2008-01-04,23.5,23.62,22.99,23.06,4160200.0,23.06
2008-01-03,24.34,24.44,23.66,23.66,4656700.0,23.66
2008-01-02,24.44,24.62,24.04,24.34,5104900.0,24.34
2007-12-31,23.88,24.39,23.85,24.26,5034000.0,24.26
2007-12-28,23.55,24.12,23.5,24.05,4019200.0,24.05
2007-12-27,23.82,24.05,23.5,23.6,2719500.0,23.6
2007-12-26,24.07,24.14,23.7,24.07,1805300.0,24.07
2007-12-24,23.99,24.19,23.86,23.91,1111400.0,23.91
2007-12-21,23.92,24.14,23.82,24.1,3905100.0,24.1
2007-12-20,23.32,23.71,23.15,23.71,3718400.0,23.71
2007-12-19,23.92,23.92,23.12,23.2,5178800.0,23.2
2007-12-18,23.7,24.02,23.4,23.87,3759300.0,23.87
2007-12-17,23.9,23.9,23.3,23.55,4853400.0,23.55
2007-12-14,24.05,24.05,23.36,23.45,3949300.0,23.45
2007-12-13,24.0,24.32,23.83,24.22,3670200.0,24.22
2007-12-12,25.08,25.08,23.92,24.29,6824300.0,24.29
2007-12-11,25.2,25.35,24.37,24.48,4293000.0,24.48
2007-12-10,25.0,25.4,24.87,25.06,3985200.0,25.06
2007-12-07,24.67,25.04,24.65,24.85,3826600.0,24.85
2007-12-06,24.16,25.0,24.0,24.81,5708700.0,24.81
2007-12-05,24.49,24.69,24.02,24.18,7250700.0,24.18
2007-12-04,24.58,24.73,24.16,24.22,3929100.0,24.22
2007-12-03,24.38,24.83,24.38,24.78,4212800.0,24.78
2007-11-30,24.66,25.0,24.46,24.58,3596200.0,24.58
2007-11-29,24.25,24.79,24.21,24.66,3173700.0,24.66
2007-11-28,24.51,24.71,23.86,24.23,4176900.0,24.23
2007-11-27,24.06,24.23,23.53,24.0,4947700.0,24.0
2007-11-26,25.07,25.4,24.25,24.28,4435500.0,24.28
2007-11-23,24.72,25.22,24.58,25.12,1278600.0,25.12
2007-11-21,24.86,25.12,24.42,24.63,3899400.0,24.63
2007-11-20,24.98,25.36,24.63,25.14,5653100.0,25.14
2007-11-19,25.99,25.99,24.71,24.75,7031800.0,24.75
2007-11-16,25.1,25.62,24.97,25.57,4731300.0,25.57
2007-11-15,25.3,25.72,24.66,24.92,4195700.0,24.92
2007-11-14,25.69,25.97,25.47,25.48,3789800.0,25.48
2007-11-13,24.62,25.64,24.36,25.56,5997900.0,25.56
2007-11-12,25.23,25.47,24.46,24.46,7008400.0,24.46
2007-11-09,25.49,26.1,25.31,25.66,4583200.0,25.66
2007-11-08,26.0,26.43,25.45,25.95,5787200.0,25.95
2007-11-07,26.77,26.81,25.85,25.88,5307600.0,25.88
2007-11-06,26.07,26.79,26.07,26.79,5236000.0,26.79
2007-11-05,25.47,26.2,25.47,26.05,5378200.0,26.05
2007-11-02,25.37,26.23,25.1,26.15,6584800.0,26.15
2007-11-01,24.67,25.95,24.64,25.15,6218900.0,25.15
2007-10-31,25.17,25.6,24.54,25.19,6397500.0,25.19
2007-10-30,24.81,25.6,24.79,25.15,6694800.0,25.15
2007-10-29,25.62,25.87,25.34,25.34,3632700.0,25.34
2007-10-26,25.99,26.15,25.16,25.5,3520100.0,25.5
2007-10-25,25.53,25.82,25.29,25.71,3498300.0,25.71
2007-10-24,25.35,25.54,24.72,25.32,6153500.0,25.32
2007-10-23,25.33,25.48,24.95,25.42,3769000.0,25.42
2007-10-22,25.05,25.54,24.8,25.16,4451700.0,25.16
2007-10-19,26.01,26.25,25.24,25.32,8262800.0,25.32
2007-10-18,26.52,27.12,26.5,26.68,3800700.0,26.68
2007-10-17,27.34,27.5,26.5,26.74,3934100.0,26.74
2007-10-16,27.59,27.67,26.9,27.25,3984200.0,27.25
2007-10-15,27.94,28.22,27.49,27.76,3411700.0,27.76
2007-10-12,27.98,28.03,27.31,27.55,3762800.0,27.55
2007-10-11,28.12,28.79,27.41,27.83,5587500.0,27.83
2007-10-10,27.01,28.05,26.95,27.99,4806000.0,27.99
2007-10-09,26.75,27.37,26.6,27.27,2984100.0,27.27
2007-10-08,26.82,26.98,26.49,26.55,2860500.0,26.55
2007-10-05,27.28,27.38,26.81,27.21,3445700.0,27.21
2007-10-04,26.91,27.32,26.45,27.25,3515500.0,27.25
2007-10-03,26.75,27.22,26.44,26.9,3467500.0,26.9
2007-10-02,26.49,26.94,26.31,26.87,2935000.0,26.87
2007-10-01,26.48,26.76,26.33,26.65,3637600.0,26.65
2007-09-28,27.26,27.27,26.51,26.55,3979900.0,26.55
2007-09-27,26.99,27.14,26.5,27.04,4092500.0,27.04
2007-09-26,27.04,27.34,26.32,26.79,4419900.0,26.79
2007-09-25,27.3,27.45,26.75,26.96,3699900.0,26.96
2007-09-24,27.79,27.9,27.43,27.67,4013100.0,27.67
2007-09-21,27.77,27.89,27.46,27.81,5787400.0,27.81
2007-09-20,27.4,27.69,27.2,27.46,2905500.0,27.46
2007-09-19,27.43,27.83,27.16,27.42,5033600.0,27.42
2007-09-18,26.44,27.43,26.21,27.31,5212900.0,27.31
2007-09-17,26.32,26.63,26.18,26.55,3163700.0,26.55
2007-09-14,26.25,26.53,25.94,26.5,2614400.0,26.5
2007-09-13,26.18,26.63,26.01,26.5,3594000.0,26.5
2007-09-12,25.85,26.38,25.8,26.09,4173700.0,26.09
2007-09-11,25.76,26.04,25.27,25.91,4397900.0,25.91
2007-09-10,25.23,25.88,25.18,25.63,5972500.0,25.63
2007-09-07,26.2,26.24,25.78,25.99,5494300.0,25.99
2007-09-06,25.85,26.43,25.85,26.37,6820400.0,26.37
2007-09-05,25.5,25.84,25.16,25.8,5192700.0,25.8
2007-09-04,24.81,26.15,24.64,25.81,5247900.0,25.81
2007-08-31,24.8,25.09,24.72,24.81,2696500.0,24.81
2007-08-30,24.63,24.84,24.27,24.54,4068200.0,24.54
2007-08-29,24.05,24.83,24.05,24.63,3706900.0,24.63
2007-08-28,24.07,24.28,23.89,23.95,4164700.0,23.95
2007-08-27,24.6,24.7,24.01,24.15,3581300.0,24.15
2007-08-24,24.48,24.92,24.48,24.84,3414000.0,24.84
2007-08-23,24.45,24.67,24.18,24.58,4474700.0,24.58
2007-08-22,24.38,24.58,23.95,24.1,5465400.0,24.1
2007-08-21,25.5,25.5,24.2,24.31,4098700.0,24.31
2007-08-20,25.0,25.13,24.37,24.85,3827648.0,24.85
2007-08-17,24.58,25.29,24.42,25.02,7196000.0,25.02
2007-08-16,24.5,24.85,23.49,24.04,10182200.0,24.04
2007-08-15,25.13,25.5,24.57,24.61,5470900.0,24.61
2007-08-14,25.7,25.89,25.0,25.07,5003500.0,25.07
2007-08-13,26.38,26.53,25.4,25.5,5999500.0,25.5
2007-08-10,24.83,26.26,24.83,26.04,6042700.0,26.04
2007-08-09,25.98,26.72,25.8,26.0,7691100.0,26.0
2007-08-08,25.25,26.63,25.03,26.48,9724700.0,26.48
2007-08-07,24.63,25.26,24.11,25.16,7786100.0,25.16
2007-08-06,24.2,24.67,23.48,24.67,10084600.0,24.67
2007-08-03,25.3,25.64,24.19,24.21,8989100.0,24.21
2007-08-02,25.74,26.12,25.08,25.41,8349400.0,25.41
2007-08-01,26.03,26.47,25.25,25.85,8824400.0,25.85
2007-07-31,26.5,26.9,26.15,26.15,6679600.0,26.15
2007-07-30,26.15,26.48,25.71,26.3,6422600.0,26.3
2007-07-27,26.57,26.99,25.88,25.96,6717800.0,25.96
2007-07-26,26.28,27.09,24.38,26.51,8694800.0,26.51
2007-07-25,27.15,27.26,26.45,27.17,7792200.0,27.17
2007-07-24,28.1,28.58,26.75,27.11,13077000.0,27.11
2007-07-23,28.63,29.52,28.25,28.32,12629800.0,28.32
2007-07-20,28.61,28.82,28.11,28.28,5516400.0,28.28
2007-07-19,28.46,28.65,27.9,28.58,7141400.0,28.58
2007-07-18,27.38,28.25,27.34,28.09,6752700.0,28.09
2007-07-17,27.98,28.14,27.25,27.33,4852800.0,27.33
2007-07-16,28.0,28.16,27.41,27.82,5953900.0,27.82
2007-07-13,28.25,28.54,28.08,28.27,6672100.0,28.27
2007-07-12,28.17,28.66,28.05,28.66,6526300.0,28.66
2007-07-11,28.0,28.29,27.87,28.05,5355200.0,28.05
2007-07-10,28.64,28.75,28.29,28.3,4388100.0,28.3
2007-07-09,28.77,29.02,28.53,28.64,3943200.0,28.64
2007-07-06,28.59,28.95,28.46,28.85,5034200.0,28.85
2007-07-05,28.55,28.68,28.05,28.37,5696600.0,28.37
2007-07-03,28.6,28.65,28.21,28.25,4055900.0,28.25
2007-07-02,28.44,28.69,28.17,28.6,4830500.0,28.6
2007-06-29,28.51,28.8,28.27,28.44,6275700.0,28.44
2007-06-28,28.87,29.0,28.08,28.14,7379200.0,28.14
2007-06-27,27.7,28.87,27.25,28.66,9707100.0,28.66
2007-06-26,28.19,28.33,27.62,27.73,6984100.0,27.73
2007-06-25,28.9,28.9,28.02,28.26,5702100.0,28.26
2007-06-22,29.03,29.24,28.41,28.95,7910100.0,28.95
2007-06-21,28.5,29.15,28.3,29.02,5865900.0,29.02
2007-06-20,28.97,29.29,28.2,28.25,5981400.0,28.25
2007-06-19,28.9,29.05,28.58,28.87,7140600.0,28.87
2007-06-18,28.9,29.17,28.62,28.9,4354100.0,28.9
2007-06-15,29.4,29.63,29.03,29.09,8375300.0,29.09
2007-06-14,29.01,29.4,28.62,29.17,7070700.0,29.17
2007-06-13,28.49,28.97,28.36,28.91,5554100.0,28.91
2007-06-12,28.52,28.97,28.25,28.41,6109713.0,28.41
2007-06-11,28.73,28.92,28.42,28.53,8189400.0,28.53
2007-06-08,28.76,29.08,28.39,28.73,6946000.0,28.73
2007-06-07,29.74,29.94,28.79,28.8,8798300.0,28.8
2007-06-06,30.3,30.38,29.46,29.73,8751100.0,29.73
2007-06-05,30.57,30.57,30.01,30.38,8158900.0,30.38
2007-06-04,29.28,30.69,29.19,30.57,8726500.0,30.57
2007-06-01,29.54,29.73,29.11,29.24,6632800.0,29.24
2007-05-31,29.63,29.97,29.15,29.33,6793700.0,29.33
2007-05-30,29.01,29.67,28.77,29.63,9659800.0,29.63
2007-05-29,29.79,29.82,29.01,29.2,9346600.0,29.2
2007-05-25,30.2,30.29,29.88,30.12,4370000.0,30.12
2007-05-24,30.15,30.68,29.72,29.84,9019500.0,29.84
2007-05-23,30.36,30.84,30.06,30.28,9176100.0,30.28
2007-05-22,30.73,31.14,30.13,30.21,7204000.0,30.21
2007-05-21,30.56,31.26,30.36,30.78,8347100.0,30.78
2007-05-18,30.08,30.58,30.08,30.51,7052900.0,30.51
2007-05-17,29.15,30.28,29.02,30.08,8151800.0,30.08
2007-05-16,29.35,29.56,28.76,29.2,6695600.0,29.2
2007-05-15,29.35,29.79,29.05,29.44,5327000.0,29.44
2007-05-14,29.34,29.7,29.17,29.38,4080500.0,29.38
2007-05-11,28.76,29.58,28.66,29.44,4924600.0,29.44
2007-05-10,29.25,29.6,28.53,28.57,5755400.0,28.57
2007-05-09,29.3,29.68,28.9,29.43,4795600.0,29.43
2007-05-08,29.37,29.53,28.8,29.45,6320900.0,29.45
2007-05-07,29.56,29.65,29.24,29.38,3498200.0,29.38
2007-05-04,29.72,30.28,29.33,29.67,6481100.0,29.67
2007-05-03,29.46,29.77,29.22,29.62,4394100.0,29.62
2007-05-02,29.21,29.46,28.88,29.46,5441500.0,29.46
2007-05-01,28.67,29.13,28.15,29.09,6592300.0,29.09
2007-04-30,29.44,29.81,28.62,28.66,6489300.0,28.66
2007-04-27,29.44,29.97,29.15,29.49,5355200.0,29.49
2007-04-26,29.59,29.77,29.33,29.59,5283300.0,29.59
2007-04-25,28.93,30.03,28.64,29.71,8521400.0,29.71
2007-04-24,28.5,29.1,28.16,28.72,11177900.0,28.72
2007-04-23,29.73,29.98,29.39,29.44,5882000.0,29.44
2007-04-20,30.05,30.12,29.42,29.73,5778800.0,29.73
2007-04-19,29.8,30.0,29.47,29.6,5703300.0,29.6
2007-04-18,30.0,30.23,29.75,30.1,6252400.0,30.1
2007-04-17,30.9,30.92,30.29,30.48,5340200.0,30.48
2007-04-16,30.46,30.75,30.0,30.64,7102700.0,30.64
2007-04-13,30.37,30.4,29.92,30.21,4295700.0,30.21
2007-04-12,29.81,30.3,29.47,30.23,6034400.0,30.23
2007-04-11,29.21,30.39,29.15,29.63,10332600.0,29.63
2007-04-10,28.06,29.23,28.06,29.13,7063800.0,29.13
2007-04-09,28.26,28.41,27.97,28.06,8414800.0,28.06
2007-04-05,28.23,28.64,28.08,28.26,3315400.0,28.26
2007-04-04,28.17,28.34,27.92,28.27,4282100.0,28.27
2007-04-03,28.27,28.64,28.0,28.34,4013400.0,28.34
2007-04-02,28.06,28.5,27.77,28.47,4656000.0,28.47
2007-03-30,28.33,28.42,27.88,27.9,6773600.0,27.9
2007-03-29,27.84,28.5,27.6,28.16,7247000.0,28.16
2007-03-28,28.44,28.47,27.76,27.83,5866300.0,27.83
2007-03-27,28.1,28.3,27.94,28.17,4600400.0,28.17
2007-03-26,28.2,28.5,27.74,28.41,6320600.0,28.41
2007-03-23,28.05,28.15,27.76,27.95,5545800.0,27.95
2007-03-22,27.16,27.78,26.94,27.74,10988400.0,27.74
2007-03-21,26.63,27.15,26.33,26.76,8309800.0,26.76
2007-03-20,27.43,27.53,26.24,26.62,12620200.0,26.62
2007-03-19,27.35,27.83,27.26,27.36,5920800.0,27.36
2007-03-16,27.35,27.45,26.81,26.99,5126200.0,26.99
2007-03-15,27.54,27.64,27.1,27.2,4413800.0,27.2
2007-03-14,27.25,27.51,26.77,27.48,5335400.0,27.48
2007-03-13,27.6,28.01,27.07,27.12,4847100.0,27.12
2007-03-12,27.55,27.67,27.18,27.56,5560300.0,27.56
2007-03-09,28.59,28.6,27.74,27.85,5958900.0,27.85
2007-03-08,28.49,28.55,27.91,28.46,10035800.0,28.46
2007-03-07,26.96,28.35,26.8,28.14,12102100.0,28.14
2007-03-06,26.23,27.12,26.16,26.95,7721700.0,26.95
2007-03-05,26.01,26.47,25.85,25.88,5937000.0,25.88
2007-03-02,26.82,26.95,26.14,26.46,5508800.0,26.46
2007-03-01,26.59,27.16,26.2,26.77,6356200.0,26.77
2007-02-28,27.34,27.4,26.64,26.8,6385500.0,26.8
2007-02-27,27.06,27.58,26.51,26.97,7720700.0,26.97
2007-02-26,27.69,27.99,27.53,27.72,4068400.0,27.72
2007-02-23,27.65,27.84,27.24,27.42,4208300.0,27.42
2007-02-22,27.03,27.59,26.96,27.49,4742400.0,27.49
2007-02-21,26.67,27.16,26.6,27.11,5040700.0,27.11
2007-02-20,26.61,26.94,26.52,26.78,4289800.0,26.78
2007-02-16,26.76,27.02,26.61,26.95,4656900.0,26.95
2007-02-15,26.73,26.88,26.5,26.71,7290200.0,26.71
2007-02-14,27.15,27.33,26.75,27.0,6228100.0,27.0
2007-02-13,26.72,27.23,26.69,27.16,5056100.0,27.16
2007-02-12,27.0,27.0,26.58,26.65,5311100.0,26.65
2007-02-09,27.65,27.78,27.0,27.16,5822700.0,27.16
2007-02-08,27.53,27.72,27.16,27.51,7461800.0,27.51
2007-02-07,28.07,28.27,27.42,27.57,5601100.0,27.57
2007-02-06,28.59,28.65,27.85,28.05,5843400.0,28.05
2007-02-05,28.05,28.63,28.0,28.3,6127800.0,28.3
2007-02-02,28.18,28.18,27.63,27.89,5673200.0,27.89
2007-02-01,27.72,28.0,27.37,27.69,8029500.0,27.69
2007-01-31,27.44,27.9,27.25,27.66,7548200.0,27.66
2007-01-30,26.75,27.8,26.61,27.54,10971900.0,27.54
2007-01-29,26.55,26.92,26.24,26.52,6223400.0,26.52
2007-01-26,26.73,27.09,26.28,26.7,7947800.0,26.7
2007-01-25,27.04,27.6,26.63,26.73,14500400.0,26.73
2007-01-24,27.63,27.97,27.1,27.96,6897800.0,27.96
2007-01-23,27.07,27.8,27.0,27.64,7387100.0,27.64
2007-01-22,26.88,27.06,26.52,26.7,6876200.0,26.7
2007-01-19,26.39,26.77,26.09,26.48,8912700.0,26.48
2007-01-18,26.75,26.87,26.07,26.22,9074900.0,26.22
2007-01-17,26.01,26.63,25.95,26.56,8842800.0,26.56
2007-01-16,26.07,26.38,25.8,26.01,8657700.0,26.01
2007-01-12,25.75,26.47,25.75,26.28,12783000.0,26.28
2007-01-11,26.1,26.99,25.55,25.6,13989300.0,25.6
2007-01-10,25.89,26.46,25.76,26.12,12966400.0,26.12
2007-01-09,26.07,26.43,25.78,26.05,12501500.0,26.05
2007-01-08,27.15,27.38,26.55,26.64,8838100.0,26.64
2007-01-05,26.7,27.03,26.3,26.77,8945100.0,26.77
2007-01-04,27.9,28.11,26.65,26.7,16972200.0,26.7
2007-01-03,29.0,29.1,27.83,28.11,11518700.0,28.11
2006-12-29,29.36,29.5,28.94,29.32,3555700.0,29.32
2006-12-28,29.61,29.85,29.24,29.43,3622300.0,29.43
2006-12-27,29.55,29.79,29.14,29.79,3526900.0,29.79
2006-12-26,29.63,29.95,29.1,29.52,2921800.0,29.52
2006-12-22,30.06,30.28,29.43,29.6,4643600.0,29.6
2006-12-21,30.07,31.04,29.65,29.95,5632400.0,29.95
2006-12-20,31.7,31.72,30.59,30.68,3857100.0,30.68
2006-12-19,30.78,31.52,30.27,31.5,5298000.0,31.5
2006-12-18,32.07,32.07,30.78,30.79,4556300.0,30.79
2006-12-15,32.57,32.77,32.04,32.15,5174800.0,32.15
2006-12-14,32.8,32.91,32.45,32.62,6243800.0,32.62
2006-12-13,32.43,32.85,32.24,32.41,4833500.0,32.41
2006-12-12,32.71,32.85,32.09,32.22,4875700.0,32.22
2006-12-11,32.84,33.12,32.48,32.63,3975200.0,32.63
2006-12-08,32.89,33.26,32.71,33.03,5441600.0,33.03
2006-12-07,33.1,33.15,32.27,32.64,3761100.0,32.64
2006-12-06,33.1,33.5,32.55,32.97,4167200.0,32.97
2006-12-05,33.53,33.75,32.8,33.18,4486900.0,33.18
2006-12-04,33.87,33.87,33.07,33.4,3867500.0,33.4
2006-12-01,33.61,33.89,32.83,33.87,4566300.0,33.87
2006-11-30,33.77,34.14,33.44,33.77,6567000.0,33.77
2006-11-29,32.05,33.84,32.01,33.76,6132800.0,33.76
2006-11-28,31.93,32.66,31.83,32.0,4396100.0,32.0
2006-11-27,32.07,32.27,31.55,31.66,3342400.0,31.66
2006-11-24,32.4,32.6,31.88,31.98,1578300.0,31.98
2006-11-22,32.14,32.39,31.4,32.15,4264300.0,32.15
2006-11-21,31.85,32.28,31.71,32.17,3528700.0,32.17
2006-11-20,31.52,31.99,31.13,31.64,3567500.0,31.64
2006-11-17,31.24,31.75,30.92,31.75,7135000.0,31.75
2006-11-16,32.89,33.39,31.39,31.46,5818200.0,31.46
2006-11-15,32.42,33.15,32.31,32.79,5018100.0,32.79
2006-11-14,31.89,32.65,31.67,32.51,7071300.0,32.51
2006-11-13,31.14,31.91,30.65,31.52,5672100.0,31.52
2006-11-10,31.27,31.39,30.77,31.13,4405900.0,31.13
2006-11-09,31.3,32.2,31.04,31.43,6671700.0,31.43
2006-11-08,30.17,31.1,29.95,30.86,6154000.0,30.86
2006-11-07,30.71,30.75,29.95,30.42,4423700.0,30.42
2006-11-06,30.48,31.0,30.33,30.85,4278400.0,30.85
2006-11-03,29.95,30.95,29.88,30.7,4887700.0,30.7
2006-11-02,29.38,30.01,28.97,29.53,5837800.0,29.53
2006-11-01,30.09,30.4,29.33,29.37,6916700.0,29.37
2006-10-31,30.61,30.62,29.0,30.16,9978500.0,30.16
2006-10-30,31.0,31.32,30.62,30.86,6320600.0,30.86
2006-10-27,32.26,32.31,31.5,31.5,4199500.0,31.5
2006-10-26,32.53,32.91,31.68,32.25,4375800.0,32.25
2006-10-25,31.19,33.13,31.0,32.36,7061200.0,32.36
2006-10-24,29.94,31.66,29.91,31.55,6289100.0,31.55
2006-10-23,29.65,30.54,29.37,30.14,4821300.0,30.14
2006-10-20,30.59,30.59,29.77,29.85,4817000.0,29.85
2006-10-19,29.91,30.6,29.58,30.59,5237500.0,30.59
2006-10-18,29.98,30.48,29.33,29.65,5679600.0,29.65
2006-10-17,30.35,30.35,29.55,30.13,5083900.0,30.13
2006-10-16,28.77,30.42,28.77,30.34,4821300.0,30.34
2006-10-13,29.28,30.13,29.1,29.51,5379100.0,29.51
2006-10-12,28.36,29.0,28.1,28.98,4813800.0,28.98
2006-10-11,28.38,28.88,27.94,28.1,6478600.0,28.1
2006-10-10,28.5,29.15,28.3,28.8,7390800.0,28.8
2006-10-09,29.59,29.8,28.51,28.59,5390300.0,28.59
2006-10-06,28.49,29.36,28.26,29.13,5423600.0,29.13
2006-10-05,29.2,29.75,28.34,28.8,7200600.0,28.8
2006-10-04,28.0,28.62,27.43,28.43,7489500.0,28.43
2006-10-03,28.7,28.71,27.65,27.71,8179900.0,27.71
2006-10-02,30.13,30.48,29.21,29.27,5921000.0,29.27
2006-09-29,29.31,30.36,29.25,30.13,6340100.0,30.13
2006-09-28,29.35,30.17,29.33,29.46,7087000.0,29.46
2006-09-27,29.38,29.92,29.17,29.43,7273500.0,29.43
2006-09-26,28.38,29.48,28.37,29.09,6842800.0,29.09
2006-09-25,28.0,29.11,27.87,28.95,9089600.0,28.95
2006-09-22,29.75,29.83,28.28,28.39,7144500.0,28.39
2006-09-21,29.39,30.3,29.31,29.47,6103500.0,29.47
2006-09-20,30.19,30.64,29.11,29.18,6460000.0,29.18
2006-09-19,31.1,31.23,29.86,30.57,5763500.0,30.57
2006-09-18,30.4,31.22,30.16,30.97,5576500.0,30.97
2006-09-15,30.48,30.63,29.97,30.34,6927700.0,30.34
2006-09-14,31.67,31.95,30.16,30.48,6121100.0,30.48
2006-09-13,31.44,32.08,31.08,31.81,5847200.0,31.81
2006-09-12,31.35,32.1,30.78,31.34,6682900.0,31.34
2006-09-11,31.6,32.1,31.17,31.35,7095500.0,31.35
2006-09-08,33.37,33.63,32.04,32.26,4251100.0,32.26
2006-09-07,33.39,33.7,32.65,33.37,5439300.0,33.37
2006-09-06,34.52,35.09,33.61,33.68,4100100.0,33.68
2006-09-05,34.4,35.06,34.05,34.95,3799900.0,34.95
2006-09-01,34.6,35.01,34.11,34.76,3513800.0,34.76
2006-08-31,33.77,34.83,33.75,34.31,3933900.0,34.31
2006-08-30,34.54,34.66,33.78,33.9,5940700.0,33.9
2006-08-29,34.75,35.04,34.36,34.79,5234000.0,34.79
2006-08-28,35.71,35.79,35.05,35.1,2621100.0,35.1
2006-08-25,36.28,37.01,35.88,35.89,3611000.0,35.89
2006-08-24,35.47,36.15,35.1,36.11,2011900.0,36.11
2006-08-23,35.93,36.15,35.24,35.62,2982800.0,35.62
2006-08-22,36.05,36.49,35.82,35.93,2532000.0,35.93
2006-08-21,36.7,36.96,36.22,36.28,2506300.0,36.28
2006-08-18,35.45,36.51,35.15,36.41,2967200.0,36.41
2006-08-17,35.78,35.99,34.85,35.21,4185600.0,35.21
2006-08-16,35.8,36.72,35.74,36.28,3652500.0,36.28
2006-08-15,37.0,37.0,35.01,35.83,3895800.0,35.83
2006-08-14,36.0,36.0,34.91,35.24,3963600.0,35.24
2006-08-11,36.53,36.79,35.86,36.22,3159800.0,36.22
2006-08-10,36.27,36.58,35.72,36.53,3958400.0,36.53
2006-08-09,36.81,37.2,36.43,36.62,4152800.0,36.62
2006-08-08,36.65,37.77,36.4,36.71,5769600.0,36.71
2006-08-07,36.8,37.08,35.88,36.56,4535600.0,36.56
2006-08-04,37.08,37.44,36.08,36.59,5396200.0,36.59
2006-08-03,36.26,37.62,35.9,37.0,4653900.0,37.0
2006-08-02,36.73,38.01,36.73,37.26,6808900.0,37.26
2006-08-01,36.01,36.87,35.94,36.73,6187800.0,36.73
2006-07-31,35.05,36.85,35.0,36.27,6901300.0,36.27
2006-07-28,34.6,35.07,34.08,34.8,4513000.0,34.8
2006-07-27,35.75,35.95,34.42,34.91,6740800.0,34.91
2006-07-26,33.14,35.57,33.05,35.32,8885200.0,35.32
2006-07-25,33.25,33.7,32.51,33.14,8858800.0,33.14
2006-07-24,30.31,31.43,30.0,31.06,5459700.0,31.06
2006-07-21,31.19,31.36,29.89,30.06,6838000.0,30.06
2006-07-20,32.75,32.99,31.07,31.12,7093300.0,31.12
2006-07-19,32.27,33.14,32.27,32.99,5607300.0,32.99
2006-07-18,33.4,33.58,31.73,32.34,7628100.0,32.34
2006-07-17,34.79,34.8,33.02,33.15,6128300.0,33.15
2006-07-14,35.85,36.14,34.52,35.0,6922500.0,35.0
2006-07-13,36.83,37.0,35.41,35.48,5604800.0,35.48
2006-07-12,36.73,37.28,36.43,36.73,3889300.0,36.73
2006-07-11,36.14,37.03,36.0,36.65,5557600.0,36.65
2006-07-10,35.57,36.18,35.42,35.89,3726900.0,35.89
2006-07-07,37.14,37.36,35.49,35.56,4939900.0,35.56
2006-07-06,37.74,37.9,36.75,36.88,3197800.0,36.88
2006-07-05,37.75,37.96,36.45,37.73,3884700.0,37.73
2006-07-03,37.45,37.94,37.3,37.74,1089900.0,37.74
2006-06-30,37.4,37.83,37.1,37.26,4214600.0,37.26
2006-06-29,36.01,37.29,35.63,37.21,4027000.0,37.21
2006-06-28,35.5,35.95,35.12,35.53,3444200.0,35.53
2006-06-27,35.68,36.24,35.12,35.2,4493000.0,35.2
2006-06-26,35.01,35.64,34.57,35.44,3051000.0,35.44
2006-06-23,35.1,35.74,34.3,35.19,4128400.0,35.19
2006-06-22,34.28,34.93,34.05,34.3,3645600.0,34.3
2006-06-21,33.54,35.1,33.42,34.51,5223800.0,34.51
2006-06-20,34.55,34.69,33.17,33.3,4422300.0,33.3
2006-06-19,35.73,35.73,33.71,33.88,6165800.0,33.88
2006-06-16,36.4,36.5,34.9,35.72,4853000.0,35.72
2006-06-15,34.63,36.47,34.61,36.23,6450400.0,36.23
2006-06-14,33.53,34.64,33.51,34.21,5648400.0,34.21
2006-06-13,34.21,35.47,33.25,33.56,6562400.0,33.56
2006-06-12,36.08,36.42,34.77,34.79,6323200.0,34.79
2006-06-09,36.39,36.49,35.29,36.08,6392800.0,36.08
2006-06-08,34.74,36.04,33.8,35.96,9930300.0,35.96
2006-06-07,36.17,36.7,34.86,34.94,8883300.0,34.94
2006-06-06,36.07,36.92,35.55,36.17,7090900.0,36.17
2006-06-05,37.21,37.3,35.91,36.07,6659700.0,36.07
2006-06-02,36.57,37.07,35.95,36.96,5113800.0,36.96
2006-06-01,35.95,36.79,35.6,36.46,6094300.0,36.46
2006-05-31,34.96,36.66,34.87,36.65,6736200.0,36.65
2006-05-30,36.0,36.0,34.88,34.95,5363200.0,34.95
2006-05-26,34.98,35.82,34.75,35.33,5093900.0,35.33
2006-05-25,33.9,35.06,33.47,35.06,7214900.0,35.06
2006-05-24,33.44,34.05,32.75,33.3,8931800.0,33.3
2006-05-23,34.4,35.26,33.54,33.69,9581000.0,33.69
2006-05-22,32.72,33.93,31.81,33.92,7395900.0,33.92
2006-05-19,33.09,33.92,32.66,33.2,8878000.0,33.2
2006-05-18,34.96,35.19,33.82,33.84,5262600.0,33.84
2006-05-17,35.72,36.28,34.49,34.75,5548000.0,34.75
2006-05-16,36.26,36.65,35.59,35.97,6015300.0,35.97
2006-05-15,37.91,37.91,35.23,35.86,7909100.0,35.86
2006-05-12,39.47,39.49,37.83,37.9,5025900.0,37.9
2006-05-11,41.57,41.79,39.81,39.87,3733400.0,39.87
2006-05-10,40.22,41.02,39.94,40.99,4359100.0,40.99
2006-05-09,40.25,40.94,39.73,40.55,3877400.0,40.55
2006-05-08,40.6,40.97,39.68,40.88,3844500.0,40.88
2006-05-05,40.93,41.24,40.28,41.01,4455400.0,41.01
2006-05-04,40.42,41.08,39.52,40.35,5991300.0,40.35
2006-05-03,40.62,40.89,39.78,40.42,4934300.0,40.42
2006-05-02,40.27,40.72,39.41,40.61,5729000.0,40.61
2006-05-01,38.43,39.7,38.1,39.41,4550100.0,39.41
2006-04-28,37.8,39.31,37.8,38.05,5139300.0,38.05
2006-04-27,37.7,38.4,36.35,37.48,6828100.0,37.48
2006-04-26,39.52,40.28,38.56,38.7,6542600.0,38.7
2006-04-25,40.85,41.07,38.42,38.85,7831200.0,38.85
2006-04-24,39.95,39.95,38.5,39.35,4793200.0,39.35
2006-04-21,39.4,40.47,38.95,39.95,8739400.0,39.95
2006-04-20,38.36,38.9,37.03,38.44,6036900.0,38.44
2006-04-19,37.13,38.42,36.8,38.35,5748100.0,38.35
2006-04-18,36.15,37.28,36.1,37.13,6013400.0,37.13
2006-04-17,35.49,35.8,34.9,35.74,2877800.0,35.74
2006-04-13,34.01,34.9,33.6,34.76,3377000.0,34.76
2006-04-12,34.89,35.34,34.25,34.51,3392200.0,34.51
2006-04-11,35.98,36.44,34.88,34.96,6030000.0,34.96
2006-04-10,35.03,35.73,34.91,35.48,3777100.0,35.48
2006-04-07,35.39,35.77,34.31,34.64,3341700.0,34.64
2006-04-06,36.2,36.39,35.06,35.77,3553500.0,35.77
2006-04-05,35.07,35.87,34.66,35.82,4086800.0,35.82
2006-04-04,34.42,35.18,33.93,35.06,4318400.0,35.06
2006-04-03,35.4,35.63,34.25,34.42,4945800.0,34.42
2006-03-31,35.4,35.41,34.16,34.6,4464800.0,34.6
2006-03-30,35.31,35.95,35.2,35.8,3856000.0,35.8
2006-03-29,34.67,35.45,34.48,35.3,4477700.0,35.3
2006-03-28,34.06,34.83,34.0,34.67,4656700.0,34.67
2006-03-27,33.12,33.99,32.98,33.75,3532100.0,33.75
2006-03-24,33.28,33.93,33.05,33.52,3990000.0,33.52
2006-03-23,32.05,33.12,32.05,33.01,4947900.0,33.01
2006-03-22,31.25,32.3,31.07,31.77,4084300.0,31.77
2006-03-21,31.48,32.03,31.0,31.2,4709300.0,31.2
2006-03-20,32.65,32.97,31.35,31.55,4495400.0,31.55
2006-03-17,33.49,33.49,32.55,32.8,3546600.0,32.8
2006-03-16,32.8,33.57,32.29,33.15,3846500.0,33.15
2006-03-15,33.08,33.25,32.29,32.8,4347200.0,32.8
2006-03-14,32.36,33.26,31.85,33.07,4526800.0,33.07
2006-03-13,31.47,32.25,31.41,32.14,3642800.0,32.14
2006-03-10,30.67,31.89,30.25,31.27,4067100.0,31.27
2006-03-09,31.7,31.74,30.76,31.07,3981700.0,31.07
2006-03-08,31.26,31.7,30.61,31.18,6330600.0,31.18
2006-03-07,31.98,31.98,31.09,31.46,5416800.0,31.46
2006-03-06,32.94,33.1,31.93,31.98,5959200.0,31.98
2006-03-03,33.25,33.79,33.09,33.41,4926200.0,33.41
2006-03-02,32.69,33.49,32.48,33.42,7031200.0,33.42
2006-03-01,31.31,32.54,31.31,32.47,7534900.0,32.47
2006-02-28,31.9,32.5,30.75,31.31,12760300.0,31.31
2006-02-27,33.7,33.7,32.75,33.18,4633500.0,33.18
2006-02-24,34.35,34.55,33.51,33.71,3738400.0,33.71
2006-02-23,33.92,34.6,33.13,33.66,6268700.0,33.66
2006-02-22,35.05,35.1,33.85,34.14,5636300.0,34.14
2006-02-21,34.29,35.68,34.29,35.39,7860800.0,35.39
2006-02-17,33.53,34.0,33.21,33.54,6321000.0,33.54
2006-02-16,33.4,33.76,32.96,33.13,8355700.0,33.13
2006-02-15,34.53,34.65,32.39,33.02,10375100.0,33.02
2006-02-14,34.05,35.16,34.01,34.38,7692600.0,34.38
2006-02-13,35.27,35.74,34.5,35.02,4882600.0,35.02
2006-02-10,35.68,35.85,34.45,35.27,8051400.0,35.27
2006-02-09,36.17,36.27,34.93,35.57,9056300.0,35.57
2006-02-08,35.62,36.16,34.8,35.84,8259800.0,35.84
2006-02-07,36.5,37.15,35.55,35.62,7110400.0,35.62
2006-02-06,37.25,37.79,37.01,37.77,6060900.0,37.77
2006-02-03,37.14,37.54,36.5,36.8,6054400.0,36.8
2006-02-02,38.12,38.7,36.69,37.14,10159500.0,37.14
2006-02-01,40.93,40.98,37.99,38.12,9442500.0,38.12
2006-01-31,41.35,41.36,40.41,40.49,5922200.0,40.49
2006-01-30,40.9,41.82,40.67,41.5,5565200.0,41.5
2006-01-27,40.46,41.2,39.69,40.5,8112700.0,40.5
2006-01-26,40.02,40.18,38.91,40.08,6009300.0,40.08
2006-01-25,42.1,42.38,39.68,40.02,7572700.0,40.02
2006-01-24,42.05,42.05,41.2,41.87,9476200.0,41.87
2006-01-23,41.5,42.85,40.89,42.75,5396500.0,42.75
2006-01-20,41.55,42.18,40.6,41.27,6289000.0,41.27
2006-01-19,39.63,41.05,39.18,40.7,4951200.0,40.7
2006-01-18,39.45,39.75,38.93,39.3,4299900.0,39.3
2006-01-17,39.18,39.58,38.9,39.45,3844600.0,39.45
2006-01-13,38.78,39.35,38.07,38.75,6118900.0,38.75
2006-01-12,39.9,40.36,38.8,39.03,4587500.0,39.03
2006-01-11,39.47,40.08,38.01,39.62,6093100.0,39.62
2006-01-10,38.75,39.66,38.74,39.48,3471500.0,39.48
2006-01-09,39.23,39.4,38.09,38.93,4368800.0,38.93
2006-01-06,39.49,39.5,38.8,39.33,4129200.0,39.33
2006-01-05,39.79,39.79,37.93,38.55,6233900.0,38.55
2006-01-04,38.8,39.98,38.42,39.79,3844800.0,39.79
2006-01-03,37.4,39.08,37.3,38.85,5763600.0,38.85
2005-12-30,36.25,37.37,36.02,36.67,2093900.0,36.67
2005-12-29,37.33,37.47,36.66,36.69,2461500.0,36.69
2005-12-28,36.91,37.58,36.62,37.33,2454500.0,37.33
2005-12-27,37.62,37.62,36.21,36.66,2981500.0,36.66
2005-12-23,38.0,38.01,36.87,37.62,2666600.0,37.62
2005-12-22,38.28,38.41,37.67,38.09,2099600.0,38.09
2005-12-21,38.15,38.54,37.71,38.07,2930600.0,38.07
2005-12-20,37.54,38.13,37.41,37.9,3589200.0,37.9
2005-12-19,37.99,38.18,37.11,37.39,3476900.0,37.39
2005-12-16,39.39,39.39,37.95,37.97,3072100.0,37.97
2005-12-15,39.32,39.55,38.44,39.05,2740000.0,39.05
2005-12-14,38.95,39.65,38.31,39.31,3579900.0,39.31
2005-12-13,39.26,39.78,38.84,38.95,3345000.0,38.95
2005-12-12,38.86,39.09,38.3,39.0,2901200.0,39.0
2005-12-09,38.87,38.9,38.04,38.45,3261100.0,38.45
2005-12-08,38.02,39.09,37.97,39.03,3817000.0,39.03
2005-12-07,38.45,38.55,37.46,37.9,4160200.0,37.9
2005-12-06,38.18,38.73,37.83,38.14,3775900.0,38.14
2005-12-05,38.6,38.71,37.95,38.18,4094200.0,38.18
2005-12-02,38.35,38.75,37.62,38.3,3170000.0,38.3
2005-12-01,36.98,38.13,36.92,38.1,3870500.0,38.1
2005-11-30,35.86,37.09,35.86,36.65,3387200.0,36.65
2005-11-29,36.0,36.45,35.44,35.72,4071700.0,35.72
2005-11-28,36.76,36.77,35.48,35.72,4251200.0,35.72
2005-11-25,36.99,37.0,36.46,36.76,1066500.0,36.76
2005-11-23,36.44,37.23,35.93,36.72,3617600.0,36.72
2005-11-22,35.95,36.77,35.69,36.44,3958500.0,36.44
2005-11-21,34.7,35.38,34.44,35.38,2762500.0,35.38
2005-11-18,34.74,34.74,33.96,34.52,3267500.0,34.52
2005-11-17,34.16,34.65,33.79,34.3,3302400.0,34.3
2005-11-16,32.93,33.9,32.67,33.87,4263100.0,33.87
2005-11-15,33.1,33.84,32.59,32.88,3790700.0,32.88
2005-11-14,32.95,33.6,32.95,33.12,3439500.0,33.12
2005-11-11,32.35,32.95,31.61,32.75,3751700.0,32.75
2005-11-10,34.19,34.19,32.33,32.72,4807300.0,32.72
2005-11-09,33.86,34.96,33.16,33.79,4459800.0,33.79
2005-11-08,33.77,34.47,33.4,34.12,2815700.0,34.12
2005-11-07,34.14,34.18,33.35,33.85,3881800.0,33.85
2005-11-04,35.26,35.45,33.96,34.14,3921200.0,34.14
2005-11-03,35.24,35.97,34.94,35.21,4469800.0,35.21
2005-11-02,34.02,35.09,33.62,34.89,5357700.0,34.89
2005-11-01,34.0,34.6,33.58,34.6,5938400.0,34.6
2005-10-31,34.76,35.53,33.85,34.75,3274400.0,34.75
2005-10-28,34.0,34.75,32.8,34.51,3678400.0,34.51
2005-10-27,34.65,34.84,33.61,33.8,4062200.0,33.8
2005-10-26,34.89,36.06,34.31,34.63,5042100.0,34.63
2005-10-25,33.55,35.01,33.41,34.93,6111900.0,34.93
2005-10-24,31.77,33.31,31.69,33.31,3304000.0,33.31
2005-10-21,31.6,32.74,31.37,32.09,3560700.0,32.09
2005-10-20,32.63,32.8,31.08,31.73,5435000.0,31.73
2005-10-19,31.51,32.68,30.89,32.63,5000200.0,32.63
2005-10-18,33.27,33.28,31.71,31.72,3661200.0,31.72
2005-10-17,33.3,33.7,32.97,33.27,3566000.0,33.27
2005-10-14,32.17,33.08,31.65,32.91,5362200.0,32.91
2005-10-13,32.84,33.28,31.31,32.36,5910700.0,32.36
2005-10-12,33.69,34.32,32.9,33.23,3502000.0,33.23
2005-10-11,33.49,34.36,33.49,33.54,3487900.0,33.54
2005-10-10,33.62,33.62,32.89,33.24,2978700.0,33.24
2005-10-07,34.15,34.15,33.37,33.7,4375600.0,33.7
2005-10-06,33.7,34.36,32.75,33.5,6039400.0,33.5
2005-10-05,35.06,35.3,33.96,34.1,5448900.0,34.1
2005-10-04,35.77,35.77,34.88,35.04,4249100.0,35.04
2005-10-03,35.99,36.54,35.55,35.76,3108900.0,35.76
2005-09-30,36.47,36.7,35.91,35.99,3513000.0,35.99
2005-09-29,35.98,36.48,35.72,36.39,3028600.0,36.39
2005-09-28,35.9,35.91,35.2,35.74,2981800.0,35.74
2005-09-27,35.57,35.9,35.17,35.49,3375700.0,35.49
2005-09-26,34.48,35.5,34.35,35.39,4877500.0,35.39
2005-09-23,35.2,35.25,34.01,34.48,4212400.0,34.48
2005-09-22,35.5,35.73,34.34,34.76,5121100.0,34.76
2005-09-21,35.55,36.35,34.79,35.25,6225100.0,35.25
2005-09-20,34.39,35.21,34.2,35.08,5908700.0,35.08
2005-09-19,33.13,34.74,33.08,34.38,6046100.0,34.38
2005-09-16,32.45,32.62,32.16,32.61,5493000.0,32.61
2005-09-15,32.18,32.48,31.59,32.08,3125700.0,32.08
2005-09-14,31.63,32.16,31.3,32.05,3447800.0,32.05
2005-09-13,31.45,31.85,31.3,31.38,3070500.0,31.38
2005-09-12,32.2,32.2,31.26,31.44,2618000.0,31.44
2005-09-09,32.05,32.35,31.73,32.19,3001300.0,32.19
2005-09-08,31.69,32.14,31.59,31.62,3122000.0,31.62
2005-09-07,31.83,32.21,31.44,31.64,3369400.0,31.64
2005-09-06,31.98,32.02,31.04,31.82,4220700.0,31.82
2005-09-02,31.96,31.96,31.34,31.61,3742400.0,31.61
2005-09-01,66.89,66.89,62.38,63.94,2779600.0,63.94
2005-08-31,61.86,63.77,61.81,63.08,2552100.0,63.08
2005-08-30,61.07,62.4,60.96,61.86,2265000.0,61.86
2005-08-29,59.6,61.99,59.6,60.65,2651300.0,60.65
2005-08-26,60.37,60.8,59.42,59.48,1090900.0,59.48
2005-08-25,60.17,60.5,59.89,60.36,1640400.0,60.36
2005-08-24,59.7,60.94,58.8,60.37,2490200.0,60.37
2005-08-23,59.99,60.25,58.63,59.45,2698100.0,59.45
2005-08-22,60.96,61.31,59.19,59.74,2135600.0,59.74
2005-08-19,60.5,60.88,59.9,60.55,1972500.0,60.55
2005-08-18,58.76,59.74,58.45,59.14,2091500.0,59.14
2005-08-17,60.71,61.31,58.88,59.05,2863600.0,59.05
2005-08-16,61.83,62.35,60.55,60.9,2150100.0,60.9
2005-08-15,62.5,62.6,61.62,61.95,1407700.0,61.95
2005-08-12,63.75,63.75,62.38,62.7,1887800.0,62.7
2005-08-11,63.95,64.28,62.83,63.61,2222000.0,63.61
2005-08-10,62.4,63.78,61.85,63.64,1990900.0,63.64
2005-08-09,62.72,62.85,61.8,62.02,1044800.0,62.02
2005-08-08,62.18,63.5,62.18,62.62,1698500.0,62.62
2005-08-05,62.36,62.55,61.05,61.68,1752300.0,61.68
2005-08-04,61.8,63.1,61.74,62.26,1323900.0,62.26
2005-08-03,62.34,62.44,61.43,61.86,1626800.0,61.86
2005-08-02,61.75,62.42,61.26,62.08,1848300.0,62.08
2005-08-01,60.9,61.72,60.83,61.49,2044600.0,61.49
2005-07-29,61.85,62.05,60.99,60.99,1694200.0,60.99
2005-07-28,61.37,61.59,60.42,61.06,3608100.0,61.06
2005-07-27,59.85,61.18,59.68,61.1,3249900.0,61.1
2005-07-26,58.94,59.95,58.1,59.75,3810100.0,59.75
2005-07-25,56.9,58.65,56.9,58.43,3022600.0,58.43
2005-07-22,55.88,58.08,55.88,57.85,3125900.0,57.85
2005-07-21,54.79,55.63,53.94,55.07,2011200.0,55.07
2005-07-20,54.78,55.34,54.23,55.03,1878900.0,55.03
2005-07-19,53.48,55.21,53.29,55.04,1714200.0,55.04
2005-07-18,53.5,54.04,52.55,53.4,1233400.0,53.4
2005-07-15,54.25,54.6,53.27,53.5,1609100.0,53.5
2005-07-14,55.15,55.49,53.31,53.88,2525300.0,53.88
2005-07-13,55.57,56.16,54.65,54.82,1557800.0,54.82
2005-07-12,55.57,56.12,54.83,55.72,1623700.0,55.72
2005-07-11,53.77,55.3,53.01,55.23,2386300.0,55.23
2005-07-08,54.63,55.15,53.5,53.85,1788900.0,53.85
2005-07-07,53.08,54.19,52.77,54.19,1980200.0,54.19
2005-07-06,55.0,55.34,53.85,54.08,1720200.0,54.08
2005-07-05,53.28,55.07,53.22,54.85,1971400.0,54.85
2005-07-01,52.81,53.28,52.3,52.96,1737300.0,52.96
2005-06-30,52.83,53.58,52.38,52.48,1938200.0,52.48
2005-06-29,52.56,53.37,52.22,52.84,1586700.0,52.84
2005-06-28,53.5,53.5,52.6,52.69,1966900.0,52.69
2005-06-27,53.06,54.25,53.04,53.6,1238600.0,53.6
2005-06-24,53.59,53.79,52.65,52.76,1205300.0,52.76
2005-06-23,52.73,54.25,52.24,53.16,2167800.0,53.16
2005-06-22,52.45,52.74,51.82,52.51,1683900.0,52.51
2005-06-21,52.98,53.34,52.06,52.14,1766200.0,52.14
2005-06-20,53.9,54.22,53.17,53.43,2118400.0,53.43
2005-06-17,54.0,54.0,52.83,53.81,2246500.0,53.81
2005-06-16,53.15,53.49,52.94,53.31,1655200.0,53.31
2005-06-15,53.25,53.25,52.35,52.94,1975000.0,52.94
2005-06-14,52.55,53.18,52.07,52.42,1656700.0,52.42
2005-06-13,52.09,52.21,51.41,52.15,1573300.0,52.15
2005-06-10,52.05,52.77,51.63,52.16,2113700.0,52.16
2005-06-09,50.86,52.3,50.67,52.06,2343600.0,52.06
2005-06-08,50.4,51.83,50.14,50.66,2449400.0,50.66
2005-06-07,50.52,51.32,50.35,50.55,2167100.0,50.55
2005-06-06,51.29,51.49,50.04,50.77,2350100.0,50.77
2005-06-03,51.06,51.74,50.94,51.11,1279200.0,51.11
2005-06-02,50.6,51.18,49.59,50.81,1961300.0,50.81
2005-06-01,50.66,51.34,50.64,50.97,2114200.0,50.97
2005-05-31,50.75,50.75,49.42,50.35,1525600.0,50.35
2005-05-27,50.5,51.15,50.26,50.82,1460600.0,50.82
2005-05-26,49.92,50.12,49.33,50.08,1683200.0,50.08
2005-05-25,48.59,49.99,48.07,49.77,2373200.0,49.77
2005-05-24,48.63,48.88,48.36,48.58,2261200.0,48.58
2005-05-23,47.69,48.45,47.22,48.27,2247000.0,48.27
2005-05-20,47.99,48.6,47.57,47.7,1780900.0,47.7
2005-05-19,47.65,48.22,47.3,47.94,2578300.0,47.94
2005-05-18,48.44,48.67,47.21,47.65,2806600.0,47.65
2005-05-17,48.07,48.57,47.88,48.2,3524200.0,48.2
2005-05-16,47.31,48.38,46.5,48.19,3669900.0,48.19
2005-05-13,48.1,48.56,46.93,47.47,2222400.0,47.47
2005-05-12,50.0,50.0,47.7,48.07,3406100.0,48.07
2005-05-11,49.95,50.48,49.33,50.14,1865100.0,50.14
2005-05-10,50.71,51.1,49.83,49.95,2051400.0,49.95
2005-05-09,49.9,50.98,49.65,50.98,2246300.0,50.98
2005-05-06,50.25,50.68,49.72,49.75,1650800.0,49.75
2005-05-05,50.18,50.53,49.3,49.75,2426000.0,49.75
2005-05-04,48.8,50.37,48.28,49.96,2744200.0,49.96
2005-05-03,49.06,49.33,48.47,48.69,2768900.0,48.69
2005-05-02,48.75,49.75,48.33,49.74,3556400.0,49.74
2005-04-29,49.4,49.84,48.15,48.75,3203400.0,48.75
2005-04-28,49.4,50.08,48.7,48.76,4074100.0,48.76
2005-04-27,52.01,52.01,49.52,49.84,4459400.0,49.84
2005-04-26,54.0,54.15,51.62,52.0,3746400.0,52.0
2005-04-25,53.77,54.2,52.9,54.19,2887700.0,54.19
2005-04-22,53.05,53.82,52.35,53.07,2481500.0,53.07
2005-04-21,51.18,52.88,51.0,52.86,2332800.0,52.86
2005-04-20,52.1,52.62,50.89,51.1,2428400.0,51.1
2005-04-19,51.45,52.48,51.33,51.99,2037900.0,51.99
2005-04-18,49.7,51.48,49.7,50.93,2226200.0,50.93
2005-04-15,51.22,51.76,49.92,49.92,3202400.0,49.92
2005-04-14,51.97,52.57,51.08,51.22,3194300.0,51.22
2005-04-13,52.65,53.26,51.52,51.66,3752600.0,51.66
2005-04-12,53.35,53.5,52.31,52.85,2838600.0,52.85
2005-04-11,52.66,53.64,52.0,53.5,3174400.0,53.5
2005-04-08,53.46,54.05,52.7,52.76,3340300.0,52.76
2005-04-07,54.3,54.43,52.82,53.46,5086000.0,53.46
2005-04-06,51.89,53.51,51.83,53.5,4326300.0,53.5
2005-04-05,52.15,52.49,51.37,51.8,3456900.0,51.8
2005-04-04,53.43,53.6,51.69,52.4,3767700.0,52.4
2005-04-01,53.0,53.06,51.74,53.02,2849800.0,53.02
2005-03-31,51.35,52.33,51.32,51.88,3117600.0,51.88
2005-03-30,50.13,50.78,49.17,50.53,4280000.0,50.53
2005-03-29,51.33,52.12,50.22,50.35,3591100.0,50.35
2005-03-28,50.02,51.55,50.02,51.46,4069300.0,51.46
2005-03-24,49.75,50.49,49.65,49.91,2516700.0,49.91
2005-03-23,50.27,50.27,48.83,49.35,4339500.0,49.35
2005-03-22,49.78,51.55,49.58,50.36,3981800.0,50.36
2005-03-21,49.88,50.68,49.25,49.64,2233400.0,49.64
2005-03-18,49.35,50.1,49.21,50.01,3188500.0,50.01
2005-03-17,49.46,49.84,48.74,49.16,2474300.0,49.16
2005-03-16,48.96,49.94,48.33,49.21,3162800.0,49.21
2005-03-15,50.0,50.6,49.03,49.08,2577200.0,49.08
2005-03-14,49.45,50.12,48.42,49.88,2065800.0,49.88
2005-03-11,48.8,50.25,48.75,49.22,2720700.0,49.22
2005-03-10,50.02,50.07,48.71,49.22,3768600.0,49.22
2005-03-09,51.84,52.3,50.14,50.26,4154900.0,50.26
2005-03-08,51.32,52.47,51.32,51.64,2675100.0,51.64
2005-03-07,51.8,52.1,51.0,51.82,3027100.0,51.82
2005-03-04,51.7,52.01,50.75,51.8,2971400.0,51.8
2005-03-03,49.95,50.59,49.71,50.47,2862100.0,50.47
2005-03-02,48.64,50.08,48.55,49.69,2984200.0,49.69
2005-03-01,49.96,50.25,48.43,48.93,3097700.0,48.93
2005-02-28,50.55,51.15,49.14,49.96,3270100.0,49.96
2005-02-25,49.78,50.91,49.57,50.42,2747100.0,50.42
2005-02-24,50.16,50.4,48.52,49.93,3756900.0,49.93
2005-02-23,49.25,49.86,49.21,49.73,2152900.0,49.73
2005-02-22,49.98,50.25,48.83,48.86,3867800.0,48.86
2005-02-18,47.75,49.8,47.7,49.55,4392300.0,49.55
2005-02-17,48.48,48.76,47.49,47.49,4168200.0,47.49
2005-02-16,47.25,48.32,46.95,48.14,3236200.0,48.14
2005-02-15,47.2,47.67,46.82,47.09,1816900.0,47.09
2005-02-14,48.01,48.45,47.06,47.1,2738500.0,47.1
2005-02-11,46.5,48.16,46.5,48.0,4390900.0,48.0
2005-02-10,45.36,46.53,45.05,46.43,4178000.0,46.43
2005-02-09,45.25,45.73,44.37,44.98,3341100.0,44.98
2005-02-08,44.9,45.71,44.4,45.24,3110100.0,45.24
2005-02-07,46.15,46.24,44.19,44.9,3766500.0,44.9
2005-02-04,46.29,46.65,45.92,46.15,3199800.0,46.15
2005-02-03,46.15,46.5,45.71,46.18,3541500.0,46.18
2005-02-02,46.24,46.6,45.8,46.55,5623800.0,46.55
2005-02-01,48.04,48.04,45.88,46.28,6203300.0,46.28
2005-01-31,46.4,48.6,46.16,48.05,4260300.0,48.05
2005-01-28,48.46,48.46,47.64,47.95,2505700.0,47.95
2005-01-27,47.46,48.95,47.15,48.86,4202800.0,48.86
2005-01-26,47.06,47.69,46.41,47.21,2895100.0,47.21
2005-01-25,46.62,47.98,46.52,47.05,4191000.0,47.05
2005-01-24,46.7,47.5,46.48,46.62,3261900.0,46.62
2005-01-21,45.9,47.07,45.32,45.82,2642000.0,45.82
2005-01-20,45.8,45.84,44.8,45.21,4284200.0,45.21
2005-01-19,45.86,46.76,45.75,46.2,1675500.0,46.2
2005-01-18,46.1,47.1,45.55,45.86,2219700.0,45.86
2005-01-14,45.88,46.23,45.25,45.71,2113500.0,45.71
2005-01-13,45.53,46.49,45.3,45.88,3931500.0,45.88
2005-01-12,43.73,44.98,43.5,44.74,3421700.0,44.74
2005-01-11,43.3,43.74,42.69,43.63,2317600.0,43.63
2005-01-10,43.45,43.89,43.24,43.29,3285200.0,43.29
2005-01-07,43.9,43.9,42.25,43.09,4044000.0,43.09
2005-01-06,43.04,44.68,42.94,44.05,3912600.0,44.05
2005-01-05,44.36,44.5,43.59,43.66,3078300.0,43.66
2005-01-04,44.85,45.23,44.23,44.25,3333800.0,44.25
2005-01-03,46.21,46.21,44.78,44.85,3247500.0,44.85
