Date,Open,High,Low,Close,Volume,Adj Close 
2011-11-23,nan,nan,nan,nan,nan,nan
2011-11-22,nan,nan,nan,nan,nan,nan
2011-11-21,nan,nan,nan,nan,nan,nan
2011-11-18,nan,nan,nan,nan,nan,nan
2011-11-17,nan,nan,nan,nan,nan,nan
2011-11-16,nan,nan,nan,nan,nan,nan
2011-11-15,nan,nan,nan,nan,nan,nan
2011-11-14,nan,nan,nan,nan,nan,nan
2011-11-11,nan,nan,nan,nan,nan,nan
2011-11-10,nan,nan,nan,nan,nan,nan
2011-11-09,nan,nan,nan,nan,nan,nan
2011-11-08,nan,nan,nan,nan,nan,nan
2011-11-07,nan,nan,nan,nan,nan,nan
2011-11-04,nan,nan,nan,nan,nan,nan
2011-11-03,nan,nan,nan,nan,nan,nan
2011-11-02,nan,nan,nan,nan,nan,nan
2011-11-01,nan,nan,nan,nan,nan,nan
2011-10-31,nan,nan,nan,nan,nan,nan
2011-10-28,nan,nan,nan,nan,nan,nan
2011-10-27,nan,nan,nan,nan,nan,nan
2011-10-26,nan,nan,nan,nan,nan,nan
2011-10-25,nan,nan,nan,nan,nan,nan
2011-10-24,nan,nan,nan,nan,nan,nan
2011-10-21,nan,nan,nan,nan,nan,nan
2011-10-20,nan,nan,nan,nan,nan,nan
2011-10-19,nan,nan,nan,nan,nan,nan
2011-10-18,nan,nan,nan,nan,nan,nan
2011-10-17,nan,nan,nan,nan,nan,nan
2011-10-14,nan,nan,nan,nan,nan,nan
2011-10-13,nan,nan,nan,nan,nan,nan
2011-10-12,nan,nan,nan,nan,nan,nan
2011-10-11,nan,nan,nan,nan,nan,nan
2011-10-10,nan,nan,nan,nan,nan,nan
2011-10-07,nan,nan,nan,nan,nan,nan
2011-10-06,nan,nan,nan,nan,nan,nan
2011-10-05,nan,nan,nan,nan,nan,nan
2011-10-04,nan,nan,nan,nan,nan,nan
2011-10-03,nan,nan,nan,nan,nan,nan
2011-09-30,nan,nan,nan,nan,nan,nan
2011-09-29,nan,nan,nan,nan,nan,nan
2011-09-28,nan,nan,nan,nan,nan,nan
2011-09-27,nan,nan,nan,nan,nan,nan
2011-09-26,nan,nan,nan,nan,nan,nan
2011-09-23,nan,nan,nan,nan,nan,nan
2011-09-22,nan,nan,nan,nan,nan,nan
2011-09-21,nan,nan,nan,nan,nan,nan
2011-09-20,nan,nan,nan,nan,nan,nan
2011-09-19,nan,nan,nan,nan,nan,nan
2011-09-16,nan,nan,nan,nan,nan,nan
2011-09-15,nan,nan,nan,nan,nan,nan
2011-09-14,nan,nan,nan,nan,nan,nan
2011-09-13,nan,nan,nan,nan,nan,nan
2011-09-12,nan,nan,nan,nan,nan,nan
2011-09-09,nan,nan,nan,nan,nan,nan
2011-09-08,nan,nan,nan,nan,nan,nan
2011-09-07,nan,nan,nan,nan,nan,nan
2011-09-06,nan,nan,nan,nan,nan,nan
2011-09-02,nan,nan,nan,nan,nan,nan
2011-09-01,nan,nan,nan,nan,nan,nan
2011-08-31,nan,nan,nan,nan,nan,nan
2011-08-30,nan,nan,nan,nan,nan,nan
2011-08-29,nan,nan,nan,nan,nan,nan
2011-08-26,nan,nan,nan,nan,nan,nan
2011-08-25,nan,nan,nan,nan,nan,nan
2011-08-24,nan,nan,nan,nan,nan,nan
2011-08-23,nan,nan,nan,nan,nan,nan
2011-08-22,nan,nan,nan,nan,nan,nan
2011-08-19,nan,nan,nan,nan,nan,nan
2011-08-18,nan,nan,nan,nan,nan,nan
2011-08-17,nan,nan,nan,nan,nan,nan
2011-08-16,nan,nan,nan,nan,nan,nan
2011-08-15,nan,nan,nan,nan,nan,nan
2011-08-12,nan,nan,nan,nan,nan,nan
2011-08-11,nan,nan,nan,nan,nan,nan
2011-08-10,nan,nan,nan,nan,nan,nan
2011-08-09,nan,nan,nan,nan,nan,nan
2011-08-08,nan,nan,nan,nan,nan,nan
2011-08-05,nan,nan,nan,nan,nan,nan
2011-08-04,nan,nan,nan,nan,nan,nan
2011-08-03,nan,nan,nan,nan,nan,nan
2011-08-02,nan,nan,nan,nan,nan,nan
2011-08-01,nan,nan,nan,nan,nan,nan
2011-07-29,nan,nan,nan,nan,nan,nan
2011-07-28,nan,nan,nan,nan,nan,nan
2011-07-27,nan,nan,nan,nan,nan,nan
2011-07-26,nan,nan,nan,nan,nan,nan
2011-07-25,nan,nan,nan,nan,nan,nan
2011-07-22,nan,nan,nan,nan,nan,nan
2011-07-21,nan,nan,nan,nan,nan,nan
2011-07-20,nan,nan,nan,nan,nan,nan
2011-07-19,nan,nan,nan,nan,nan,nan
2011-07-18,nan,nan,nan,nan,nan,nan
2011-07-15,nan,nan,nan,nan,nan,nan
2011-07-14,nan,nan,nan,nan,nan,nan
2011-07-13,nan,nan,nan,nan,nan,nan
2011-07-12,nan,nan,nan,nan,nan,nan
2011-07-11,nan,nan,nan,nan,nan,nan
2011-07-08,nan,nan,nan,nan,nan,nan
2011-07-07,nan,nan,nan,nan,nan,nan
2011-07-06,nan,nan,nan,nan,nan,nan
2011-07-05,nan,nan,nan,nan,nan,nan
2011-07-01,nan,nan,nan,nan,nan,nan
2011-06-30,nan,nan,nan,nan,nan,nan
2011-06-29,nan,nan,nan,nan,nan,nan
2011-06-28,nan,nan,nan,nan,nan,nan
2011-06-27,nan,nan,nan,nan,nan,nan
2011-06-24,nan,nan,nan,nan,nan,nan
2011-06-23,nan,nan,nan,nan,nan,nan
2011-06-22,nan,nan,nan,nan,nan,nan
2011-06-21,nan,nan,nan,nan,nan,nan
2011-06-20,nan,nan,nan,nan,nan,nan
2011-06-17,nan,nan,nan,nan,nan,nan
2011-06-16,nan,nan,nan,nan,nan,nan
2011-06-15,nan,nan,nan,nan,nan,nan
2011-06-14,nan,nan,nan,nan,nan,nan
2011-06-13,nan,nan,nan,nan,nan,nan
2011-06-10,nan,nan,nan,nan,nan,nan
2011-06-09,nan,nan,nan,nan,nan,nan
2011-06-08,nan,nan,nan,nan,nan,nan
2011-06-07,nan,nan,nan,nan,nan,nan
2011-06-06,nan,nan,nan,nan,nan,nan
2011-06-03,nan,nan,nan,nan,nan,nan
2011-06-02,nan,nan,nan,nan,nan,nan
2011-06-01,nan,nan,nan,nan,nan,nan
2011-05-31,nan,nan,nan,nan,nan,nan
2011-05-27,nan,nan,nan,nan,nan,nan
2011-05-26,nan,nan,nan,nan,nan,nan
2011-05-25,nan,nan,nan,nan,nan,nan
2011-05-24,nan,nan,nan,nan,nan,nan
2011-05-23,nan,nan,nan,nan,nan,nan
2011-05-20,nan,nan,nan,nan,nan,nan
2011-05-19,nan,nan,nan,nan,nan,nan
2011-05-18,nan,nan,nan,nan,nan,nan
2011-05-17,nan,nan,nan,nan,nan,nan
2011-05-16,nan,nan,nan,nan,nan,nan
2011-05-13,nan,nan,nan,nan,nan,nan
2011-05-12,nan,nan,nan,nan,nan,nan
2011-05-11,nan,nan,nan,nan,nan,nan
2011-05-10,nan,nan,nan,nan,nan,nan
2011-05-09,nan,nan,nan,nan,nan,nan
2011-05-06,nan,nan,nan,nan,nan,nan
2011-05-05,nan,nan,nan,nan,nan,nan
2011-05-04,nan,nan,nan,nan,nan,nan
2011-05-03,nan,nan,nan,nan,nan,nan
2011-05-02,nan,nan,nan,nan,nan,nan
2011-04-29,nan,nan,nan,nan,nan,nan
2011-04-28,nan,nan,nan,nan,nan,nan
2011-04-27,nan,nan,nan,nan,nan,nan
2011-04-26,nan,nan,nan,nan,nan,nan
2011-04-25,nan,nan,nan,nan,nan,nan
2011-04-21,nan,nan,nan,nan,nan,nan
2011-04-20,nan,nan,nan,nan,nan,nan
2011-04-19,nan,nan,nan,nan,nan,nan
2011-04-18,nan,nan,nan,nan,nan,nan
2011-04-15,nan,nan,nan,nan,nan,nan
2011-04-14,nan,nan,nan,nan,nan,nan
2011-04-13,nan,nan,nan,nan,nan,nan
2011-04-12,nan,nan,nan,nan,nan,nan
2011-04-11,nan,nan,nan,nan,nan,nan
2011-04-08,nan,nan,nan,nan,nan,nan
2011-04-07,nan,nan,nan,nan,nan,nan
2011-04-06,nan,nan,nan,nan,nan,nan
2011-04-05,nan,nan,nan,nan,nan,nan
2011-04-04,nan,nan,nan,nan,nan,nan
2011-04-01,nan,nan,nan,nan,nan,nan
2011-03-31,nan,nan,nan,nan,nan,nan
2011-03-30,nan,nan,nan,nan,nan,nan
2011-03-29,nan,nan,nan,nan,nan,nan
2011-03-28,nan,nan,nan,nan,nan,nan
2011-03-25,nan,nan,nan,nan,nan,nan
2011-03-24,nan,nan,nan,nan,nan,nan
2011-03-23,nan,nan,nan,nan,nan,nan
2011-03-22,nan,nan,nan,nan,nan,nan
2011-03-21,nan,nan,nan,nan,nan,nan
2011-03-18,nan,nan,nan,nan,nan,nan
2011-03-17,nan,nan,nan,nan,nan,nan
2011-03-16,nan,nan,nan,nan,nan,nan
2011-03-15,nan,nan,nan,nan,nan,nan
2011-03-14,nan,nan,nan,nan,nan,nan
2011-03-11,nan,nan,nan,nan,nan,nan
2011-03-10,nan,nan,nan,nan,nan,nan
2011-03-09,nan,nan,nan,nan,nan,nan
2011-03-08,nan,nan,nan,nan,nan,nan
2011-03-07,nan,nan,nan,nan,nan,nan
2011-03-04,nan,nan,nan,nan,nan,nan
2011-03-03,nan,nan,nan,nan,nan,nan
2011-03-02,nan,nan,nan,nan,nan,nan
2011-03-01,nan,nan,nan,nan,nan,nan
2011-02-28,nan,nan,nan,nan,nan,nan
2011-02-25,nan,nan,nan,nan,nan,nan
2011-02-24,nan,nan,nan,nan,nan,nan
2011-02-23,nan,nan,nan,nan,nan,nan
2011-02-22,nan,nan,nan,nan,nan,nan
2011-02-18,nan,nan,nan,nan,nan,nan
2011-02-17,nan,nan,nan,nan,nan,nan
2011-02-16,nan,nan,nan,nan,nan,nan
2011-02-15,nan,nan,nan,nan,nan,nan
2011-02-14,nan,nan,nan,nan,nan,nan
2011-02-11,nan,nan,nan,nan,nan,nan
2011-02-10,nan,nan,nan,nan,nan,nan
2011-02-09,nan,nan,nan,nan,nan,nan
2011-02-08,nan,nan,nan,nan,nan,nan
2011-02-07,nan,nan,nan,nan,nan,nan
2011-02-04,nan,nan,nan,nan,nan,nan
2011-02-03,nan,nan,nan,nan,nan,nan
2011-02-02,nan,nan,nan,nan,nan,nan
2011-02-01,nan,nan,nan,nan,nan,nan
2011-01-31,nan,nan,nan,nan,nan,nan
2011-01-28,nan,nan,nan,nan,nan,nan
2011-01-27,nan,nan,nan,nan,nan,nan
2011-01-26,nan,nan,nan,nan,nan,nan
2011-01-25,nan,nan,nan,nan,nan,nan
2011-01-24,nan,nan,nan,nan,nan,nan
2011-01-21,nan,nan,nan,nan,nan,nan
2011-01-20,nan,nan,nan,nan,nan,nan
2011-01-19,nan,nan,nan,nan,nan,nan
2011-01-18,nan,nan,nan,nan,nan,nan
2011-01-14,nan,nan,nan,nan,nan,nan
2011-01-13,nan,nan,nan,nan,nan,nan
2011-01-12,nan,nan,nan,nan,nan,nan
2011-01-11,nan,nan,nan,nan,nan,nan
2011-01-10,nan,nan,nan,nan,nan,nan
2011-01-07,nan,nan,nan,nan,nan,nan
2011-01-06,nan,nan,nan,nan,nan,nan
2011-01-05,nan,nan,nan,nan,nan,nan
2011-01-04,nan,nan,nan,nan,nan,nan
2011-01-03,nan,nan,nan,nan,nan,nan
2010-12-31,nan,nan,nan,nan,nan,nan
2010-12-30,nan,nan,nan,nan,nan,nan
2010-12-29,nan,nan,nan,nan,nan,nan
2010-12-28,nan,nan,nan,nan,nan,nan
2010-12-27,nan,nan,nan,nan,nan,nan
2010-12-23,nan,nan,nan,nan,nan,nan
2010-12-22,nan,nan,nan,nan,nan,nan
2010-12-21,nan,nan,nan,nan,nan,nan
2010-12-20,nan,nan,nan,nan,nan,nan
2010-12-17,nan,nan,nan,nan,nan,nan
2010-12-16,nan,nan,nan,nan,nan,nan
2010-12-15,nan,nan,nan,nan,nan,nan
2010-12-14,nan,nan,nan,nan,nan,nan
2010-12-13,nan,nan,nan,nan,nan,nan
2010-12-10,nan,nan,nan,nan,nan,nan
2010-12-09,nan,nan,nan,nan,nan,nan
2010-12-08,nan,nan,nan,nan,nan,nan
2010-12-07,nan,nan,nan,nan,nan,nan
2010-12-06,nan,nan,nan,nan,nan,nan
2010-12-03,nan,nan,nan,nan,nan,nan
2010-12-02,nan,nan,nan,nan,nan,nan
2010-12-01,nan,nan,nan,nan,nan,nan
2010-11-30,nan,nan,nan,nan,nan,nan
2010-11-29,nan,nan,nan,nan,nan,nan
2010-11-26,nan,nan,nan,nan,nan,nan
2010-11-24,nan,nan,nan,nan,nan,nan
2010-11-23,nan,nan,nan,nan,nan,nan
2010-11-22,nan,nan,nan,nan,nan,nan
2010-11-19,nan,nan,nan,nan,nan,nan
2010-11-18,nan,nan,nan,nan,nan,nan
2010-11-17,nan,nan,nan,nan,nan,nan
2010-11-16,nan,nan,nan,nan,nan,nan
2010-11-15,nan,nan,nan,nan,nan,nan
2010-11-12,nan,nan,nan,nan,nan,nan
2010-11-11,nan,nan,nan,nan,nan,nan
2010-11-10,nan,nan,nan,nan,nan,nan
2010-11-09,nan,nan,nan,nan,nan,nan
2010-11-08,nan,nan,nan,nan,nan,nan
2010-11-05,nan,nan,nan,nan,nan,nan
2010-11-04,nan,nan,nan,nan,nan,nan
2010-11-03,nan,nan,nan,nan,nan,nan
2010-11-02,nan,nan,nan,nan,nan,nan
2010-11-01,nan,nan,nan,nan,nan,nan
2010-10-29,nan,nan,nan,nan,nan,nan
2010-10-28,nan,nan,nan,nan,nan,nan
2010-10-27,nan,nan,nan,nan,nan,nan
2010-10-26,nan,nan,nan,nan,nan,nan
2010-10-25,nan,nan,nan,nan,nan,nan
2010-10-22,nan,nan,nan,nan,nan,nan
2010-10-21,nan,nan,nan,nan,nan,nan
2010-10-20,nan,nan,nan,nan,nan,nan
2010-10-19,nan,nan,nan,nan,nan,nan
2010-10-18,nan,nan,nan,nan,nan,nan
2010-10-15,nan,nan,nan,nan,nan,nan
2010-10-14,nan,nan,nan,nan,nan,nan
2010-10-13,nan,nan,nan,nan,nan,nan
2010-10-12,nan,nan,nan,nan,nan,nan
2010-10-11,nan,nan,nan,nan,nan,nan
2010-10-08,nan,nan,nan,nan,nan,nan
2010-10-07,nan,nan,nan,nan,nan,nan
2010-10-06,nan,nan,nan,nan,nan,nan
2010-10-05,nan,nan,nan,nan,nan,nan
2010-10-04,nan,nan,nan,nan,nan,nan
2010-10-01,nan,nan,nan,nan,nan,nan
2010-09-30,nan,nan,nan,nan,nan,nan
2010-09-29,nan,nan,nan,nan,nan,nan
2010-09-28,nan,nan,nan,nan,nan,nan
2010-09-27,nan,nan,nan,nan,nan,nan
2010-09-24,nan,nan,nan,nan,nan,nan
2010-09-23,nan,nan,nan,nan,nan,nan
2010-09-22,nan,nan,nan,nan,nan,nan
2010-09-21,nan,nan,nan,nan,nan,nan
2010-09-20,nan,nan,nan,nan,nan,nan
2010-09-17,nan,nan,nan,nan,nan,nan
2010-09-16,nan,nan,nan,nan,nan,nan
2010-09-15,nan,nan,nan,nan,nan,nan
2010-09-14,nan,nan,nan,nan,nan,nan
2010-09-13,nan,nan,nan,nan,nan,nan
2010-09-10,nan,nan,nan,nan,nan,nan
2010-09-09,nan,nan,nan,nan,nan,nan
2010-09-08,nan,nan,nan,nan,nan,nan
2010-09-07,nan,nan,nan,nan,nan,nan
2010-09-03,nan,nan,nan,nan,nan,nan
2010-09-02,nan,nan,nan,nan,nan,nan
2010-09-01,nan,nan,nan,nan,nan,nan
2010-08-31,nan,nan,nan,nan,nan,nan
2010-08-30,nan,nan,nan,nan,nan,nan
2010-08-27,nan,nan,nan,nan,nan,nan
2010-08-26,nan,nan,nan,nan,nan,nan
2010-08-25,nan,nan,nan,nan,nan,nan
2010-08-24,nan,nan,nan,nan,nan,nan
2010-08-23,nan,nan,nan,nan,nan,nan
2010-08-20,nan,nan,nan,nan,nan,nan
2010-08-19,nan,nan,nan,nan,nan,nan
2010-08-18,nan,nan,nan,nan,nan,nan
2010-08-17,nan,nan,nan,nan,nan,nan
2010-08-16,nan,nan,nan,nan,nan,nan
2010-08-13,nan,nan,nan,nan,nan,nan
2010-08-12,nan,nan,nan,nan,nan,nan
2010-08-11,nan,nan,nan,nan,nan,nan
2010-08-10,nan,nan,nan,nan,nan,nan
2010-08-09,nan,nan,nan,nan,nan,nan
2010-08-06,nan,nan,nan,nan,nan,nan
2010-08-05,nan,nan,nan,nan,nan,nan
2010-08-04,nan,nan,nan,nan,nan,nan
2010-08-03,nan,nan,nan,nan,nan,nan
2010-08-02,nan,nan,nan,nan,nan,nan
2010-07-30,nan,nan,nan,nan,nan,nan
2010-07-29,nan,nan,nan,nan,nan,nan
2010-07-28,nan,nan,nan,nan,nan,nan
2010-07-27,nan,nan,nan,nan,nan,nan
2010-07-26,nan,nan,nan,nan,nan,nan
2010-07-23,nan,nan,nan,nan,nan,nan
2010-07-22,nan,nan,nan,nan,nan,nan
2010-07-21,nan,nan,nan,nan,nan,nan
2010-07-20,nan,nan,nan,nan,nan,nan
2010-07-19,nan,nan,nan,nan,nan,nan
2010-07-16,nan,nan,nan,nan,nan,nan
2010-07-15,nan,nan,nan,nan,nan,nan
2010-07-14,nan,nan,nan,nan,nan,nan
2010-07-13,nan,nan,nan,nan,nan,nan
2010-07-12,nan,nan,nan,nan,nan,nan
2010-07-09,nan,nan,nan,nan,nan,nan
2010-07-08,nan,nan,nan,nan,nan,nan
2010-07-07,nan,nan,nan,nan,nan,nan
2010-07-06,nan,nan,nan,nan,nan,nan
2010-07-02,nan,nan,nan,nan,nan,nan
2010-07-01,nan,nan,nan,nan,nan,nan
2010-06-30,nan,nan,nan,nan,nan,nan
2010-06-29,nan,nan,nan,nan,nan,nan
2010-06-28,nan,nan,nan,nan,nan,nan
2010-06-25,nan,nan,nan,nan,nan,nan
2010-06-24,nan,nan,nan,nan,nan,nan
2010-06-23,nan,nan,nan,nan,nan,nan
2010-06-22,nan,nan,nan,nan,nan,nan
2010-06-21,nan,nan,nan,nan,nan,nan
2010-06-18,nan,nan,nan,nan,nan,nan
2010-06-17,nan,nan,nan,nan,nan,nan
2010-06-16,nan,nan,nan,nan,nan,nan
2010-06-15,nan,nan,nan,nan,nan,nan
2010-06-14,nan,nan,nan,nan,nan,nan
2010-06-11,nan,nan,nan,nan,nan,nan
2010-06-10,nan,nan,nan,nan,nan,nan
2010-06-09,nan,nan,nan,nan,nan,nan
2010-06-08,nan,nan,nan,nan,nan,nan
2010-06-07,nan,nan,nan,nan,nan,nan
2010-06-04,nan,nan,nan,nan,nan,nan
2010-06-03,nan,nan,nan,nan,nan,nan
2010-06-02,nan,nan,nan,nan,nan,nan
2010-06-01,nan,nan,nan,nan,nan,nan
2010-05-28,nan,nan,nan,nan,nan,nan
2010-05-27,nan,nan,nan,nan,nan,nan
2010-05-26,nan,nan,nan,nan,nan,nan
2010-05-25,nan,nan,nan,nan,nan,nan
2010-05-24,nan,nan,nan,nan,nan,nan
2010-05-21,nan,nan,nan,nan,nan,nan
2010-05-20,nan,nan,nan,nan,nan,nan
2010-05-19,nan,nan,nan,nan,nan,nan
2010-05-18,nan,nan,nan,nan,nan,nan
2010-05-17,nan,nan,nan,nan,nan,nan
2010-05-14,nan,nan,nan,nan,nan,nan
2010-05-13,nan,nan,nan,nan,nan,nan
2010-05-12,nan,nan,nan,nan,nan,nan
2010-05-11,nan,nan,nan,nan,nan,nan
2010-05-10,nan,nan,nan,nan,nan,nan
2010-05-07,nan,nan,nan,nan,nan,nan
2010-05-06,nan,nan,nan,nan,nan,nan
2010-05-05,nan,nan,nan,nan,nan,nan
2010-05-04,nan,nan,nan,nan,nan,nan
2010-05-03,nan,nan,nan,nan,nan,nan
2010-04-30,nan,nan,nan,nan,nan,nan
2010-04-29,nan,nan,nan,nan,nan,nan
2010-04-28,nan,nan,nan,nan,nan,nan
2010-04-27,nan,nan,nan,nan,nan,nan
2010-04-26,nan,nan,nan,nan,nan,nan
2010-04-23,nan,nan,nan,nan,nan,nan
2010-04-22,nan,nan,nan,nan,nan,nan
2010-04-21,nan,nan,nan,nan,nan,nan
2010-04-20,nan,nan,nan,nan,nan,nan
2010-04-19,nan,nan,nan,nan,nan,nan
2010-04-16,nan,nan,nan,nan,nan,nan
2010-04-15,nan,nan,nan,nan,nan,nan
2010-04-14,nan,nan,nan,nan,nan,nan
2010-04-13,nan,nan,nan,nan,nan,nan
2010-04-12,nan,nan,nan,nan,nan,nan
2010-04-09,nan,nan,nan,nan,nan,nan
2010-04-08,nan,nan,nan,nan,nan,nan
2010-04-07,nan,nan,nan,nan,nan,nan
2010-04-06,nan,nan,nan,nan,nan,nan
2010-04-05,nan,nan,nan,nan,nan,nan
2010-04-01,nan,nan,nan,nan,nan,nan
2010-03-31,nan,nan,nan,nan,nan,nan
2010-03-30,nan,nan,nan,nan,nan,nan
2010-03-29,nan,nan,nan,nan,nan,nan
2010-03-26,nan,nan,nan,nan,nan,nan
2010-03-25,nan,nan,nan,nan,nan,nan
2010-03-24,nan,nan,nan,nan,nan,nan
2010-03-23,nan,nan,nan,nan,nan,nan
2010-03-22,nan,nan,nan,nan,nan,nan
2010-03-19,nan,nan,nan,nan,nan,nan
2010-03-18,nan,nan,nan,nan,nan,nan
2010-03-17,nan,nan,nan,nan,nan,nan
2010-03-16,nan,nan,nan,nan,nan,nan
2010-03-15,nan,nan,nan,nan,nan,nan
2010-03-12,nan,nan,nan,nan,nan,nan
2010-03-11,nan,nan,nan,nan,nan,nan
2010-03-10,nan,nan,nan,nan,nan,nan
2010-03-09,nan,nan,nan,nan,nan,nan
2010-03-08,nan,nan,nan,nan,nan,nan
2010-03-05,nan,nan,nan,nan,nan,nan
2010-03-04,nan,nan,nan,nan,nan,nan
2010-03-03,nan,nan,nan,nan,nan,nan
2010-03-02,nan,nan,nan,nan,nan,nan
2010-03-01,nan,nan,nan,nan,nan,nan
2010-02-26,nan,nan,nan,nan,nan,nan
2010-02-25,nan,nan,nan,nan,nan,nan
2010-02-24,nan,nan,nan,nan,nan,nan
2010-02-23,nan,nan,nan,nan,nan,nan
2010-02-22,nan,nan,nan,nan,nan,nan
2010-02-19,nan,nan,nan,nan,nan,nan
2010-02-18,nan,nan,nan,nan,nan,nan
2010-02-17,nan,nan,nan,nan,nan,nan
2010-02-16,nan,nan,nan,nan,nan,nan
2010-02-12,nan,nan,nan,nan,nan,nan
2010-02-11,nan,nan,nan,nan,nan,nan
2010-02-10,nan,nan,nan,nan,nan,nan
2010-02-09,nan,nan,nan,nan,nan,nan
2010-02-08,nan,nan,nan,nan,nan,nan
2010-02-05,nan,nan,nan,nan,nan,nan
2010-02-04,nan,nan,nan,nan,nan,nan
2010-02-03,nan,nan,nan,nan,nan,nan
2010-02-02,nan,nan,nan,nan,nan,nan
2010-02-01,nan,nan,nan,nan,nan,nan
2010-01-29,nan,nan,nan,nan,nan,nan
2010-01-28,nan,nan,nan,nan,nan,nan
2010-01-27,nan,nan,nan,nan,nan,nan
2010-01-26,nan,nan,nan,nan,nan,nan
2010-01-25,nan,nan,nan,nan,nan,nan
2010-01-22,nan,nan,nan,nan,nan,nan
2010-01-21,nan,nan,nan,nan,nan,nan
2010-01-20,nan,nan,nan,nan,nan,nan
2010-01-19,nan,nan,nan,nan,nan,nan
2010-01-15,nan,nan,nan,nan,nan,nan
2010-01-14,nan,nan,nan,nan,nan,nan
2010-01-13,nan,nan,nan,nan,nan,nan
2010-01-12,nan,nan,nan,nan,nan,nan
2010-01-11,nan,nan,nan,nan,nan,nan
2010-01-08,nan,nan,nan,nan,nan,nan
2010-01-07,nan,nan,nan,nan,nan,nan
2010-01-06,nan,nan,nan,nan,nan,nan
2010-01-05,nan,nan,nan,nan,nan,nan
2010-01-04,nan,nan,nan,nan,nan,nan
2009-12-31,nan,nan,nan,nan,nan,nan
2009-12-30,nan,nan,nan,nan,nan,nan
2009-12-29,nan,nan,nan,nan,nan,nan
2009-12-28,nan,nan,nan,nan,nan,nan
2009-12-24,nan,nan,nan,nan,nan,nan
2009-12-23,nan,nan,nan,nan,nan,nan
2009-12-22,nan,nan,nan,nan,nan,nan
2009-12-21,nan,nan,nan,nan,nan,nan
2009-12-18,nan,nan,nan,nan,nan,nan
2009-12-17,nan,nan,nan,nan,nan,nan
2009-12-16,nan,nan,nan,nan,nan,nan
2009-12-15,nan,nan,nan,nan,nan,nan
2009-12-14,nan,nan,nan,nan,nan,nan
2009-12-11,nan,nan,nan,nan,nan,nan
2009-12-10,nan,nan,nan,nan,nan,nan
2009-12-09,nan,nan,nan,nan,nan,nan
2009-12-08,nan,nan,nan,nan,nan,nan
2009-12-07,nan,nan,nan,nan,nan,nan
2009-12-04,nan,nan,nan,nan,nan,nan
2009-12-03,nan,nan,nan,nan,nan,nan
2009-12-02,nan,nan,nan,nan,nan,nan
2009-12-01,nan,nan,nan,nan,nan,nan
2009-11-30,nan,nan,nan,nan,nan,nan
2009-11-27,nan,nan,nan,nan,nan,nan
2009-11-25,nan,nan,nan,nan,nan,nan
2009-11-24,nan,nan,nan,nan,nan,nan
2009-11-23,nan,nan,nan,nan,nan,nan
2009-11-20,nan,nan,nan,nan,nan,nan
2009-11-19,nan,nan,nan,nan,nan,nan
2009-11-18,nan,nan,nan,nan,nan,nan
2009-11-17,nan,nan,nan,nan,nan,nan
2009-11-16,nan,nan,nan,nan,nan,nan
2009-11-13,nan,nan,nan,nan,nan,nan
2009-11-12,nan,nan,nan,nan,nan,nan
2009-11-11,nan,nan,nan,nan,nan,nan
2009-11-10,nan,nan,nan,nan,nan,nan
2009-11-09,nan,nan,nan,nan,nan,nan
2009-11-06,nan,nan,nan,nan,nan,nan
2009-11-05,nan,nan,nan,nan,nan,nan
2009-11-04,nan,nan,nan,nan,nan,nan
2009-11-03,nan,nan,nan,nan,nan,nan
2009-11-02,nan,nan,nan,nan,nan,nan
2009-10-30,nan,nan,nan,nan,nan,nan
2009-10-29,nan,nan,nan,nan,nan,nan
2009-10-28,nan,nan,nan,nan,nan,nan
2009-10-27,nan,nan,nan,nan,nan,nan
2009-10-26,nan,nan,nan,nan,nan,nan
2009-10-23,nan,nan,nan,nan,nan,nan
2009-10-22,nan,nan,nan,nan,nan,nan
2009-10-21,nan,nan,nan,nan,nan,nan
2009-10-20,nan,nan,nan,nan,nan,nan
2009-10-19,nan,nan,nan,nan,nan,nan
2009-10-16,nan,nan,nan,nan,nan,nan
2009-10-15,nan,nan,nan,nan,nan,nan
2009-10-14,nan,nan,nan,nan,nan,nan
2009-10-13,nan,nan,nan,nan,nan,nan
2009-10-12,nan,nan,nan,nan,nan,nan
2009-10-09,nan,nan,nan,nan,nan,nan
2009-10-08,nan,nan,nan,nan,nan,nan
2009-10-07,nan,nan,nan,nan,nan,nan
2009-10-06,nan,nan,nan,nan,nan,nan
2009-10-05,nan,nan,nan,nan,nan,nan
2009-10-02,nan,nan,nan,nan,nan,nan
2009-10-01,nan,nan,nan,nan,nan,nan
2009-09-30,nan,nan,nan,nan,nan,nan
2009-09-29,nan,nan,nan,nan,nan,nan
2009-09-28,nan,nan,nan,nan,nan,nan
2009-09-25,nan,nan,nan,nan,nan,nan
2009-09-24,nan,nan,nan,nan,nan,nan
2009-09-23,nan,nan,nan,nan,nan,nan
2009-09-22,nan,nan,nan,nan,nan,nan
2009-09-21,nan,nan,nan,nan,nan,nan
2009-09-18,nan,nan,nan,nan,nan,nan
2009-09-17,nan,nan,nan,nan,nan,nan
2009-09-16,nan,nan,nan,nan,nan,nan
2009-09-15,nan,nan,nan,nan,nan,nan
2009-09-14,nan,nan,nan,nan,nan,nan
2009-09-11,nan,nan,nan,nan,nan,nan
2009-09-10,nan,nan,nan,nan,nan,nan
2009-09-09,nan,nan,nan,nan,nan,nan
2009-09-08,nan,nan,nan,nan,nan,nan
2009-09-04,nan,nan,nan,nan,nan,nan
2009-09-03,nan,nan,nan,nan,nan,nan
2009-09-02,nan,nan,nan,nan,nan,nan
2009-09-01,nan,nan,nan,nan,nan,nan
2009-08-31,nan,nan,nan,nan,nan,nan
2009-08-28,nan,nan,nan,nan,nan,nan
2009-08-27,nan,nan,nan,nan,nan,nan
2009-08-26,nan,nan,nan,nan,nan,nan
2009-08-25,nan,nan,nan,nan,nan,nan
2009-08-24,nan,nan,nan,nan,nan,nan
2009-08-21,nan,nan,nan,nan,nan,nan
2009-08-20,nan,nan,nan,nan,nan,nan
2009-08-19,nan,nan,nan,nan,nan,nan
2009-08-18,nan,nan,nan,nan,nan,nan
2009-08-17,nan,nan,nan,nan,nan,nan
2009-08-14,nan,nan,nan,nan,nan,nan
2009-08-13,nan,nan,nan,nan,nan,nan
2009-08-12,nan,nan,nan,nan,nan,nan
2009-08-11,nan,nan,nan,nan,nan,nan
2009-08-10,nan,nan,nan,nan,nan,nan
2009-08-07,nan,nan,nan,nan,nan,nan
2009-08-06,nan,nan,nan,nan,nan,nan
2009-08-05,nan,nan,nan,nan,nan,nan
2009-08-04,nan,nan,nan,nan,nan,nan
2009-08-03,nan,nan,nan,nan,nan,nan
2009-07-31,nan,nan,nan,nan,nan,nan
2009-07-30,nan,nan,nan,nan,nan,nan
2009-07-29,nan,nan,nan,nan,nan,nan
2009-07-28,nan,nan,nan,nan,nan,nan
2009-07-27,nan,nan,nan,nan,nan,nan
2009-07-24,nan,nan,nan,nan,nan,nan
2009-07-23,nan,nan,nan,nan,nan,nan
2009-07-22,nan,nan,nan,nan,nan,nan
2009-07-21,nan,nan,nan,nan,nan,nan
2009-07-20,nan,nan,nan,nan,nan,nan
2009-07-17,nan,nan,nan,nan,nan,nan
2009-07-16,nan,nan,nan,nan,nan,nan
2009-07-15,nan,nan,nan,nan,nan,nan
2009-07-14,nan,nan,nan,nan,nan,nan
2009-07-13,nan,nan,nan,nan,nan,nan
2009-07-10,nan,nan,nan,nan,nan,nan
2009-07-09,nan,nan,nan,nan,nan,nan
2009-07-08,nan,nan,nan,nan,nan,nan
2009-07-07,nan,nan,nan,nan,nan,nan
2009-07-06,nan,nan,nan,nan,nan,nan
2009-07-02,nan,nan,nan,nan,nan,nan
2009-07-01,nan,nan,nan,nan,nan,nan
2009-06-30,43.56,43.56,41.91,42.06,3905300.0,42.06
2009-06-29,42.93,43.68,42.88,43.52,952000.0,43.52
2009-06-26,43.78,43.96,42.81,42.83,2843700.0,42.83
2009-06-25,42.77,44.12,42.77,44.08,1735800.0,44.08
2009-06-24,43.19,43.46,42.73,43.02,957000.0,43.02
2009-06-23,42.63,43.31,42.37,42.92,1030200.0,42.92
2009-06-22,41.88,42.82,41.78,42.51,953200.0,42.51
2009-06-19,43.78,43.78,42.14,42.14,1817600.0,42.14
2009-06-18,43.03,43.87,43.02,43.37,1219000.0,43.37
2009-06-17,43.18,43.34,42.78,43.03,1522200.0,43.03
2009-06-16,43.85,44.01,42.9,43.11,1238200.0,43.11
2009-06-15,43.48,43.92,43.25,43.84,1112000.0,43.84
2009-06-12,43.91,44.13,42.87,43.83,719000.0,43.83
2009-06-11,44.46,45.66,44.04,45.01,1482400.0,45.01
2009-06-10,43.75,44.55,43.38,44.37,1273300.0,44.37
2009-06-09,43.24,43.75,43.24,43.54,1386400.0,43.54
2009-06-08,42.86,43.74,42.77,43.28,854300.0,43.28
2009-06-05,43.85,44.04,42.9,42.99,937700.0,42.99
2009-06-04,42.79,43.85,42.69,43.5,866500.0,43.5
2009-06-03,43.08,43.32,42.12,42.28,1058000.0,42.28
2009-06-02,42.66,43.62,42.49,43.29,976000.0,43.29
2009-06-01,42.41,43.58,42.4,42.66,1051800.0,42.66
2009-05-29,41.82,42.08,40.99,42.02,1353100.0,42.02
2009-05-28,41.2,42.06,40.51,41.67,675300.0,41.67
2009-05-27,41.38,41.95,40.54,40.79,748000.0,40.79
2009-05-26,39.8,41.63,39.8,41.55,832500.0,41.55
2009-05-22,40.33,40.5,39.82,39.93,520300.0,39.93
2009-05-21,41.16,41.47,39.77,40.24,588800.0,40.24
2009-05-20,41.83,42.39,41.45,41.56,1645400.0,41.56
2009-05-19,41.8,42.28,41.51,41.59,626500.0,41.59
2009-05-18,41.23,42.0,41.23,42.0,623500.0,42.0
2009-05-15,41.75,41.77,40.58,40.88,1146900.0,40.88
2009-05-14,41.8,41.99,41.24,41.68,791000.0,41.68
2009-05-13,41.09,42.24,40.84,41.72,1246800.0,41.72
2009-05-12,41.94,42.52,41.24,41.58,1272300.0,41.58
2009-05-11,41.14,42.16,41.02,41.87,1229300.0,41.87
2009-05-08,40.83,41.54,40.4,41.51,1729400.0,41.51
2009-05-07,39.29,41.04,39.07,40.61,1396700.0,40.61
2009-05-06,39.31,39.65,38.47,39.33,1005700.0,39.33
2009-05-05,38.61,38.95,38.28,38.87,824500.0,38.87
2009-05-04,37.81,38.56,37.78,38.56,567000.0,38.56
2009-05-01,36.53,37.98,36.28,37.75,871900.0,37.75
2009-04-30,36.99,37.14,36.19,36.56,1311500.0,36.56
2009-04-29,36.24,36.87,36.0,36.27,731400.0,36.27
2009-04-28,34.93,36.22,34.92,35.9,422500.0,35.9
2009-04-27,35.2,36.1,35.16,35.47,787100.0,35.47
2009-04-24,35.07,35.96,34.85,35.66,919300.0,35.66
2009-04-23,34.66,34.83,34.04,34.83,874700.0,34.83
2009-04-22,34.53,35.43,34.28,34.78,686800.0,34.78
2009-04-21,34.08,34.82,33.86,34.76,611700.0,34.76
2009-04-20,35.57,35.57,34.29,34.56,883100.0,34.56
2009-04-17,36.44,36.76,35.78,35.96,1595500.0,35.96
2009-04-16,35.63,36.38,35.36,36.21,749300.0,36.21
2009-04-15,35.17,35.66,35.05,35.54,508800.0,35.54
2009-04-14,36.2,36.33,35.33,35.44,1003700.0,35.44
2009-04-13,37.0,37.25,35.93,36.5,963500.0,36.5
2009-04-09,37.29,37.3,36.39,37.3,1012700.0,37.3
2009-04-08,38.06,38.06,35.84,36.21,1882300.0,36.21
2009-04-07,37.74,38.28,37.2,37.79,874600.0,37.79
2009-04-06,37.16,38.25,36.9,38.11,1193300.0,38.11
2009-04-03,37.45,37.59,36.84,37.55,1023300.0,37.55
2009-04-02,38.59,38.9,37.27,37.38,3550500.0,37.38
2009-04-01,37.49,38.43,37.0,38.32,1443600.0,38.32
2009-03-31,37.2,38.48,36.93,37.85,1467200.0,37.85
2009-03-30,37.47,37.67,36.35,36.71,1034000.0,36.71
2009-03-27,37.41,38.36,37.39,37.97,959100.0,37.97
2009-03-26,37.62,38.07,36.55,38.07,1676000.0,38.07
2009-03-25,37.01,37.88,36.55,37.44,1495400.0,37.44
2009-03-24,36.35,37.2,36.1,36.8,1561300.0,36.8
2009-03-23,36.21,36.67,35.52,36.67,1554000.0,36.67
2009-03-20,35.64,36.35,35.55,35.55,1403300.0,35.55
2009-03-19,36.04,36.34,35.16,35.6,749700.0,35.6
2009-03-18,35.23,36.46,34.95,35.87,1504900.0,35.87
2009-03-17,33.7,35.61,33.58,35.53,1167400.0,35.53
2009-03-16,33.91,34.44,33.78,33.81,861100.0,33.81
2009-03-13,34.49,34.67,32.86,33.8,1465500.0,33.8
2009-03-12,33.21,35.21,33.21,34.92,1811300.0,34.92
2009-03-11,33.99,34.63,33.22,33.56,1966900.0,33.56
2009-03-10,31.91,33.92,31.77,33.92,2287600.0,33.92
2009-03-09,32.0,32.4,31.29,31.46,1572400.0,31.46
2009-03-06,34.14,34.15,31.46,32.26,2349900.0,32.26
2009-03-05,33.37,34.11,33.0,33.58,2963600.0,33.58
2009-03-04,32.39,34.64,32.28,33.98,2333200.0,33.98
2009-03-03,33.8,33.86,31.71,31.89,2915400.0,31.89
2009-03-02,34.7,34.92,33.33,33.41,1829400.0,33.41
2009-02-27,34.05,35.72,33.79,34.97,2678600.0,34.97
2009-02-26,35.84,35.97,34.26,34.62,3880000.0,34.62
2009-02-25,35.16,36.32,34.31,35.7,2332400.0,35.7
2009-02-24,34.08,35.5,33.84,35.43,2370500.0,35.43
2009-02-23,34.68,35.15,33.84,33.92,2140200.0,33.92
2009-02-20,33.18,34.69,32.9,34.66,2412100.0,34.66
2009-02-19,33.71,34.36,33.13,33.36,1672500.0,33.36
2009-02-18,33.26,33.59,32.8,33.56,1420400.0,33.56
2009-02-17,34.62,34.67,32.79,33.05,1446000.0,33.05
2009-02-13,35.84,36.92,35.53,35.6,1918400.0,35.6
2009-02-12,35.15,35.37,34.27,35.37,1680800.0,35.37
2009-02-11,35.37,35.89,35.0,35.55,1491700.0,35.55
2009-02-10,36.33,37.07,35.22,35.33,1335300.0,35.33
2009-02-09,36.8,37.31,36.46,36.55,1087600.0,36.55
2009-02-06,35.63,36.84,35.63,36.84,1370100.0,36.84
2009-02-05,35.59,36.53,35.45,35.62,2386700.0,35.62
2009-02-04,36.53,36.78,35.87,36.01,1224600.0,36.01
2009-02-03,36.43,36.74,35.74,36.58,1090700.0,36.58
2009-02-02,35.34,36.39,35.12,36.29,1546800.0,36.29
2009-01-30,35.93,36.54,35.36,35.72,1952800.0,35.72
2009-01-29,37.12,37.23,35.6,35.8,1717900.0,35.8
2009-01-28,38.45,38.48,36.8,37.25,2734900.0,37.25
2009-01-27,38.08,38.71,37.69,37.9,1591700.0,37.9
2009-01-26,37.05,38.39,36.91,38.01,1415700.0,38.01
2009-01-23,35.65,37.4,35.16,37.16,1870700.0,37.16
2009-01-22,35.63,36.72,35.62,36.22,1887600.0,36.22
2009-01-21,35.42,36.45,34.73,36.4,1358500.0,36.4
2009-01-20,35.4,35.42,34.59,34.6,1174200.0,34.6
2009-01-16,35.27,35.83,34.92,35.56,1164400.0,35.56
2009-01-15,34.36,34.91,33.69,34.57,1835200.0,34.57
2009-01-14,34.88,35.27,33.9,34.53,2204600.0,34.53
2009-01-13,35.27,35.93,34.67,35.61,1024000.0,35.61
2009-01-12,36.47,36.49,34.71,35.22,1518100.0,35.22
2009-01-09,36.82,37.38,36.25,36.38,1476700.0,36.38
2009-01-08,36.6,37.99,36.21,37.99,1302800.0,37.99
2009-01-07,36.3,37.02,35.72,36.6,1803900.0,36.6
2009-01-06,36.68,37.98,36.5,37.25,1896400.0,37.25
2009-01-05,36.95,37.35,36.14,37.07,1784500.0,37.07
2009-01-02,36.58,37.37,35.33,37.31,1408900.0,37.31
2008-12-31,34.47,36.0,34.38,35.96,1088100.0,35.96
2008-12-30,34.3,34.48,33.46,34.42,1177200.0,34.42
2008-12-29,34.1,34.28,32.53,34.18,1347200.0,34.18
2008-12-26,33.67,34.25,33.23,34.06,324100.0,34.06
2008-12-24,32.89,33.9,32.6,33.43,222000.0,33.43
2008-12-23,32.29,33.15,32.22,32.93,694400.0,32.93
2008-12-22,32.02,32.92,31.55,32.27,654600.0,32.27
2008-12-19,31.96,32.82,31.4,31.73,1406900.0,31.73
2008-12-18,31.94,32.99,31.47,31.68,1032900.0,31.68
2008-12-17,30.98,31.74,30.04,31.6,1018500.0,31.6
2008-12-16,28.81,31.34,28.29,31.25,1124800.0,31.25
2008-12-15,29.9,30.33,28.02,28.54,1016600.0,28.54
2008-12-12,30.04,30.86,29.44,29.92,1634600.0,29.92
2008-12-11,32.27,32.85,30.7,30.86,1417300.0,30.86
2008-12-10,31.61,33.23,31.24,32.5,1306200.0,32.5
2008-12-09,30.88,32.99,30.63,31.59,1545500.0,31.59
2008-12-08,32.2,32.28,30.3,31.64,1296100.0,31.64
2008-12-05,30.4,32.46,29.79,31.7,1726800.0,31.7
2008-12-04,32.61,32.96,30.06,30.65,1431100.0,30.65
2008-12-03,30.76,32.82,30.58,32.82,1272500.0,32.82
2008-12-02,29.9,31.75,29.63,31.11,1569500.0,31.11
2008-12-01,31.8,31.93,29.19,29.26,1686100.0,29.26
2008-11-28,32.72,32.79,31.47,32.64,1058400.0,32.64
2008-11-26,30.6,32.94,30.27,32.81,1409400.0,32.81
2008-11-25,29.9,32.01,29.77,31.54,1928900.0,31.54
2008-11-24,25.94,29.89,25.05,29.13,2260800.0,29.13
2008-11-21,25.04,26.02,23.41,25.61,3156500.0,25.61
2008-11-20,27.75,28.41,24.86,25.06,2008200.0,25.06
2008-11-19,31.21,31.53,27.96,27.99,1564200.0,27.99
2008-11-18,31.98,33.16,30.09,31.18,1989200.0,31.18
2008-11-17,29.74,32.23,28.95,31.08,1937600.0,31.08
2008-11-14,31.26,32.17,30.16,30.16,2110900.0,30.16
2008-11-13,29.56,31.65,29.12,31.65,2176000.0,31.65
2008-11-12,29.04,30.2,28.92,29.36,1576700.0,29.36
2008-11-11,30.64,30.74,29.14,29.43,1137800.0,29.43
2008-11-10,32.21,32.45,30.22,30.9,1050300.0,30.9
2008-11-07,30.49,31.89,30.32,31.7,1313700.0,31.7
2008-11-06,32.27,33.1,29.98,30.2,1952600.0,30.2
2008-11-05,34.05,34.25,32.56,32.66,2517400.0,32.66
2008-11-04,33.47,34.54,32.0,34.54,3083600.0,34.54
2008-11-03,30.0,33.15,29.91,32.88,2050800.0,32.88
2008-10-31,27.6,30.36,27.6,30.0,2707900.0,30.0
2008-10-30,30.99,30.99,27.05,27.82,4084500.0,27.82
2008-10-29,32.15,32.86,28.66,29.4,3321200.0,29.4
2008-10-28,30.42,32.05,30.15,31.95,5117400.0,31.95
2008-10-27,31.9,33.5,28.28,30.38,6389700.0,30.38
2008-10-24,29.0,30.75,29.0,29.74,1686400.0,29.74
2008-10-23,31.81,32.36,30.15,31.16,2331500.0,31.16
2008-10-22,33.63,33.63,31.15,31.98,1491100.0,31.98
2008-10-21,34.79,35.33,33.57,33.88,1132400.0,33.88
2008-10-20,32.83,35.1,32.81,34.9,2441900.0,34.9
2008-10-17,32.63,34.42,32.62,33.21,3181700.0,33.21
2008-10-16,34.08,34.54,32.32,33.9,2294200.0,33.9
2008-10-15,35.79,36.19,33.47,33.74,1944100.0,33.74
2008-10-14,36.31,36.78,34.9,36.53,2494600.0,36.53
2008-10-13,30.82,35.35,30.35,35.35,2744200.0,35.35
2008-10-10,32.14,32.38,29.12,29.5,2898500.0,29.5
2008-10-09,35.62,36.09,32.97,33.07,2004900.0,33.07
2008-10-08,36.17,37.34,34.32,35.44,2542400.0,35.44
2008-10-07,39.29,39.49,36.64,36.7,2050000.0,36.7
2008-10-06,40.94,41.53,38.03,38.81,2261800.0,38.81
2008-10-03,41.93,42.75,41.08,41.63,2785600.0,41.63
2008-10-02,40.75,43.27,40.22,41.16,1973100.0,41.16
2008-10-01,40.61,41.0,39.92,40.2,1561000.0,40.2
2008-09-30,42.63,42.72,40.34,40.55,2183800.0,40.55
2008-09-29,42.56,42.86,41.36,41.81,2205800.0,41.81
2008-09-26,42.28,43.17,42.24,42.99,1146000.0,42.99
2008-09-25,42.25,43.61,42.14,42.83,1051300.0,42.83
2008-09-24,41.81,42.32,41.3,42.06,989600.0,42.06
2008-09-23,41.74,42.55,41.36,41.38,991000.0,41.38
2008-09-22,43.58,43.83,41.57,41.73,1283100.0,41.73
2008-09-19,44.9,46.47,43.62,44.0,2928400.0,44.0
2008-09-18,41.5,43.8,40.36,43.8,2851500.0,43.8
2008-09-17,42.38,42.51,40.98,40.98,2386100.0,40.98
2008-09-16,43.47,43.47,41.89,42.88,1520000.0,42.88
2008-09-15,44.03,44.92,43.32,43.4,1135300.0,43.4
2008-09-12,44.85,45.43,44.08,45.13,1172200.0,45.13
2008-09-11,45.07,45.18,44.5,45.02,1249400.0,45.02
2008-09-10,46.46,46.5,45.48,45.78,1124200.0,45.78
2008-09-09,47.2,47.81,45.98,45.98,1552800.0,45.98
2008-09-08,46.13,46.99,45.9,46.99,1391300.0,46.99
2008-09-05,46.59,46.94,45.22,45.29,2116700.0,45.29
2008-09-04,48.5,48.52,47.01,47.35,1611800.0,47.35
2008-09-03,47.36,48.58,47.24,48.46,1558700.0,48.46
2008-09-02,47.21,48.12,46.97,47.14,1571800.0,47.14
2008-08-29,47.53,47.94,46.65,47.16,1321800.0,47.16
2008-08-28,47.29,48.14,47.29,47.64,1581600.0,47.64
2008-08-27,48.34,48.4,47.38,47.47,1400200.0,47.47
2008-08-26,48.08,48.38,47.39,48.16,1029100.0,48.16
2008-08-25,48.37,49.1,47.79,47.84,1552300.0,47.84
2008-08-22,48.22,48.5,47.58,48.5,728700.0,48.5
2008-08-21,47.44,47.91,47.17,47.76,1183200.0,47.76
2008-08-20,48.0,48.24,47.48,47.77,1207200.0,47.77
2008-08-19,48.29,48.29,47.48,47.79,1004200.0,47.79
2008-08-18,48.99,49.19,48.16,48.41,1058300.0,48.41
2008-08-15,47.59,49.46,47.59,49.3,1532800.0,49.3
2008-08-14,46.63,47.98,46.59,47.49,1869100.0,47.49
2008-08-13,47.58,47.58,46.85,47.02,1043700.0,47.02
2008-08-12,47.29,47.72,47.01,47.59,1189600.0,47.59
2008-08-11,46.93,47.64,46.84,47.56,1767700.0,47.56
2008-08-08,46.76,47.86,46.61,47.28,1193300.0,47.28
2008-08-07,46.92,47.41,46.53,46.83,1766200.0,46.83
2008-08-06,46.97,47.66,45.93,47.33,2079400.0,47.33
2008-08-05,45.04,46.36,45.04,46.22,1563600.0,46.22
2008-08-04,45.74,45.74,44.6,44.83,1156800.0,44.83
2008-08-01,46.08,46.08,45.35,45.58,1145600.0,45.58
2008-07-31,45.49,46.45,45.02,45.77,1794800.0,45.77
2008-07-30,43.28,46.21,43.28,45.61,2008000.0,45.61
2008-07-29,45.1,45.15,44.18,44.66,1982800.0,44.66
2008-07-28,45.47,45.94,44.38,44.9,1982400.0,44.9
2008-07-25,46.47,46.79,45.18,45.49,1397200.0,45.49
2008-07-24,47.39,47.6,46.24,46.33,1934800.0,46.33
2008-07-23,47.31,47.93,46.65,47.37,1835600.0,47.37
2008-07-22,46.5,47.02,45.95,47.02,1770200.0,47.02
2008-07-21,45.85,47.08,45.54,46.5,1792200.0,46.5
2008-07-18,43.32,46.11,43.09,45.74,2509000.0,45.74
2008-07-17,43.61,43.61,42.7,43.22,1285100.0,43.22
2008-07-16,42.79,43.65,42.35,43.65,1428500.0,43.65
2008-07-15,43.2,43.62,42.75,42.95,1670800.0,42.95
2008-07-14,44.03,44.03,43.22,43.29,1035100.0,43.29
2008-07-11,43.4,44.09,42.79,43.5,948900.0,43.5
2008-07-10,43.26,43.87,43.03,43.67,1003100.0,43.67
2008-07-09,44.15,44.65,43.13,43.19,1070900.0,43.19
2008-07-08,43.12,44.3,43.1,44.3,1545700.0,44.3
2008-07-07,43.77,44.02,42.47,43.27,2591400.0,43.27
2008-07-03,45.67,45.67,43.66,43.67,1561200.0,43.67
2008-07-02,47.55,47.75,45.32,45.38,2682700.0,45.38
2008-07-01,46.84,47.98,46.59,47.42,2017100.0,47.42
2008-06-30,45.69,47.54,45.64,47.27,3416600.0,47.27
2008-06-27,44.92,45.56,44.33,45.41,2389900.0,45.41
2008-06-26,44.98,45.46,44.39,44.72,1631100.0,44.72
2008-06-25,46.38,46.83,45.39,45.39,2704100.0,45.39
2008-06-24,44.8,46.67,44.8,46.3,3234700.0,46.3
2008-06-23,44.65,45.19,44.47,44.74,1341200.0,44.74
2008-06-20,44.49,44.6,43.88,44.57,2037100.0,44.57
2008-06-19,44.07,45.06,43.96,44.71,1604500.0,44.71
2008-06-18,45.38,45.43,43.75,44.17,2723200.0,44.17
2008-06-17,46.33,46.35,45.42,45.84,1297300.0,45.84
2008-06-16,45.49,46.19,45.35,46.07,1081400.0,46.07
2008-06-13,45.17,45.88,44.99,45.88,1630800.0,45.88
2008-06-12,45.35,45.59,44.4,44.7,3024300.0,44.7
2008-06-11,46.38,46.42,45.22,45.22,1181500.0,45.22
2008-06-10,46.68,46.8,46.4,46.56,1094000.0,46.56
2008-06-09,47.3,47.64,46.74,46.97,1397900.0,46.97
2008-06-06,47.22,47.57,46.86,47.19,1660400.0,47.19
2008-06-05,47.14,47.78,46.75,47.75,1140500.0,47.75
2008-06-04,47.22,48.0,47.09,47.45,1620700.0,47.45
2008-06-03,47.69,48.21,46.92,47.18,2311300.0,47.18
2008-06-02,47.23,47.8,46.89,47.65,1713700.0,47.65
2008-05-30,47.85,48.13,47.32,47.32,997600.0,47.32
2008-05-29,47.33,48.22,47.33,47.9,1673700.0,47.9
2008-05-28,47.28,47.64,46.69,47.51,1140900.0,47.51
2008-05-27,46.49,47.45,46.26,47.25,2529400.0,47.25
2008-05-23,46.05,46.43,45.77,46.35,1256800.0,46.35
2008-05-22,46.05,46.27,45.78,46.1,1824200.0,46.1
2008-05-21,45.42,46.36,45.4,45.86,1653900.0,45.86
2008-05-20,45.45,45.74,45.07,45.3,1195400.0,45.3
2008-05-19,46.02,46.06,45.53,45.8,1083600.0,45.8
2008-05-16,45.98,46.0,45.32,45.74,1742900.0,45.74
2008-05-15,45.69,46.18,45.46,46.05,1433100.0,46.05
2008-05-14,45.12,46.15,44.99,45.75,2035900.0,45.75
2008-05-13,44.1,45.05,44.1,44.99,1799500.0,44.99
2008-05-12,43.49,44.27,43.32,44.19,1554400.0,44.19
2008-05-09,43.25,43.85,43.1,43.59,1395700.0,43.59
2008-05-08,43.9,44.39,43.19,43.31,1649200.0,43.31
2008-05-07,43.22,44.13,43.2,43.81,1760600.0,43.81
2008-05-06,43.8,43.8,43.06,43.45,1783000.0,43.45
2008-05-05,43.69,44.47,43.52,44.03,1800300.0,44.03
2008-05-02,44.48,45.02,43.47,44.06,2717600.0,44.06
2008-05-01,41.79,43.15,41.57,43.08,3714900.0,43.08
2008-04-30,41.24,42.77,39.6,41.57,4784400.0,41.57
2008-04-29,39.64,39.75,39.23,39.66,1302600.0,39.66
2008-04-28,39.71,39.71,39.14,39.45,1811100.0,39.45
2008-04-25,39.13,39.5,38.83,39.42,1783800.0,39.42
2008-04-24,38.7,39.48,38.58,39.02,1683100.0,39.02
2008-04-23,39.19,39.19,38.5,38.9,1604400.0,38.9
2008-04-22,39.62,39.69,38.72,39.0,1490400.0,39.0
2008-04-21,39.85,39.98,38.9,39.59,1953200.0,39.59
2008-04-18,39.06,39.3,38.61,38.96,1526600.0,38.96
2008-04-17,39.23,39.42,38.46,38.76,872600.0,38.76
2008-04-16,38.96,39.29,38.55,39.2,1442700.0,39.2
2008-04-15,38.93,39.22,38.28,38.68,958900.0,38.68
2008-04-14,38.86,39.34,38.76,38.93,937700.0,38.93
2008-04-11,38.7,39.48,38.7,38.95,1071400.0,38.95
2008-04-10,39.51,39.51,38.98,39.09,1090700.0,39.09
2008-04-09,40.0,40.25,39.51,39.64,976700.0,39.64
2008-04-08,40.29,40.63,39.82,40.0,1144300.0,40.0
2008-04-07,41.29,41.3,40.26,40.31,960500.0,40.31
2008-04-04,41.13,41.28,40.55,41.07,1773000.0,41.07
2008-04-03,40.34,41.27,40.13,41.16,1579500.0,41.16
2008-04-02,40.65,41.2,40.17,40.34,1399700.0,40.34
2008-04-01,40.29,40.93,40.09,40.7,1379600.0,40.7
2008-03-31,39.36,40.75,39.36,40.1,2070800.0,40.1
2008-03-28,40.06,40.35,38.86,38.93,1161900.0,38.93
2008-03-27,39.62,40.32,39.46,39.57,1198300.0,39.57
2008-03-26,40.45,40.45,38.8,39.6,1395700.0,39.6
2008-03-25,41.76,41.79,40.03,40.58,2232300.0,40.58
2008-03-24,39.85,41.9,39.42,41.77,1961000.0,41.77
2008-03-20,39.51,39.75,38.62,39.61,2273900.0,39.61
2008-03-19,40.47,40.65,39.22,39.22,1994000.0,39.22
2008-03-18,40.25,40.35,39.17,40.35,1725000.0,40.35
2008-03-17,38.49,40.09,38.49,39.59,1755300.0,39.59
2008-03-14,40.26,40.27,38.89,39.49,1507300.0,39.49
2008-03-13,38.77,40.48,38.77,40.15,1283200.0,40.15
2008-03-12,40.64,40.74,39.37,39.45,1210500.0,39.45
2008-03-11,40.54,40.6,39.14,40.6,1559600.0,40.6
2008-03-10,40.48,40.67,39.48,39.73,1342900.0,39.73
2008-03-07,40.13,40.5,39.7,40.36,2195800.0,40.36
2008-03-06,41.18,41.27,40.45,40.56,2847200.0,40.56
2008-03-05,43.05,43.05,41.57,42.11,3939200.0,42.11
2008-03-04,41.87,42.54,41.11,42.3,1677100.0,42.3
2008-03-03,41.81,42.26,41.62,41.94,1446600.0,41.94
2008-02-29,42.5,42.76,41.75,41.94,1275100.0,41.94
2008-02-28,42.71,43.72,42.7,43.04,1382400.0,43.04
2008-02-27,43.39,43.75,42.8,42.91,2324800.0,42.91
2008-02-26,44.05,44.2,42.95,43.58,1465100.0,43.58
2008-02-25,43.91,44.37,43.15,44.26,1964900.0,44.26
2008-02-22,44.02,44.09,42.57,43.37,1723700.0,43.37
2008-02-21,45.07,45.16,43.62,43.75,1879400.0,43.75
2008-02-20,45.26,45.61,44.12,45.04,2249500.0,45.04
2008-02-19,48.08,48.08,45.28,45.53,1906400.0,45.53
2008-02-15,47.35,47.68,46.39,47.63,1176700.0,47.63
2008-02-14,48.21,48.81,47.04,47.36,1059700.0,47.36
2008-02-13,46.86,48.79,46.79,48.29,1669100.0,48.29
2008-02-12,46.44,47.0,45.96,46.26,772000.0,46.26
2008-02-11,46.93,46.96,45.78,46.25,981100.0,46.25
2008-02-08,43.75,47.06,43.75,46.77,1953200.0,46.77
2008-02-07,44.0,44.61,43.57,44.31,1169500.0,44.31
2008-02-06,44.97,45.56,44.24,44.35,1075900.0,44.35
2008-02-05,45.79,45.92,44.66,44.76,837400.0,44.76
2008-02-04,46.13,46.77,45.77,46.61,805400.0,46.61
2008-02-01,45.27,46.19,45.07,46.13,781300.0,46.13
2008-01-31,44.04,45.85,44.02,45.32,1200300.0,45.32
2008-01-30,45.28,46.07,44.38,44.72,1514200.0,44.72
2008-01-29,44.52,45.27,44.41,45.15,1109400.0,45.15
2008-01-28,43.76,44.45,43.02,44.39,2110900.0,44.39
2008-01-25,43.81,44.31,43.26,43.43,1377200.0,43.43
2008-01-24,44.0,44.29,42.55,43.7,1826200.0,43.7
2008-01-23,42.31,43.76,41.38,43.68,3523600.0,43.68
2008-01-22,42.17,44.01,42.13,43.4,2700800.0,43.4
2008-01-18,45.33,46.53,43.09,44.23,2159500.0,44.23
2008-01-17,46.65,46.7,44.84,45.11,1533700.0,45.11
2008-01-16,45.67,47.49,45.53,46.47,1319700.0,46.47
2008-01-15,45.95,46.76,45.48,45.79,1420000.0,45.79
2008-01-14,47.73,47.73,46.26,46.43,1423200.0,46.43
2008-01-11,48.85,49.05,47.01,47.25,1498200.0,47.25
2008-01-10,46.11,49.46,46.11,49.18,1963200.0,49.18
2008-01-09,47.1,47.1,44.96,46.54,2679500.0,46.54
2008-01-08,49.5,50.05,46.93,47.05,2004100.0,47.05
2008-01-07,48.43,49.57,48.26,49.31,1302700.0,49.31
2008-01-04,48.49,48.55,47.75,47.78,1177500.0,47.78
2008-01-03,48.8,49.12,48.28,48.63,937700.0,48.63
2008-01-02,49.37,49.57,48.29,48.75,904700.0,48.75
2007-12-31,48.82,49.8,48.82,49.53,666700.0,49.53
2007-12-28,49.52,49.53,48.8,49.12,483000.0,49.12
2007-12-27,49.83,49.85,48.64,48.94,590700.0,48.94
2007-12-26,49.67,50.16,49.57,49.83,567500.0,49.83
2007-12-24,49.3,50.19,49.23,50.1,312200.0,50.1
2007-12-21,49.11,49.2,48.36,49.14,1959300.0,49.14
2007-12-20,48.5,48.84,48.14,48.63,1444400.0,48.63
2007-12-19,48.54,48.54,47.92,48.17,1372100.0,48.17
2007-12-18,47.9,48.67,46.94,48.19,2220800.0,48.19
2007-12-17,49.26,49.71,47.54,47.66,1691800.0,47.66
2007-12-14,50.21,50.78,49.16,49.37,1683300.0,49.37
2007-12-13,50.67,51.0,50.4,50.66,1788200.0,50.66
2007-12-12,51.56,51.56,50.38,51.02,2925700.0,51.02
2007-12-11,51.27,52.25,50.17,50.34,2221100.0,50.34
2007-12-10,49.47,50.84,49.47,50.33,1012700.0,50.33
2007-12-07,49.52,49.52,48.41,49.23,974200.0,49.23
2007-12-06,49.67,49.67,48.39,49.53,971900.0,49.53
2007-12-05,49.26,49.87,49.15,49.87,1290200.0,49.87
2007-12-04,50.15,50.18,48.38,48.91,1962400.0,48.91
2007-12-03,50.72,50.9,49.96,50.55,667600.0,50.55
2007-11-30,51.19,51.19,50.03,50.95,1107700.0,50.95
2007-11-29,49.72,50.62,49.37,50.48,958300.0,50.48
2007-11-28,49.0,50.11,48.47,49.98,1143900.0,49.98
2007-11-27,49.37,49.63,47.6,48.54,1873300.0,48.54
2007-11-26,50.57,51.2,49.42,49.46,1121900.0,49.46
2007-11-23,50.33,50.67,49.55,50.67,359700.0,50.67
2007-11-21,49.64,50.42,48.99,50.1,1263800.0,50.1
2007-11-20,49.32,51.78,49.21,50.15,2199300.0,50.15
2007-11-19,51.05,51.05,49.09,49.31,1134400.0,49.31
2007-11-16,50.58,51.35,50.49,51.27,1250700.0,51.27
2007-11-15,51.25,51.26,49.8,50.34,2367500.0,50.34
2007-11-14,50.69,53.19,50.69,51.45,1824300.0,51.45
2007-11-13,50.23,50.57,49.43,50.48,1152300.0,50.48
2007-11-12,49.72,50.65,49.23,49.46,1541500.0,49.46
2007-11-09,50.42,50.76,49.82,49.95,1862400.0,49.95
2007-11-08,52.11,52.71,50.48,50.99,1856900.0,50.99
2007-11-07,53.15,53.77,52.07,52.07,897500.0,52.07
2007-11-06,53.43,54.45,53.43,54.07,1126000.0,54.07
2007-11-05,52.69,53.94,52.45,53.47,1771000.0,53.47
2007-11-02,51.76,54.9,51.16,53.58,2072400.0,53.58
2007-11-01,52.38,53.2,51.39,51.63,1468600.0,51.63
2007-10-31,53.55,53.83,52.48,52.92,1676600.0,52.92
2007-10-30,54.58,55.02,53.4,53.44,1459300.0,53.44
2007-10-29,55.39,55.45,54.55,54.64,965300.0,54.64
2007-10-26,56.1,56.26,54.78,55.16,1004800.0,55.16
2007-10-25,56.56,56.7,55.34,55.98,765700.0,55.98
2007-10-24,56.11,56.34,54.5,56.25,1425700.0,56.25
2007-10-23,56.35,57.17,55.9,56.5,774100.0,56.5
2007-10-22,56.34,56.57,55.47,56.23,1445000.0,56.23
2007-10-19,57.0,57.33,56.43,56.6,1127100.0,56.6
2007-10-18,57.13,57.45,56.37,57.03,960400.0,57.03
2007-10-17,57.92,58.06,56.46,57.34,803300.0,57.34
2007-10-16,57.27,57.61,56.73,57.17,784500.0,57.17
2007-10-15,57.58,58.19,56.84,57.29,1169600.0,57.29
2007-10-12,56.73,57.49,56.57,57.32,764500.0,57.32
2007-10-11,57.41,57.71,56.38,56.87,744000.0,56.87
2007-10-10,57.08,57.24,56.61,56.88,975800.0,56.88
2007-10-09,57.43,57.65,56.32,57.13,795000.0,57.13
2007-10-08,56.79,58.41,56.79,57.36,1030900.0,57.36
2007-10-05,57.25,57.42,56.17,56.97,896500.0,56.97
2007-10-04,56.05,57.3,55.68,57.04,1223000.0,57.04
2007-10-03,55.74,56.11,55.29,56.09,1695600.0,56.09
2007-10-02,55.7,56.0,54.79,55.83,1628500.0,55.83
2007-10-01,56.2,56.73,54.43,55.5,2671400.0,55.5
2007-09-28,57.34,57.39,54.87,55.6,3765100.0,55.6
2007-09-27,57.9,58.3,55.88,57.06,3734500.0,57.06
2007-09-26,60.53,60.62,59.04,59.77,999600.0,59.77
2007-09-25,60.55,60.67,59.02,60.1,1396500.0,60.1
2007-09-24,60.68,61.84,60.29,60.78,679900.0,60.78
2007-09-21,61.4,61.91,60.65,60.94,1131900.0,60.94
2007-09-20,61.34,61.54,60.39,60.67,824600.0,60.67
2007-09-19,61.67,62.05,61.22,61.3,724700.0,61.3
2007-09-18,58.39,61.12,58.39,61.11,988800.0,61.11
2007-09-17,58.43,58.69,58.04,58.19,785100.0,58.19
2007-09-14,58.27,59.37,58.25,58.56,613600.0,58.56
2007-09-13,59.62,59.62,58.35,58.52,986700.0,58.52
2007-09-12,58.8,59.86,58.71,59.46,1141100.0,59.46
2007-09-11,59.35,59.55,58.47,59.0,952500.0,59.0
2007-09-10,60.06,60.34,58.72,58.82,682800.0,58.82
2007-09-07,59.78,60.39,59.37,59.86,790600.0,59.86
2007-09-06,60.9,60.9,59.37,60.31,808300.0,60.31
2007-09-05,62.1,62.11,60.07,60.85,1107700.0,60.85
2007-09-04,62.5,63.23,62.34,62.89,1323700.0,62.89
2007-08-31,61.95,62.82,61.75,62.42,1280200.0,62.42
2007-08-30,60.9,61.83,60.73,61.4,1143600.0,61.4
2007-08-29,59.23,61.25,58.88,61.25,1169600.0,61.25
2007-08-28,61.01,61.4,58.89,58.93,1348100.0,58.93
2007-08-27,60.93,61.62,60.55,61.11,721500.0,61.11
2007-08-24,60.07,61.09,59.84,61.08,785400.0,61.08
2007-08-23,60.1,60.36,59.71,60.2,1204600.0,60.2
2007-08-22,59.62,60.68,59.13,59.85,1095000.0,59.85
2007-08-21,59.6,60.47,58.91,59.72,1040400.0,59.72
2007-08-20,60.53,61.52,59.36,60.1,1320200.0,60.1
2007-08-17,60.94,61.47,59.16,60.74,1282000.0,60.74
2007-08-16,57.0,59.88,55.83,59.64,1859800.0,59.64
2007-08-15,58.83,59.89,57.94,58.03,1259400.0,58.03
2007-08-14,60.73,61.0,58.94,59.03,1429000.0,59.03
2007-08-13,59.15,61.52,59.15,60.5,1493400.0,60.5
2007-08-10,57.3,59.14,55.91,59.03,2614500.0,59.03
2007-08-09,60.26,60.26,55.23,57.25,3529000.0,57.25
2007-08-08,59.93,60.19,56.1,60.12,2844800.0,60.12
2007-08-07,58.89,61.54,57.77,59.9,2426300.0,59.9
2007-08-06,59.36,59.83,57.0,58.04,1821700.0,58.04
2007-08-03,62.06,62.49,58.99,59.12,1414700.0,59.12
2007-08-02,63.4,63.54,61.87,62.0,1320700.0,62.0
2007-08-01,62.04,63.74,61.23,63.54,1945500.0,63.54
2007-07-31,62.8,63.88,61.79,61.79,1366200.0,61.79
2007-07-30,61.66,62.58,61.4,62.57,2063000.0,62.57
2007-07-27,61.5,63.2,60.82,60.95,2627900.0,60.95
2007-07-26,61.0,61.51,58.99,59.54,1615400.0,59.54
2007-07-25,62.15,62.63,61.45,61.92,1143800.0,61.92
2007-07-24,62.69,62.95,61.66,61.75,961600.0,61.75
2007-07-23,62.71,63.45,62.5,63.13,675800.0,63.13
2007-07-20,63.52,63.75,62.41,62.59,814000.0,62.59
2007-07-19,63.75,64.1,63.48,63.55,665100.0,63.55
2007-07-18,63.93,63.93,62.91,63.37,868500.0,63.37
2007-07-17,64.2,64.31,63.99,64.0,862500.0,64.0
2007-07-16,64.3,64.54,63.89,63.98,875300.0,63.98
2007-07-13,62.81,64.11,62.74,63.89,645700.0,63.89
2007-07-12,62.1,62.93,61.89,62.91,701600.0,62.91
2007-07-11,61.4,62.13,61.32,61.89,852500.0,61.89
2007-07-10,63.3,63.48,61.55,61.62,946500.0,61.62
2007-07-09,63.86,63.96,62.8,63.32,701500.0,63.32
2007-07-06,64.0,64.02,63.61,63.9,500300.0,63.9
2007-07-05,63.99,64.11,63.84,64.0,690700.0,64.0
2007-07-03,64.2,64.36,63.76,63.97,322200.0,63.97
2007-07-02,63.7,64.2,63.69,64.08,732300.0,64.08
2007-06-29,63.08,64.39,62.89,63.37,1047100.0,63.37
2007-06-28,62.48,64.05,62.34,63.91,1346700.0,63.91
2007-06-27,62.08,62.97,62.07,62.78,908600.0,62.78
2007-06-26,63.3,63.82,62.26,62.34,1036000.0,62.34
2007-06-25,63.61,64.16,62.75,62.97,1344400.0,62.97
2007-06-22,63.71,63.87,63.03,63.31,1117100.0,63.31
2007-06-21,63.17,64.22,62.98,63.96,1021700.0,63.96
2007-06-20,63.96,64.15,63.39,63.41,828700.0,63.41
2007-06-19,63.68,64.01,63.25,63.77,628500.0,63.77
2007-06-18,63.47,64.04,63.25,63.68,692000.0,63.68
2007-06-15,63.67,63.84,63.09,63.31,1036200.0,63.31
2007-06-14,63.65,63.98,63.13,63.26,1854200.0,63.26
2007-06-13,61.81,62.14,61.53,62.07,938700.0,62.07
2007-06-12,62.21,62.4,61.25,61.56,930300.0,61.56
2007-06-11,61.8,62.65,61.73,62.34,682400.0,62.34
2007-06-08,61.33,61.91,61.23,61.89,1028500.0,61.89
2007-06-07,62.94,63.29,61.25,61.33,1217400.0,61.33
2007-06-06,63.14,63.56,62.83,62.87,949000.0,62.87
2007-06-05,63.7,63.98,63.08,63.57,1421500.0,63.57
2007-06-04,63.9,64.29,63.75,63.82,965800.0,63.82
2007-06-01,64.2,64.52,63.85,63.95,975000.0,63.95
2007-05-31,64.64,65.04,64.04,64.26,1376800.0,64.26
2007-05-30,64.17,65.12,64.11,64.97,1655900.0,64.97
2007-05-29,64.03,65.04,64.03,64.63,1740200.0,64.63
2007-05-25,63.49,64.56,63.38,64.03,722800.0,64.03
2007-05-24,63.85,64.3,63.38,63.4,931900.0,63.4
2007-05-23,64.77,64.99,63.99,63.99,1279300.0,63.99
2007-05-22,65.0,65.22,64.85,64.9,689600.0,64.9
2007-05-21,65.02,65.5,64.69,64.84,914800.0,64.84
2007-05-18,65.06,65.2,64.66,65.02,991400.0,65.02
2007-05-17,64.39,65.2,64.29,65.06,1120800.0,65.06
2007-05-16,64.0,64.59,63.82,64.39,461600.0,64.39
2007-05-15,64.22,64.73,63.97,64.36,1248700.0,64.36
2007-05-14,63.52,64.43,63.4,64.25,756500.0,64.25
2007-05-11,63.7,63.86,63.32,63.68,735000.0,63.68
2007-05-10,63.85,64.11,63.36,63.61,929100.0,63.61
2007-05-09,63.47,64.32,63.26,63.92,881300.0,63.92
2007-05-08,63.0,63.94,62.68,63.81,1307300.0,63.81
2007-05-07,62.75,62.97,62.32,62.9,1016000.0,62.9
2007-05-04,61.11,63.08,60.98,62.84,1509100.0,62.84
2007-05-03,59.79,61.41,59.64,61.11,736200.0,61.11
2007-05-02,59.94,60.24,59.72,60.14,895500.0,60.14
2007-05-01,60.02,60.17,59.43,60.07,874100.0,60.07
2007-04-30,60.73,60.73,59.96,60.04,1075500.0,60.04
2007-04-27,59.25,61.28,59.09,60.98,1782900.0,60.98
2007-04-26,58.0,61.77,58.0,59.96,2561900.0,59.96
2007-04-25,57.41,57.71,57.24,57.55,787600.0,57.55
2007-04-24,57.98,58.07,57.14,57.28,996900.0,57.28
2007-04-23,58.58,58.76,57.76,57.76,682000.0,57.76
2007-04-20,58.87,58.91,58.23,58.49,925700.0,58.49
2007-04-19,57.5,58.59,57.12,58.06,1197500.0,58.06
2007-04-18,57.34,57.62,56.9,57.55,816100.0,57.55
2007-04-17,57.39,57.66,57.1,57.4,749300.0,57.4
2007-04-16,57.17,57.44,57.0,57.39,1153100.0,57.39
2007-04-13,56.56,57.17,56.5,57.06,762300.0,57.06
2007-04-12,56.03,56.6,55.84,56.6,577800.0,56.6
2007-04-11,55.97,56.2,55.47,55.96,1432200.0,55.96
2007-04-10,56.04,56.21,55.88,55.91,963400.0,55.91
2007-04-09,56.53,56.66,56.0,56.01,728600.0,56.01
2007-04-05,56.56,56.6,56.09,56.5,471600.0,56.5
2007-04-04,56.92,56.97,56.11,56.53,1306400.0,56.53
2007-04-03,56.5,56.83,56.34,56.83,1277400.0,56.83
2007-04-02,56.32,56.49,56.0,56.26,921200.0,56.26
2007-03-30,56.17,56.68,55.67,56.35,1148900.0,56.35
2007-03-29,56.06,56.97,55.73,56.17,1209000.0,56.17
2007-03-28,55.48,56.09,55.26,55.77,1219000.0,55.77
2007-03-27,55.45,55.65,55.22,55.48,1345500.0,55.48
2007-03-26,54.92,55.82,54.2,55.43,1600300.0,55.43
2007-03-23,55.05,55.37,54.82,55.11,569800.0,55.11
2007-03-22,55.05,55.32,54.68,55.1,796400.0,55.1
2007-03-21,54.47,55.45,54.02,55.22,1011900.0,55.22
2007-03-20,53.85,54.71,53.41,54.54,717600.0,54.54
2007-03-19,53.86,54.42,53.41,53.75,1409800.0,53.75
2007-03-16,53.88,53.92,53.55,53.76,753700.0,53.76
2007-03-15,53.72,54.31,53.55,53.79,590200.0,53.79
2007-03-14,53.9,54.25,52.69,53.67,1206600.0,53.67
2007-03-13,54.02,54.75,53.75,53.76,950600.0,53.76
2007-03-12,54.56,54.57,53.56,54.03,556000.0,54.03
2007-03-09,54.09,55.2,53.85,54.61,1056700.0,54.61
2007-03-08,52.49,53.98,52.43,53.84,1007100.0,53.84
2007-03-07,52.33,52.62,51.73,52.09,770200.0,52.09
2007-03-06,51.47,52.51,50.95,52.35,2102600.0,52.35
2007-03-05,53.39,53.39,51.0,51.36,1824900.0,51.36
2007-03-02,54.89,55.06,53.34,53.39,1564400.0,53.39
2007-03-01,55.1,55.45,54.51,54.88,1771300.0,54.88
2007-02-28,55.5,55.98,55.16,55.35,2012200.0,55.35
2007-02-27,57.32,57.33,55.57,55.57,1165300.0,55.57
2007-02-26,56.6,57.56,56.6,57.31,1181400.0,57.31
2007-02-23,56.44,57.15,56.38,56.98,1109000.0,56.98
2007-02-22,55.98,56.43,55.81,56.43,970900.0,56.43
2007-02-21,55.59,56.15,55.43,55.95,1166200.0,55.95
2007-02-20,55.5,56.0,55.19,55.59,985300.0,55.59
2007-02-16,54.38,56.49,54.17,56.3,1307500.0,56.3
2007-02-15,54.48,54.86,54.23,54.41,1251900.0,54.41
2007-02-14,54.4,54.78,54.27,54.42,913200.0,54.42
2007-02-13,54.0,54.63,54.0,54.22,1023800.0,54.22
2007-02-12,53.93,54.04,51.94,54.0,1892100.0,54.0
2007-02-09,54.95,56.31,54.51,54.97,1945900.0,54.97
2007-02-08,56.67,57.05,55.9,56.88,993900.0,56.88
2007-02-07,55.95,56.73,55.71,56.44,1007800.0,56.44
2007-02-06,55.2,56.01,54.75,55.99,1816400.0,55.99
2007-02-05,54.89,55.35,54.88,55.2,563100.0,55.2
2007-02-02,55.44,55.61,55.05,55.14,700300.0,55.14
2007-02-01,55.5,55.51,54.69,55.26,876400.0,55.26
2007-01-31,55.6,55.81,55.24,55.51,693800.0,55.51
2007-01-30,55.76,56.11,55.48,55.65,626300.0,55.65
2007-01-29,55.72,56.21,55.18,55.75,899900.0,55.75
2007-01-26,55.65,57.0,55.35,56.72,1186600.0,56.72
2007-01-25,56.0,56.05,55.17,55.59,984800.0,55.59
2007-01-24,55.85,56.35,55.83,55.99,699300.0,55.99
2007-01-23,55.97,56.67,55.62,55.82,588600.0,55.82
2007-01-22,56.05,56.12,55.36,56.05,847100.0,56.05
2007-01-19,55.55,56.46,55.47,56.12,1325900.0,56.12
2007-01-18,54.75,55.8,54.75,55.45,1338500.0,55.45
2007-01-17,53.75,54.75,53.38,54.5,1549500.0,54.5
2007-01-16,52.7,54.6,52.7,54.36,2244600.0,54.36
2007-01-12,52.95,52.99,52.37,52.71,838200.0,52.71
2007-01-11,51.75,53.14,51.71,52.8,681000.0,52.8
2007-01-10,52.05,52.23,51.62,51.95,611500.0,51.95
2007-01-09,52.3,52.42,51.78,52.07,664200.0,52.07
2007-01-08,52.44,52.61,52.02,52.21,729400.0,52.21
2007-01-05,52.77,52.83,52.13,52.3,707400.0,52.3
2007-01-04,52.8,52.95,52.07,52.74,619500.0,52.74
2007-01-03,52.8,53.09,52.5,52.86,1142400.0,52.86
2006-12-29,52.58,53.32,52.53,52.56,419200.0,52.56
2006-12-28,52.49,52.87,52.43,52.61,239600.0,52.61
2006-12-27,52.99,53.0,52.73,52.9,343800.0,52.9
2006-12-26,52.1,52.96,51.99,52.94,522600.0,52.94
2006-12-22,52.29,52.33,51.56,52.1,722000.0,52.1
2006-12-21,51.5,52.21,51.5,52.19,691200.0,52.19
2006-12-20,51.0,51.69,50.98,51.47,884500.0,51.47
2006-12-19,51.2,51.5,51.09,51.22,1055100.0,51.22
2006-12-18,51.7,51.7,50.86,51.33,1716400.0,51.33
2006-12-15,51.02,52.82,51.0,51.84,2025100.0,51.84
2006-12-14,50.0,51.05,49.9,50.82,753000.0,50.82
2006-12-13,50.85,50.9,49.97,50.04,565700.0,50.04
2006-12-12,50.8,51.24,50.37,50.79,771800.0,50.79
2006-12-11,51.07,51.32,50.87,50.91,694000.0,50.91
2006-12-08,51.13,51.64,50.62,51.1,679600.0,51.1
2006-12-07,50.7,51.44,50.7,51.09,749300.0,51.09
2006-12-06,50.9,50.93,49.9,50.68,512900.0,50.68
2006-12-05,51.77,51.8,51.0,51.33,682900.0,51.33
2006-12-04,51.16,52.05,51.13,51.82,475400.0,51.82
2006-12-01,51.58,51.58,50.76,51.03,683600.0,51.03
2006-11-30,51.05,51.67,50.82,51.45,1212700.0,51.45
2006-11-29,50.4,51.79,50.4,51.32,886400.0,51.32
2006-11-28,50.36,50.97,50.18,50.39,767500.0,50.39
2006-11-27,50.71,50.74,50.05,50.35,1478700.0,50.35
2006-11-24,50.95,50.95,50.52,50.59,495200.0,50.59
2006-11-22,50.75,51.19,50.73,51.15,838200.0,51.15
2006-11-21,50.78,51.89,50.64,50.87,1633800.0,50.87
2006-11-20,50.75,51.08,50.36,50.91,1304500.0,50.91
2006-11-17,50.65,51.17,50.65,51.11,1099100.0,51.11
2006-11-16,50.36,50.98,50.26,50.92,1108500.0,50.92
2006-11-15,49.7,50.7,49.64,50.41,898000.0,50.41
2006-11-14,48.98,49.68,48.74,49.62,846700.0,49.62
2006-11-13,48.7,49.2,48.6,49.05,600300.0,49.05
2006-11-10,49.04,49.3,48.32,48.93,541700.0,48.93
2006-11-09,48.47,49.24,48.47,48.93,791100.0,48.93
2006-11-08,48.75,48.89,47.96,48.43,962400.0,48.43
2006-11-07,47.95,49.35,47.7,48.95,1466600.0,48.95
2006-11-06,47.9,48.25,47.28,47.85,1677600.0,47.85
2006-11-03,48.67,48.73,48.27,48.4,608700.0,48.4
2006-11-02,48.71,49.3,48.55,48.67,1040900.0,48.67
2006-11-01,48.15,49.08,48.15,48.7,815000.0,48.7
2006-10-31,48.72,48.8,48.09,48.35,747100.0,48.35
2006-10-30,48.8,49.49,48.44,48.73,487600.0,48.73
2006-10-27,49.05,49.25,48.82,48.99,1168700.0,48.99
2006-10-26,51.13,51.13,48.24,49.05,3920200.0,49.05
2006-10-25,51.25,51.5,50.78,51.13,761100.0,51.13
2006-10-24,51.92,51.92,50.5,50.81,834900.0,50.81
2006-10-23,51.4,52.49,51.27,51.87,1821100.0,51.87
2006-10-20,50.27,51.84,50.27,51.53,1788400.0,51.53
2006-10-19,48.88,50.5,48.83,50.27,1376500.0,50.27
2006-10-18,49.15,49.39,48.99,49.11,745500.0,49.11
2006-10-17,48.9,49.14,48.49,49.05,770500.0,49.05
2006-10-16,49.19,49.2,48.9,48.91,470600.0,48.91
2006-10-13,48.9,49.31,48.8,49.08,612600.0,49.08
2006-10-12,48.23,49.12,48.17,49.1,971100.0,49.1
2006-10-11,47.85,48.41,47.84,48.23,865100.0,48.23
2006-10-10,47.66,48.23,47.66,48.15,1269200.0,48.15
2006-10-09,47.4,47.73,47.4,47.66,591700.0,47.66
2006-10-06,47.51,47.63,47.0,47.6,580900.0,47.6
2006-10-05,47.95,48.1,47.24,47.54,914400.0,47.54
2006-10-04,47.35,48.06,46.55,48.03,1098500.0,48.03
2006-10-03,48.12,48.25,47.84,48.1,418500.0,48.1
2006-10-02,48.75,48.8,47.75,48.04,710000.0,48.04
2006-09-29,48.41,48.56,48.0,48.37,855500.0,48.37
2006-09-28,48.5,48.54,48.01,48.47,829400.0,48.47
2006-09-27,48.51,49.08,48.35,48.5,1985000.0,48.5
2006-09-26,47.9,48.35,47.49,48.35,758800.0,48.35
2006-09-25,47.4,48.53,47.03,48.14,1057700.0,48.14
2006-09-22,47.27,47.82,46.86,47.3,1820300.0,47.3
2006-09-21,48.64,48.64,47.49,47.7,1010800.0,47.7
2006-09-20,48.5,48.97,48.09,48.67,1385300.0,48.67
2006-09-19,49.25,49.81,48.56,48.66,1008400.0,48.66
2006-09-18,49.93,50.39,48.7,49.14,835100.0,49.14
2006-09-15,49.44,50.0,49.41,49.94,964200.0,49.94
2006-09-14,48.46,49.02,48.46,48.97,720600.0,48.97
2006-09-13,48.91,49.25,48.44,48.89,1063700.0,48.89
2006-09-12,47.36,49.06,47.36,48.91,1991800.0,48.91
2006-09-11,47.52,47.9,47.06,47.46,1034600.0,47.46
2006-09-08,46.98,47.8,46.83,47.66,1652200.0,47.66
2006-09-07,46.7,46.75,46.02,46.52,835000.0,46.52
2006-09-06,46.54,46.81,46.25,46.5,1139600.0,46.5
2006-09-05,47.0,47.01,46.64,46.83,833000.0,46.83
2006-09-01,47.24,47.36,46.52,46.89,518800.0,46.89
2006-08-31,46.75,47.16,46.7,47.15,791800.0,47.15
2006-08-30,46.94,47.0,46.56,46.99,863000.0,46.99
2006-08-29,46.16,47.0,46.16,46.88,984500.0,46.88
2006-08-28,45.48,46.16,45.47,46.12,960900.0,46.12
2006-08-25,45.2,45.8,45.18,45.38,971400.0,45.38
2006-08-24,45.0,45.15,44.84,45.04,687300.0,45.04
2006-08-23,44.68,45.35,44.68,45.0,981800.0,45.0
2006-08-22,45.4,45.75,44.81,44.85,835300.0,44.85
2006-08-21,44.4,45.22,44.4,45.19,2345600.0,45.19
2006-08-18,44.87,44.95,44.66,44.75,741100.0,44.75
2006-08-17,44.61,44.97,44.5,44.76,1125300.0,44.76
2006-08-16,44.05,45.03,44.0,44.71,1091700.0,44.71
2006-08-15,44.61,44.69,44.18,44.29,1699300.0,44.29
2006-08-14,44.1,44.54,43.78,44.23,1581900.0,44.23
2006-08-11,45.11,45.49,44.21,44.3,1015500.0,44.3
2006-08-10,45.4,45.67,44.97,45.09,1372900.0,45.09
2006-08-09,46.71,46.83,45.18,45.25,1076900.0,45.25
2006-08-08,46.85,46.95,46.18,46.66,1197900.0,46.66
2006-08-07,46.41,47.1,45.94,46.12,1688700.0,46.12
2006-08-04,47.24,47.53,45.95,46.12,1639300.0,46.12
2006-08-03,47.37,47.7,46.91,47.1,1725200.0,47.1
2006-08-02,45.4,47.29,45.36,47.28,1333900.0,47.28
2006-08-01,45.25,46.21,45.04,46.17,1484700.0,46.17
2006-07-31,44.34,45.42,44.25,45.25,1767500.0,45.25
2006-07-28,45.29,46.06,44.06,44.34,1938600.0,44.34
2006-07-27,43.85,45.25,43.85,44.38,2399100.0,44.38
2006-07-26,42.5,43.86,41.64,43.37,1838900.0,43.37
2006-07-25,40.95,42.0,40.9,41.92,1171900.0,41.92
2006-07-24,41.1,41.37,40.36,41.14,1377700.0,41.14
2006-07-21,40.92,41.45,40.53,41.19,1469800.0,41.19
2006-07-20,41.6,41.61,40.85,40.95,881900.0,40.95
2006-07-19,42.05,42.47,41.16,41.72,1581200.0,41.72
2006-07-18,41.95,42.0,41.6,41.77,1852200.0,41.77
2006-07-17,40.9,41.95,40.84,41.64,1217300.0,41.64
2006-07-14,40.0,41.1,40.0,40.93,1224000.0,40.93
2006-07-13,39.55,40.39,39.5,40.0,986700.0,40.0
2006-07-12,39.91,39.95,39.54,39.77,997900.0,39.77
2006-07-11,40.15,40.5,39.63,40.05,1057500.0,40.05
2006-07-10,40.85,40.85,39.76,39.94,1019500.0,39.94
2006-07-07,40.31,40.96,40.31,40.6,690000.0,40.6
2006-07-06,41.04,41.4,40.8,40.81,569700.0,40.81
2006-07-05,41.48,41.64,40.7,40.99,735500.0,40.99
2006-07-03,41.5,41.81,41.35,41.65,355000.0,41.65
2006-06-30,40.6,41.15,40.46,40.99,2283100.0,40.99
2006-06-29,40.5,41.22,40.38,41.11,998900.0,41.11
2006-06-28,40.3,41.09,40.04,40.45,1024600.0,40.45
2006-06-27,40.41,40.54,40.15,40.45,1231700.0,40.45
2006-06-26,39.72,40.61,39.53,40.5,1301500.0,40.5
2006-06-23,39.33,39.88,38.97,39.75,2890400.0,39.75
2006-06-22,40.1,40.11,39.31,39.33,1472500.0,39.33
2006-06-21,40.3,40.89,40.2,40.24,1673900.0,40.24
2006-06-20,40.85,41.31,40.65,40.76,1429800.0,40.76
2006-06-19,40.05,40.89,39.94,40.85,1250600.0,40.85
2006-06-16,39.7,39.85,38.81,39.62,1768400.0,39.62
2006-06-15,39.9,40.2,39.73,39.88,1703200.0,39.88
2006-06-14,39.68,40.0,39.45,39.77,1822700.0,39.77
2006-06-13,39.9,40.15,39.69,39.94,2456200.0,39.94
2006-06-12,39.95,40.4,39.53,39.54,1293700.0,39.54
2006-06-09,39.6,39.6,39.0,39.46,2391700.0,39.46
2006-06-08,39.97,40.19,39.48,39.62,2226200.0,39.62
2006-06-07,40.2,40.44,39.96,40.05,1817600.0,40.05
2006-06-06,40.4,40.46,40.07,40.39,2354700.0,40.39
2006-06-05,41.25,41.3,40.67,40.74,3148200.0,40.74
2006-06-02,41.25,42.4,41.25,41.51,2185300.0,41.51
2006-06-01,41.68,42.0,41.23,41.54,1584600.0,41.54
2006-05-31,41.5,41.75,40.7,41.67,2211300.0,41.67
2006-05-30,40.89,42.0,40.89,41.47,2354800.0,41.47
2006-05-26,40.49,41.05,40.18,41.01,2129200.0,41.01
2006-05-25,40.05,40.5,39.67,40.49,4211400.0,40.49
2006-05-24,40.17,40.23,39.69,40.0,5352400.0,40.0
2006-05-23,41.9,41.92,40.18,40.26,3874200.0,40.26
2006-05-22,42.0,42.12,40.05,41.9,5267000.0,41.9
2006-05-19,43.67,43.75,42.01,42.2,5470000.0,42.2
2006-05-18,44.5,44.9,42.22,43.75,6218000.0,43.75
2006-05-17,nan,nan,nan,nan,nan,nan
2006-05-16,nan,nan,nan,nan,nan,nan
2006-05-15,nan,nan,nan,nan,nan,nan
2006-05-12,nan,nan,nan,nan,nan,nan
2006-05-11,nan,nan,nan,nan,nan,nan
2006-05-10,nan,nan,nan,nan,nan,nan
2006-05-09,nan,nan,nan,nan,nan,nan
2006-05-08,nan,nan,nan,nan,nan,nan
2006-05-05,nan,nan,nan,nan,nan,nan
2006-05-04,nan,nan,nan,nan,nan,nan
2006-05-03,nan,nan,nan,nan,nan,nan
2006-05-02,nan,nan,nan,nan,nan,nan
2006-05-01,nan,nan,nan,nan,nan,nan
2006-04-28,nan,nan,nan,nan,nan,nan
2006-04-27,nan,nan,nan,nan,nan,nan
2006-04-26,nan,nan,nan,nan,nan,nan
2006-04-25,nan,nan,nan,nan,nan,nan
2006-04-24,nan,nan,nan,nan,nan,nan
2006-04-21,nan,nan,nan,nan,nan,nan
2006-04-20,nan,nan,nan,nan,nan,nan
2006-04-19,nan,nan,nan,nan,nan,nan
2006-04-18,nan,nan,nan,nan,nan,nan
2006-04-17,nan,nan,nan,nan,nan,nan
2006-04-13,nan,nan,nan,nan,nan,nan
2006-04-12,nan,nan,nan,nan,nan,nan
2006-04-11,nan,nan,nan,nan,nan,nan
2006-04-10,nan,nan,nan,nan,nan,nan
2006-04-07,nan,nan,nan,nan,nan,nan
2006-04-06,nan,nan,nan,nan,nan,nan
2006-04-05,nan,nan,nan,nan,nan,nan
2006-04-04,nan,nan,nan,nan,nan,nan
2006-04-03,nan,nan,nan,nan,nan,nan
2006-03-31,nan,nan,nan,nan,nan,nan
2006-03-30,nan,nan,nan,nan,nan,nan
2006-03-29,nan,nan,nan,nan,nan,nan
2006-03-28,nan,nan,nan,nan,nan,nan
2006-03-27,nan,nan,nan,nan,nan,nan
2006-03-24,nan,nan,nan,nan,nan,nan
2006-03-23,nan,nan,nan,nan,nan,nan
2006-03-22,nan,nan,nan,nan,nan,nan
2006-03-21,nan,nan,nan,nan,nan,nan
2006-03-20,nan,nan,nan,nan,nan,nan
2006-03-17,nan,nan,nan,nan,nan,nan
2006-03-16,nan,nan,nan,nan,nan,nan
2006-03-15,nan,nan,nan,nan,nan,nan
2006-03-14,nan,nan,nan,nan,nan,nan
2006-03-13,nan,nan,nan,nan,nan,nan
2006-03-10,nan,nan,nan,nan,nan,nan
2006-03-09,nan,nan,nan,nan,nan,nan
2006-03-08,nan,nan,nan,nan,nan,nan
2006-03-07,nan,nan,nan,nan,nan,nan
2006-03-06,nan,nan,nan,nan,nan,nan
2006-03-03,nan,nan,nan,nan,nan,nan
2006-03-02,nan,nan,nan,nan,nan,nan
2006-03-01,nan,nan,nan,nan,nan,nan
2006-02-28,nan,nan,nan,nan,nan,nan
2006-02-27,nan,nan,nan,nan,nan,nan
2006-02-24,nan,nan,nan,nan,nan,nan
2006-02-23,nan,nan,nan,nan,nan,nan
2006-02-22,nan,nan,nan,nan,nan,nan
2006-02-21,nan,nan,nan,nan,nan,nan
2006-02-17,nan,nan,nan,nan,nan,nan
2006-02-16,nan,nan,nan,nan,nan,nan
2006-02-15,nan,nan,nan,nan,nan,nan
2006-02-14,nan,nan,nan,nan,nan,nan
2006-02-13,nan,nan,nan,nan,nan,nan
2006-02-10,nan,nan,nan,nan,nan,nan
2006-02-09,nan,nan,nan,nan,nan,nan
2006-02-08,nan,nan,nan,nan,nan,nan
2006-02-07,nan,nan,nan,nan,nan,nan
2006-02-06,nan,nan,nan,nan,nan,nan
2006-02-03,nan,nan,nan,nan,nan,nan
2006-02-02,nan,nan,nan,nan,nan,nan
2006-02-01,nan,nan,nan,nan,nan,nan
2006-01-31,nan,nan,nan,nan,nan,nan
2006-01-30,nan,nan,nan,nan,nan,nan
2006-01-27,nan,nan,nan,nan,nan,nan
2006-01-26,nan,nan,nan,nan,nan,nan
2006-01-25,nan,nan,nan,nan,nan,nan
2006-01-24,nan,nan,nan,nan,nan,nan
2006-01-23,nan,nan,nan,nan,nan,nan
2006-01-20,nan,nan,nan,nan,nan,nan
2006-01-19,nan,nan,nan,nan,nan,nan
2006-01-18,nan,nan,nan,nan,nan,nan
2006-01-17,nan,nan,nan,nan,nan,nan
2006-01-13,nan,nan,nan,nan,nan,nan
2006-01-12,nan,nan,nan,nan,nan,nan
2006-01-11,nan,nan,nan,nan,nan,nan
2006-01-10,nan,nan,nan,nan,nan,nan
2006-01-09,nan,nan,nan,nan,nan,nan
2006-01-06,nan,nan,nan,nan,nan,nan
2006-01-05,nan,nan,nan,nan,nan,nan
2006-01-04,nan,nan,nan,nan,nan,nan
2006-01-03,nan,nan,nan,nan,nan,nan
2005-12-30,nan,nan,nan,nan,nan,nan
2005-12-29,nan,nan,nan,nan,nan,nan
2005-12-28,nan,nan,nan,nan,nan,nan
2005-12-27,nan,nan,nan,nan,nan,nan
2005-12-23,nan,nan,nan,nan,nan,nan
2005-12-22,nan,nan,nan,nan,nan,nan
2005-12-21,nan,nan,nan,nan,nan,nan
2005-12-20,nan,nan,nan,nan,nan,nan
2005-12-19,nan,nan,nan,nan,nan,nan
2005-12-16,nan,nan,nan,nan,nan,nan
2005-12-15,nan,nan,nan,nan,nan,nan
2005-12-14,nan,nan,nan,nan,nan,nan
2005-12-13,nan,nan,nan,nan,nan,nan
2005-12-12,nan,nan,nan,nan,nan,nan
2005-12-09,nan,nan,nan,nan,nan,nan
2005-12-08,nan,nan,nan,nan,nan,nan
2005-12-07,nan,nan,nan,nan,nan,nan
2005-12-06,nan,nan,nan,nan,nan,nan
2005-12-05,nan,nan,nan,nan,nan,nan
2005-12-02,nan,nan,nan,nan,nan,nan
2005-12-01,nan,nan,nan,nan,nan,nan
2005-11-30,nan,nan,nan,nan,nan,nan
2005-11-29,nan,nan,nan,nan,nan,nan
2005-11-28,nan,nan,nan,nan,nan,nan
2005-11-25,nan,nan,nan,nan,nan,nan
2005-11-23,nan,nan,nan,nan,nan,nan
2005-11-22,nan,nan,nan,nan,nan,nan
2005-11-21,nan,nan,nan,nan,nan,nan
2005-11-18,nan,nan,nan,nan,nan,nan
2005-11-17,nan,nan,nan,nan,nan,nan
2005-11-16,nan,nan,nan,nan,nan,nan
2005-11-15,nan,nan,nan,nan,nan,nan
2005-11-14,nan,nan,nan,nan,nan,nan
2005-11-11,nan,nan,nan,nan,nan,nan
2005-11-10,nan,nan,nan,nan,nan,nan
2005-11-09,nan,nan,nan,nan,nan,nan
2005-11-08,nan,nan,nan,nan,nan,nan
2005-11-07,nan,nan,nan,nan,nan,nan
2005-11-04,nan,nan,nan,nan,nan,nan
2005-11-03,nan,nan,nan,nan,nan,nan
2005-11-02,nan,nan,nan,nan,nan,nan
2005-11-01,nan,nan,nan,nan,nan,nan
2005-10-31,nan,nan,nan,nan,nan,nan
2005-10-28,nan,nan,nan,nan,nan,nan
2005-10-27,nan,nan,nan,nan,nan,nan
2005-10-26,nan,nan,nan,nan,nan,nan
2005-10-25,nan,nan,nan,nan,nan,nan
2005-10-24,nan,nan,nan,nan,nan,nan
2005-10-21,nan,nan,nan,nan,nan,nan
2005-10-20,nan,nan,nan,nan,nan,nan
2005-10-19,nan,nan,nan,nan,nan,nan
2005-10-18,nan,nan,nan,nan,nan,nan
2005-10-17,nan,nan,nan,nan,nan,nan
2005-10-14,nan,nan,nan,nan,nan,nan
2005-10-13,nan,nan,nan,nan,nan,nan
2005-10-12,nan,nan,nan,nan,nan,nan
2005-10-11,nan,nan,nan,nan,nan,nan
2005-10-10,nan,nan,nan,nan,nan,nan
2005-10-07,nan,nan,nan,nan,nan,nan
2005-10-06,nan,nan,nan,nan,nan,nan
2005-10-05,nan,nan,nan,nan,nan,nan
2005-10-04,nan,nan,nan,nan,nan,nan
2005-10-03,nan,nan,nan,nan,nan,nan
2005-09-30,nan,nan,nan,nan,nan,nan
2005-09-29,nan,nan,nan,nan,nan,nan
2005-09-28,nan,nan,nan,nan,nan,nan
2005-09-27,nan,nan,nan,nan,nan,nan
2005-09-26,nan,nan,nan,nan,nan,nan
2005-09-23,nan,nan,nan,nan,nan,nan
2005-09-22,nan,nan,nan,nan,nan,nan
2005-09-21,nan,nan,nan,nan,nan,nan
2005-09-20,nan,nan,nan,nan,nan,nan
2005-09-19,nan,nan,nan,nan,nan,nan
2005-09-16,nan,nan,nan,nan,nan,nan
2005-09-15,nan,nan,nan,nan,nan,nan
2005-09-14,nan,nan,nan,nan,nan,nan
2005-09-13,nan,nan,nan,nan,nan,nan
2005-09-12,nan,nan,nan,nan,nan,nan
2005-09-09,nan,nan,nan,nan,nan,nan
2005-09-08,nan,nan,nan,nan,nan,nan
2005-09-07,nan,nan,nan,nan,nan,nan
2005-09-06,nan,nan,nan,nan,nan,nan
2005-09-02,nan,nan,nan,nan,nan,nan
2005-09-01,nan,nan,nan,nan,nan,nan
2005-08-31,nan,nan,nan,nan,nan,nan
2005-08-30,nan,nan,nan,nan,nan,nan
2005-08-29,nan,nan,nan,nan,nan,nan
2005-08-26,nan,nan,nan,nan,nan,nan
2005-08-25,nan,nan,nan,nan,nan,nan
2005-08-24,nan,nan,nan,nan,nan,nan
2005-08-23,nan,nan,nan,nan,nan,nan
2005-08-22,nan,nan,nan,nan,nan,nan
2005-08-19,nan,nan,nan,nan,nan,nan
2005-08-18,nan,nan,nan,nan,nan,nan
2005-08-17,nan,nan,nan,nan,nan,nan
2005-08-16,nan,nan,nan,nan,nan,nan
2005-08-15,nan,nan,nan,nan,nan,nan
2005-08-12,nan,nan,nan,nan,nan,nan
2005-08-11,nan,nan,nan,nan,nan,nan
2005-08-10,nan,nan,nan,nan,nan,nan
2005-08-09,nan,nan,nan,nan,nan,nan
2005-08-08,nan,nan,nan,nan,nan,nan
2005-08-05,nan,nan,nan,nan,nan,nan
2005-08-04,nan,nan,nan,nan,nan,nan
2005-08-03,nan,nan,nan,nan,nan,nan
2005-08-02,nan,nan,nan,nan,nan,nan
2005-08-01,nan,nan,nan,nan,nan,nan
2005-07-29,nan,nan,nan,nan,nan,nan
2005-07-28,nan,nan,nan,nan,nan,nan
2005-07-27,nan,nan,nan,nan,nan,nan
2005-07-26,nan,nan,nan,nan,nan,nan
2005-07-25,nan,nan,nan,nan,nan,nan
2005-07-22,nan,nan,nan,nan,nan,nan
2005-07-21,nan,nan,nan,nan,nan,nan
2005-07-20,nan,nan,nan,nan,nan,nan
2005-07-19,nan,nan,nan,nan,nan,nan
2005-07-18,nan,nan,nan,nan,nan,nan
2005-07-15,nan,nan,nan,nan,nan,nan
2005-07-14,nan,nan,nan,nan,nan,nan
2005-07-13,nan,nan,nan,nan,nan,nan
2005-07-12,nan,nan,nan,nan,nan,nan
2005-07-11,nan,nan,nan,nan,nan,nan
2005-07-08,nan,nan,nan,nan,nan,nan
2005-07-07,nan,nan,nan,nan,nan,nan
2005-07-06,nan,nan,nan,nan,nan,nan
2005-07-05,nan,nan,nan,nan,nan,nan
2005-07-01,nan,nan,nan,nan,nan,nan
2005-06-30,nan,nan,nan,nan,nan,nan
2005-06-29,nan,nan,nan,nan,nan,nan
2005-06-28,nan,nan,nan,nan,nan,nan
2005-06-27,nan,nan,nan,nan,nan,nan
2005-06-24,nan,nan,nan,nan,nan,nan
2005-06-23,nan,nan,nan,nan,nan,nan
2005-06-22,nan,nan,nan,nan,nan,nan
2005-06-21,nan,nan,nan,nan,nan,nan
2005-06-20,nan,nan,nan,nan,nan,nan
2005-06-17,nan,nan,nan,nan,nan,nan
2005-06-16,nan,nan,nan,nan,nan,nan
2005-06-15,nan,nan,nan,nan,nan,nan
2005-06-14,nan,nan,nan,nan,nan,nan
2005-06-13,nan,nan,nan,nan,nan,nan
2005-06-10,nan,nan,nan,nan,nan,nan
2005-06-09,nan,nan,nan,nan,nan,nan
2005-06-08,nan,nan,nan,nan,nan,nan
2005-06-07,nan,nan,nan,nan,nan,nan
2005-06-06,nan,nan,nan,nan,nan,nan
2005-06-03,nan,nan,nan,nan,nan,nan
2005-06-02,nan,nan,nan,nan,nan,nan
2005-06-01,nan,nan,nan,nan,nan,nan
2005-05-31,nan,nan,nan,nan,nan,nan
2005-05-27,nan,nan,nan,nan,nan,nan
2005-05-26,nan,nan,nan,nan,nan,nan
2005-05-25,nan,nan,nan,nan,nan,nan
2005-05-24,nan,nan,nan,nan,nan,nan
2005-05-23,nan,nan,nan,nan,nan,nan
2005-05-20,nan,nan,nan,nan,nan,nan
2005-05-19,nan,nan,nan,nan,nan,nan
2005-05-18,nan,nan,nan,nan,nan,nan
2005-05-17,nan,nan,nan,nan,nan,nan
2005-05-16,nan,nan,nan,nan,nan,nan
2005-05-13,nan,nan,nan,nan,nan,nan
2005-05-12,nan,nan,nan,nan,nan,nan
2005-05-11,nan,nan,nan,nan,nan,nan
2005-05-10,nan,nan,nan,nan,nan,nan
2005-05-09,nan,nan,nan,nan,nan,nan
2005-05-06,nan,nan,nan,nan,nan,nan
2005-05-05,nan,nan,nan,nan,nan,nan
2005-05-04,nan,nan,nan,nan,nan,nan
2005-05-03,nan,nan,nan,nan,nan,nan
2005-05-02,nan,nan,nan,nan,nan,nan
2005-04-29,nan,nan,nan,nan,nan,nan
2005-04-28,nan,nan,nan,nan,nan,nan
2005-04-27,nan,nan,nan,nan,nan,nan
2005-04-26,nan,nan,nan,nan,nan,nan
2005-04-25,nan,nan,nan,nan,nan,nan
2005-04-22,nan,nan,nan,nan,nan,nan
2005-04-21,nan,nan,nan,nan,nan,nan
2005-04-20,nan,nan,nan,nan,nan,nan
2005-04-19,nan,nan,nan,nan,nan,nan
2005-04-18,nan,nan,nan,nan,nan,nan
2005-04-15,nan,nan,nan,nan,nan,nan
2005-04-14,nan,nan,nan,nan,nan,nan
2005-04-13,nan,nan,nan,nan,nan,nan
2005-04-12,nan,nan,nan,nan,nan,nan
2005-04-11,nan,nan,nan,nan,nan,nan
2005-04-08,nan,nan,nan,nan,nan,nan
2005-04-07,nan,nan,nan,nan,nan,nan
2005-04-06,nan,nan,nan,nan,nan,nan
2005-04-05,nan,nan,nan,nan,nan,nan
2005-04-04,nan,nan,nan,nan,nan,nan
2005-04-01,nan,nan,nan,nan,nan,nan
2005-03-31,nan,nan,nan,nan,nan,nan
2005-03-30,nan,nan,nan,nan,nan,nan
2005-03-29,nan,nan,nan,nan,nan,nan
2005-03-28,nan,nan,nan,nan,nan,nan
2005-03-24,nan,nan,nan,nan,nan,nan
2005-03-23,nan,nan,nan,nan,nan,nan
2005-03-22,nan,nan,nan,nan,nan,nan
2005-03-21,nan,nan,nan,nan,nan,nan
2005-03-18,nan,nan,nan,nan,nan,nan
2005-03-17,nan,nan,nan,nan,nan,nan
2005-03-16,nan,nan,nan,nan,nan,nan
2005-03-15,nan,nan,nan,nan,nan,nan
2005-03-14,nan,nan,nan,nan,nan,nan
2005-03-11,nan,nan,nan,nan,nan,nan
2005-03-10,nan,nan,nan,nan,nan,nan
2005-03-09,nan,nan,nan,nan,nan,nan
2005-03-08,nan,nan,nan,nan,nan,nan
2005-03-07,nan,nan,nan,nan,nan,nan
2005-03-04,nan,nan,nan,nan,nan,nan
2005-03-03,nan,nan,nan,nan,nan,nan
2005-03-02,nan,nan,nan,nan,nan,nan
2005-03-01,nan,nan,nan,nan,nan,nan
2005-02-28,nan,nan,nan,nan,nan,nan
2005-02-25,nan,nan,nan,nan,nan,nan
2005-02-24,nan,nan,nan,nan,nan,nan
2005-02-23,nan,nan,nan,nan,nan,nan
2005-02-22,nan,nan,nan,nan,nan,nan
2005-02-18,nan,nan,nan,nan,nan,nan
2005-02-17,nan,nan,nan,nan,nan,nan
2005-02-16,nan,nan,nan,nan,nan,nan
2005-02-15,nan,nan,nan,nan,nan,nan
2005-02-14,nan,nan,nan,nan,nan,nan
2005-02-11,nan,nan,nan,nan,nan,nan
2005-02-10,nan,nan,nan,nan,nan,nan
2005-02-09,nan,nan,nan,nan,nan,nan
2005-02-08,nan,nan,nan,nan,nan,nan
2005-02-07,nan,nan,nan,nan,nan,nan
2005-02-04,nan,nan,nan,nan,nan,nan
2005-02-03,nan,nan,nan,nan,nan,nan
2005-02-02,nan,nan,nan,nan,nan,nan
2005-02-01,nan,nan,nan,nan,nan,nan
2005-01-31,nan,nan,nan,nan,nan,nan
2005-01-28,nan,nan,nan,nan,nan,nan
2005-01-27,nan,nan,nan,nan,nan,nan
2005-01-26,nan,nan,nan,nan,nan,nan
2005-01-25,nan,nan,nan,nan,nan,nan
2005-01-24,nan,nan,nan,nan,nan,nan
2005-01-21,nan,nan,nan,nan,nan,nan
2005-01-20,nan,nan,nan,nan,nan,nan
2005-01-19,nan,nan,nan,nan,nan,nan
2005-01-18,nan,nan,nan,nan,nan,nan
2005-01-14,nan,nan,nan,nan,nan,nan
2005-01-13,nan,nan,nan,nan,nan,nan
2005-01-12,nan,nan,nan,nan,nan,nan
2005-01-11,nan,nan,nan,nan,nan,nan
2005-01-10,nan,nan,nan,nan,nan,nan
2005-01-07,nan,nan,nan,nan,nan,nan
2005-01-06,nan,nan,nan,nan,nan,nan
2005-01-05,nan,nan,nan,nan,nan,nan
2005-01-04,nan,nan,nan,nan,nan,nan
2005-01-03,nan,nan,nan,nan,nan,nan
