Date,Open,High,Low,Close,Volume,Adj Close 
2011-11-23,nan,nan,nan,nan,nan,nan
2011-11-22,nan,nan,nan,nan,nan,nan
2011-11-21,nan,nan,nan,nan,nan,nan
2011-11-18,nan,nan,nan,nan,nan,nan
2011-11-17,nan,nan,nan,nan,nan,nan
2011-11-16,nan,nan,nan,nan,nan,nan
2011-11-15,nan,nan,nan,nan,nan,nan
2011-11-14,nan,nan,nan,nan,nan,nan
2011-11-11,nan,nan,nan,nan,nan,nan
2011-11-10,nan,nan,nan,nan,nan,nan
2011-11-09,nan,nan,nan,nan,nan,nan
2011-11-08,nan,nan,nan,nan,nan,nan
2011-11-07,nan,nan,nan,nan,nan,nan
2011-11-04,nan,nan,nan,nan,nan,nan
2011-11-03,nan,nan,nan,nan,nan,nan
2011-11-02,nan,nan,nan,nan,nan,nan
2011-11-01,nan,nan,nan,nan,nan,nan
2011-10-31,nan,nan,nan,nan,nan,nan
2011-10-28,nan,nan,nan,nan,nan,nan
2011-10-27,nan,nan,nan,nan,nan,nan
2011-10-26,nan,nan,nan,nan,nan,nan
2011-10-25,nan,nan,nan,nan,nan,nan
2011-10-24,nan,nan,nan,nan,nan,nan
2011-10-21,nan,nan,nan,nan,nan,nan
2011-10-20,nan,nan,nan,nan,nan,nan
2011-10-19,nan,nan,nan,nan,nan,nan
2011-10-18,nan,nan,nan,nan,nan,nan
2011-10-17,nan,nan,nan,nan,nan,nan
2011-10-14,nan,nan,nan,nan,nan,nan
2011-10-13,nan,nan,nan,nan,nan,nan
2011-10-12,nan,nan,nan,nan,nan,nan
2011-10-11,nan,nan,nan,nan,nan,nan
2011-10-10,nan,nan,nan,nan,nan,nan
2011-10-07,nan,nan,nan,nan,nan,nan
2011-10-06,nan,nan,nan,nan,nan,nan
2011-10-05,nan,nan,nan,nan,nan,nan
2011-10-04,nan,nan,nan,nan,nan,nan
2011-10-03,nan,nan,nan,nan,nan,nan
2011-09-30,nan,nan,nan,nan,nan,nan
2011-09-29,nan,nan,nan,nan,nan,nan
2011-09-28,nan,nan,nan,nan,nan,nan
2011-09-27,nan,nan,nan,nan,nan,nan
2011-09-26,nan,nan,nan,nan,nan,nan
2011-09-23,nan,nan,nan,nan,nan,nan
2011-09-22,nan,nan,nan,nan,nan,nan
2011-09-21,nan,nan,nan,nan,nan,nan
2011-09-20,nan,nan,nan,nan,nan,nan
2011-09-19,nan,nan,nan,nan,nan,nan
2011-09-16,nan,nan,nan,nan,nan,nan
2011-09-15,nan,nan,nan,nan,nan,nan
2011-09-14,nan,nan,nan,nan,nan,nan
2011-09-13,nan,nan,nan,nan,nan,nan
2011-09-12,nan,nan,nan,nan,nan,nan
2011-09-09,nan,nan,nan,nan,nan,nan
2011-09-08,nan,nan,nan,nan,nan,nan
2011-09-07,nan,nan,nan,nan,nan,nan
2011-09-06,nan,nan,nan,nan,nan,nan
2011-09-02,nan,nan,nan,nan,nan,nan
2011-09-01,nan,nan,nan,nan,nan,nan
2011-08-31,nan,nan,nan,nan,nan,nan
2011-08-30,nan,nan,nan,nan,nan,nan
2011-08-29,nan,nan,nan,nan,nan,nan
2011-08-26,nan,nan,nan,nan,nan,nan
2011-08-25,nan,nan,nan,nan,nan,nan
2011-08-24,nan,nan,nan,nan,nan,nan
2011-08-23,nan,nan,nan,nan,nan,nan
2011-08-22,nan,nan,nan,nan,nan,nan
2011-08-19,nan,nan,nan,nan,nan,nan
2011-08-18,nan,nan,nan,nan,nan,nan
2011-08-17,nan,nan,nan,nan,nan,nan
2011-08-16,nan,nan,nan,nan,nan,nan
2011-08-15,nan,nan,nan,nan,nan,nan
2011-08-12,nan,nan,nan,nan,nan,nan
2011-08-11,nan,nan,nan,nan,nan,nan
2011-08-10,nan,nan,nan,nan,nan,nan
2011-08-09,nan,nan,nan,nan,nan,nan
2011-08-08,nan,nan,nan,nan,nan,nan
2011-08-05,nan,nan,nan,nan,nan,nan
2011-08-04,nan,nan,nan,nan,nan,nan
2011-08-03,nan,nan,nan,nan,nan,nan
2011-08-02,nan,nan,nan,nan,nan,nan
2011-08-01,nan,nan,nan,nan,nan,nan
2011-07-29,nan,nan,nan,nan,nan,nan
2011-07-28,nan,nan,nan,nan,nan,nan
2011-07-27,nan,nan,nan,nan,nan,nan
2011-07-26,nan,nan,nan,nan,nan,nan
2011-07-25,nan,nan,nan,nan,nan,nan
2011-07-22,nan,nan,nan,nan,nan,nan
2011-07-21,nan,nan,nan,nan,nan,nan
2011-07-20,nan,nan,nan,nan,nan,nan
2011-07-19,nan,nan,nan,nan,nan,nan
2011-07-18,nan,nan,nan,nan,nan,nan
2011-07-15,nan,nan,nan,nan,nan,nan
2011-07-14,nan,nan,nan,nan,nan,nan
2011-07-13,nan,nan,nan,nan,nan,nan
2011-07-12,nan,nan,nan,nan,nan,nan
2011-07-11,nan,nan,nan,nan,nan,nan
2011-07-08,nan,nan,nan,nan,nan,nan
2011-07-07,nan,nan,nan,nan,nan,nan
2011-07-06,nan,nan,nan,nan,nan,nan
2011-07-05,nan,nan,nan,nan,nan,nan
2011-07-01,nan,nan,nan,nan,nan,nan
2011-06-30,nan,nan,nan,nan,nan,nan
2011-06-29,nan,nan,nan,nan,nan,nan
2011-06-28,nan,nan,nan,nan,nan,nan
2011-06-27,nan,nan,nan,nan,nan,nan
2011-06-24,nan,nan,nan,nan,nan,nan
2011-06-23,nan,nan,nan,nan,nan,nan
2011-06-22,nan,nan,nan,nan,nan,nan
2011-06-21,nan,nan,nan,nan,nan,nan
2011-06-20,nan,nan,nan,nan,nan,nan
2011-06-17,nan,nan,nan,nan,nan,nan
2011-06-16,nan,nan,nan,nan,nan,nan
2011-06-15,nan,nan,nan,nan,nan,nan
2011-06-14,nan,nan,nan,nan,nan,nan
2011-06-13,nan,nan,nan,nan,nan,nan
2011-06-10,nan,nan,nan,nan,nan,nan
2011-06-09,nan,nan,nan,nan,nan,nan
2011-06-08,nan,nan,nan,nan,nan,nan
2011-06-07,nan,nan,nan,nan,nan,nan
2011-06-06,nan,nan,nan,nan,nan,nan
2011-06-03,nan,nan,nan,nan,nan,nan
2011-06-02,nan,nan,nan,nan,nan,nan
2011-06-01,nan,nan,nan,nan,nan,nan
2011-05-31,nan,nan,nan,nan,nan,nan
2011-05-27,nan,nan,nan,nan,nan,nan
2011-05-26,nan,nan,nan,nan,nan,nan
2011-05-25,nan,nan,nan,nan,nan,nan
2011-05-24,nan,nan,nan,nan,nan,nan
2011-05-23,nan,nan,nan,nan,nan,nan
2011-05-20,nan,nan,nan,nan,nan,nan
2011-05-19,nan,nan,nan,nan,nan,nan
2011-05-18,nan,nan,nan,nan,nan,nan
2011-05-17,nan,nan,nan,nan,nan,nan
2011-05-16,nan,nan,nan,nan,nan,nan
2011-05-13,nan,nan,nan,nan,nan,nan
2011-05-12,nan,nan,nan,nan,nan,nan
2011-05-11,nan,nan,nan,nan,nan,nan
2011-05-10,nan,nan,nan,nan,nan,nan
2011-05-09,nan,nan,nan,nan,nan,nan
2011-05-06,nan,nan,nan,nan,nan,nan
2011-05-05,nan,nan,nan,nan,nan,nan
2011-05-04,nan,nan,nan,nan,nan,nan
2011-05-03,nan,nan,nan,nan,nan,nan
2011-05-02,nan,nan,nan,nan,nan,nan
2011-04-29,nan,nan,nan,nan,nan,nan
2011-04-28,nan,nan,nan,nan,nan,nan
2011-04-27,nan,nan,nan,nan,nan,nan
2011-04-26,nan,nan,nan,nan,nan,nan
2011-04-25,nan,nan,nan,nan,nan,nan
2011-04-21,nan,nan,nan,nan,nan,nan
2011-04-20,nan,nan,nan,nan,nan,nan
2011-04-19,nan,nan,nan,nan,nan,nan
2011-04-18,nan,nan,nan,nan,nan,nan
2011-04-15,nan,nan,nan,nan,nan,nan
2011-04-14,nan,nan,nan,nan,nan,nan
2011-04-13,nan,nan,nan,nan,nan,nan
2011-04-12,nan,nan,nan,nan,nan,nan
2011-04-11,nan,nan,nan,nan,nan,nan
2011-04-08,nan,nan,nan,nan,nan,nan
2011-04-07,nan,nan,nan,nan,nan,nan
2011-04-06,nan,nan,nan,nan,nan,nan
2011-04-05,nan,nan,nan,nan,nan,nan
2011-04-04,nan,nan,nan,nan,nan,nan
2011-04-01,nan,nan,nan,nan,nan,nan
2011-03-31,nan,nan,nan,nan,nan,nan
2011-03-30,nan,nan,nan,nan,nan,nan
2011-03-29,nan,nan,nan,nan,nan,nan
2011-03-28,nan,nan,nan,nan,nan,nan
2011-03-25,nan,nan,nan,nan,nan,nan
2011-03-24,nan,nan,nan,nan,nan,nan
2011-03-23,nan,nan,nan,nan,nan,nan
2011-03-22,nan,nan,nan,nan,nan,nan
2011-03-21,nan,nan,nan,nan,nan,nan
2011-03-18,nan,nan,nan,nan,nan,nan
2011-03-17,nan,nan,nan,nan,nan,nan
2011-03-16,nan,nan,nan,nan,nan,nan
2011-03-15,nan,nan,nan,nan,nan,nan
2011-03-14,nan,nan,nan,nan,nan,nan
2011-03-11,nan,nan,nan,nan,nan,nan
2011-03-10,nan,nan,nan,nan,nan,nan
2011-03-09,nan,nan,nan,nan,nan,nan
2011-03-08,nan,nan,nan,nan,nan,nan
2011-03-07,nan,nan,nan,nan,nan,nan
2011-03-04,nan,nan,nan,nan,nan,nan
2011-03-03,nan,nan,nan,nan,nan,nan
2011-03-02,nan,nan,nan,nan,nan,nan
2011-03-01,nan,nan,nan,nan,nan,nan
2011-02-28,nan,nan,nan,nan,nan,nan
2011-02-25,nan,nan,nan,nan,nan,nan
2011-02-24,nan,nan,nan,nan,nan,nan
2011-02-23,nan,nan,nan,nan,nan,nan
2011-02-22,nan,nan,nan,nan,nan,nan
2011-02-18,nan,nan,nan,nan,nan,nan
2011-02-17,nan,nan,nan,nan,nan,nan
2011-02-16,nan,nan,nan,nan,nan,nan
2011-02-15,nan,nan,nan,nan,nan,nan
2011-02-14,nan,nan,nan,nan,nan,nan
2011-02-11,nan,nan,nan,nan,nan,nan
2011-02-10,nan,nan,nan,nan,nan,nan
2011-02-09,nan,nan,nan,nan,nan,nan
2011-02-08,nan,nan,nan,nan,nan,nan
2011-02-07,nan,nan,nan,nan,nan,nan
2011-02-04,nan,nan,nan,nan,nan,nan
2011-02-03,nan,nan,nan,nan,nan,nan
2011-02-02,nan,nan,nan,nan,nan,nan
2011-02-01,nan,nan,nan,nan,nan,nan
2011-01-31,nan,nan,nan,nan,nan,nan
2011-01-28,nan,nan,nan,nan,nan,nan
2011-01-27,nan,nan,nan,nan,nan,nan
2011-01-26,nan,nan,nan,nan,nan,nan
2011-01-25,nan,nan,nan,nan,nan,nan
2011-01-24,nan,nan,nan,nan,nan,nan
2011-01-21,nan,nan,nan,nan,nan,nan
2011-01-20,nan,nan,nan,nan,nan,nan
2011-01-19,nan,nan,nan,nan,nan,nan
2011-01-18,nan,nan,nan,nan,nan,nan
2011-01-14,nan,nan,nan,nan,nan,nan
2011-01-13,nan,nan,nan,nan,nan,nan
2011-01-12,nan,nan,nan,nan,nan,nan
2011-01-11,nan,nan,nan,nan,nan,nan
2011-01-10,nan,nan,nan,nan,nan,nan
2011-01-07,nan,nan,nan,nan,nan,nan
2011-01-06,nan,nan,nan,nan,nan,nan
2011-01-05,nan,nan,nan,nan,nan,nan
2011-01-04,nan,nan,nan,nan,nan,nan
2011-01-03,nan,nan,nan,nan,nan,nan
2010-12-31,nan,nan,nan,nan,nan,nan
2010-12-30,nan,nan,nan,nan,nan,nan
2010-12-29,nan,nan,nan,nan,nan,nan
2010-12-28,nan,nan,nan,nan,nan,nan
2010-12-27,nan,nan,nan,nan,nan,nan
2010-12-23,nan,nan,nan,nan,nan,nan
2010-12-22,nan,nan,nan,nan,nan,nan
2010-12-21,nan,nan,nan,nan,nan,nan
2010-12-20,nan,nan,nan,nan,nan,nan
2010-12-17,nan,nan,nan,nan,nan,nan
2010-12-16,nan,nan,nan,nan,nan,nan
2010-12-15,nan,nan,nan,nan,nan,nan
2010-12-14,nan,nan,nan,nan,nan,nan
2010-12-13,nan,nan,nan,nan,nan,nan
2010-12-10,nan,nan,nan,nan,nan,nan
2010-12-09,nan,nan,nan,nan,nan,nan
2010-12-08,nan,nan,nan,nan,nan,nan
2010-12-07,nan,nan,nan,nan,nan,nan
2010-12-06,nan,nan,nan,nan,nan,nan
2010-12-03,nan,nan,nan,nan,nan,nan
2010-12-02,nan,nan,nan,nan,nan,nan
2010-12-01,nan,nan,nan,nan,nan,nan
2010-11-30,nan,nan,nan,nan,nan,nan
2010-11-29,nan,nan,nan,nan,nan,nan
2010-11-26,nan,nan,nan,nan,nan,nan
2010-11-24,nan,nan,nan,nan,nan,nan
2010-11-23,nan,nan,nan,nan,nan,nan
2010-11-22,nan,nan,nan,nan,nan,nan
2010-11-19,nan,nan,nan,nan,nan,nan
2010-11-18,nan,nan,nan,nan,nan,nan
2010-11-17,nan,nan,nan,nan,nan,nan
2010-11-16,nan,nan,nan,nan,nan,nan
2010-11-15,nan,nan,nan,nan,nan,nan
2010-11-12,nan,nan,nan,nan,nan,nan
2010-11-11,nan,nan,nan,nan,nan,nan
2010-11-10,nan,nan,nan,nan,nan,nan
2010-11-09,nan,nan,nan,nan,nan,nan
2010-11-08,nan,nan,nan,nan,nan,nan
2010-11-05,nan,nan,nan,nan,nan,nan
2010-11-04,nan,nan,nan,nan,nan,nan
2010-11-03,nan,nan,nan,nan,nan,nan
2010-11-02,nan,nan,nan,nan,nan,nan
2010-11-01,nan,nan,nan,nan,nan,nan
2010-10-29,nan,nan,nan,nan,nan,nan
2010-10-28,nan,nan,nan,nan,nan,nan
2010-10-27,nan,nan,nan,nan,nan,nan
2010-10-26,nan,nan,nan,nan,nan,nan
2010-10-25,nan,nan,nan,nan,nan,nan
2010-10-22,nan,nan,nan,nan,nan,nan
2010-10-21,nan,nan,nan,nan,nan,nan
2010-10-20,nan,nan,nan,nan,nan,nan
2010-10-19,nan,nan,nan,nan,nan,nan
2010-10-18,nan,nan,nan,nan,nan,nan
2010-10-15,nan,nan,nan,nan,nan,nan
2010-10-14,nan,nan,nan,nan,nan,nan
2010-10-13,nan,nan,nan,nan,nan,nan
2010-10-12,nan,nan,nan,nan,nan,nan
2010-10-11,nan,nan,nan,nan,nan,nan
2010-10-08,nan,nan,nan,nan,nan,nan
2010-10-07,nan,nan,nan,nan,nan,nan
2010-10-06,nan,nan,nan,nan,nan,nan
2010-10-05,nan,nan,nan,nan,nan,nan
2010-10-04,nan,nan,nan,nan,nan,nan
2010-10-01,nan,nan,nan,nan,nan,nan
2010-09-30,nan,nan,nan,nan,nan,nan
2010-09-29,nan,nan,nan,nan,nan,nan
2010-09-28,nan,nan,nan,nan,nan,nan
2010-09-27,nan,nan,nan,nan,nan,nan
2010-09-24,nan,nan,nan,nan,nan,nan
2010-09-23,nan,nan,nan,nan,nan,nan
2010-09-22,nan,nan,nan,nan,nan,nan
2010-09-21,nan,nan,nan,nan,nan,nan
2010-09-20,nan,nan,nan,nan,nan,nan
2010-09-17,nan,nan,nan,nan,nan,nan
2010-09-16,nan,nan,nan,nan,nan,nan
2010-09-15,nan,nan,nan,nan,nan,nan
2010-09-14,nan,nan,nan,nan,nan,nan
2010-09-13,nan,nan,nan,nan,nan,nan
2010-09-10,nan,nan,nan,nan,nan,nan
2010-09-09,nan,nan,nan,nan,nan,nan
2010-09-08,nan,nan,nan,nan,nan,nan
2010-09-07,nan,nan,nan,nan,nan,nan
2010-09-03,nan,nan,nan,nan,nan,nan
2010-09-02,nan,nan,nan,nan,nan,nan
2010-09-01,nan,nan,nan,nan,nan,nan
2010-08-31,nan,nan,nan,nan,nan,nan
2010-08-30,nan,nan,nan,nan,nan,nan
2010-08-27,nan,nan,nan,nan,nan,nan
2010-08-26,nan,nan,nan,nan,nan,nan
2010-08-25,nan,nan,nan,nan,nan,nan
2010-08-24,nan,nan,nan,nan,nan,nan
2010-08-23,nan,nan,nan,nan,nan,nan
2010-08-20,nan,nan,nan,nan,nan,nan
2010-08-19,nan,nan,nan,nan,nan,nan
2010-08-18,nan,nan,nan,nan,nan,nan
2010-08-17,nan,nan,nan,nan,nan,nan
2010-08-16,nan,nan,nan,nan,nan,nan
2010-08-13,nan,nan,nan,nan,nan,nan
2010-08-12,nan,nan,nan,nan,nan,nan
2010-08-11,nan,nan,nan,nan,nan,nan
2010-08-10,nan,nan,nan,nan,nan,nan
2010-08-09,nan,nan,nan,nan,nan,nan
2010-08-06,nan,nan,nan,nan,nan,nan
2010-08-05,nan,nan,nan,nan,nan,nan
2010-08-04,nan,nan,nan,nan,nan,nan
2010-08-03,nan,nan,nan,nan,nan,nan
2010-08-02,nan,nan,nan,nan,nan,nan
2010-07-30,nan,nan,nan,nan,nan,nan
2010-07-29,nan,nan,nan,nan,nan,nan
2010-07-28,nan,nan,nan,nan,nan,nan
2010-07-27,nan,nan,nan,nan,nan,nan
2010-07-26,nan,nan,nan,nan,nan,nan
2010-07-23,nan,nan,nan,nan,nan,nan
2010-07-22,nan,nan,nan,nan,nan,nan
2010-07-21,nan,nan,nan,nan,nan,nan
2010-07-20,nan,nan,nan,nan,nan,nan
2010-07-19,nan,nan,nan,nan,nan,nan
2010-07-16,nan,nan,nan,nan,nan,nan
2010-07-15,nan,nan,nan,nan,nan,nan
2010-07-14,nan,nan,nan,nan,nan,nan
2010-07-13,nan,nan,nan,nan,nan,nan
2010-07-12,nan,nan,nan,nan,nan,nan
2010-07-09,nan,nan,nan,nan,nan,nan
2010-07-08,nan,nan,nan,nan,nan,nan
2010-07-07,nan,nan,nan,nan,nan,nan
2010-07-06,nan,nan,nan,nan,nan,nan
2010-07-02,nan,nan,nan,nan,nan,nan
2010-07-01,nan,nan,nan,nan,nan,nan
2010-06-30,nan,nan,nan,nan,nan,nan
2010-06-29,nan,nan,nan,nan,nan,nan
2010-06-28,nan,nan,nan,nan,nan,nan
2010-06-25,nan,nan,nan,nan,nan,nan
2010-06-24,nan,nan,nan,nan,nan,nan
2010-06-23,nan,nan,nan,nan,nan,nan
2010-06-22,nan,nan,nan,nan,nan,nan
2010-06-21,nan,nan,nan,nan,nan,nan
2010-06-18,nan,nan,nan,nan,nan,nan
2010-06-17,nan,nan,nan,nan,nan,nan
2010-06-16,nan,nan,nan,nan,nan,nan
2010-06-15,nan,nan,nan,nan,nan,nan
2010-06-14,nan,nan,nan,nan,nan,nan
2010-06-11,nan,nan,nan,nan,nan,nan
2010-06-10,nan,nan,nan,nan,nan,nan
2010-06-09,nan,nan,nan,nan,nan,nan
2010-06-08,nan,nan,nan,nan,nan,nan
2010-06-07,nan,nan,nan,nan,nan,nan
2010-06-04,nan,nan,nan,nan,nan,nan
2010-06-03,nan,nan,nan,nan,nan,nan
2010-06-02,nan,nan,nan,nan,nan,nan
2010-06-01,nan,nan,nan,nan,nan,nan
2010-05-28,nan,nan,nan,nan,nan,nan
2010-05-27,nan,nan,nan,nan,nan,nan
2010-05-26,nan,nan,nan,nan,nan,nan
2010-05-25,nan,nan,nan,nan,nan,nan
2010-05-24,nan,nan,nan,nan,nan,nan
2010-05-21,nan,nan,nan,nan,nan,nan
2010-05-20,nan,nan,nan,nan,nan,nan
2010-05-19,nan,nan,nan,nan,nan,nan
2010-05-18,nan,nan,nan,nan,nan,nan
2010-05-17,nan,nan,nan,nan,nan,nan
2010-05-14,nan,nan,nan,nan,nan,nan
2010-05-13,nan,nan,nan,nan,nan,nan
2010-05-12,nan,nan,nan,nan,nan,nan
2010-05-11,nan,nan,nan,nan,nan,nan
2010-05-10,nan,nan,nan,nan,nan,nan
2010-05-07,nan,nan,nan,nan,nan,nan
2010-05-06,nan,nan,nan,nan,nan,nan
2010-05-05,nan,nan,nan,nan,nan,nan
2010-05-04,nan,nan,nan,nan,nan,nan
2010-05-03,nan,nan,nan,nan,nan,nan
2010-04-30,nan,nan,nan,nan,nan,nan
2010-04-29,nan,nan,nan,nan,nan,nan
2010-04-28,nan,nan,nan,nan,nan,nan
2010-04-27,nan,nan,nan,nan,nan,nan
2010-04-26,nan,nan,nan,nan,nan,nan
2010-04-23,nan,nan,nan,nan,nan,nan
2010-04-22,nan,nan,nan,nan,nan,nan
2010-04-21,nan,nan,nan,nan,nan,nan
2010-04-20,nan,nan,nan,nan,nan,nan
2010-04-19,nan,nan,nan,nan,nan,nan
2010-04-16,nan,nan,nan,nan,nan,nan
2010-04-15,nan,nan,nan,nan,nan,nan
2010-04-14,nan,nan,nan,nan,nan,nan
2010-04-13,nan,nan,nan,nan,nan,nan
2010-04-12,nan,nan,nan,nan,nan,nan
2010-04-09,nan,nan,nan,nan,nan,nan
2010-04-08,nan,nan,nan,nan,nan,nan
2010-04-07,nan,nan,nan,nan,nan,nan
2010-04-06,nan,nan,nan,nan,nan,nan
2010-04-05,nan,nan,nan,nan,nan,nan
2010-04-01,nan,nan,nan,nan,nan,nan
2010-03-31,nan,nan,nan,nan,nan,nan
2010-03-30,nan,nan,nan,nan,nan,nan
2010-03-29,nan,nan,nan,nan,nan,nan
2010-03-26,nan,nan,nan,nan,nan,nan
2010-03-25,nan,nan,nan,nan,nan,nan
2010-03-24,nan,nan,nan,nan,nan,nan
2010-03-23,nan,nan,nan,nan,nan,nan
2010-03-22,nan,nan,nan,nan,nan,nan
2010-03-19,nan,nan,nan,nan,nan,nan
2010-03-18,nan,nan,nan,nan,nan,nan
2010-03-17,nan,nan,nan,nan,nan,nan
2010-03-16,nan,nan,nan,nan,nan,nan
2010-03-15,nan,nan,nan,nan,nan,nan
2010-03-12,nan,nan,nan,nan,nan,nan
2010-03-11,nan,nan,nan,nan,nan,nan
2010-03-10,nan,nan,nan,nan,nan,nan
2010-03-09,nan,nan,nan,nan,nan,nan
2010-03-08,nan,nan,nan,nan,nan,nan
2010-03-05,nan,nan,nan,nan,nan,nan
2010-03-04,nan,nan,nan,nan,nan,nan
2010-03-03,nan,nan,nan,nan,nan,nan
2010-03-02,nan,nan,nan,nan,nan,nan
2010-03-01,nan,nan,nan,nan,nan,nan
2010-02-26,nan,nan,nan,nan,nan,nan
2010-02-25,nan,nan,nan,nan,nan,nan
2010-02-24,nan,nan,nan,nan,nan,nan
2010-02-23,nan,nan,nan,nan,nan,nan
2010-02-22,nan,nan,nan,nan,nan,nan
2010-02-19,nan,nan,nan,nan,nan,nan
2010-02-18,nan,nan,nan,nan,nan,nan
2010-02-17,nan,nan,nan,nan,nan,nan
2010-02-16,nan,nan,nan,nan,nan,nan
2010-02-12,nan,nan,nan,nan,nan,nan
2010-02-11,nan,nan,nan,nan,nan,nan
2010-02-10,nan,nan,nan,nan,nan,nan
2010-02-09,nan,nan,nan,nan,nan,nan
2010-02-08,nan,nan,nan,nan,nan,nan
2010-02-05,nan,nan,nan,nan,nan,nan
2010-02-04,nan,nan,nan,nan,nan,nan
2010-02-03,nan,nan,nan,nan,nan,nan
2010-02-02,nan,nan,nan,nan,nan,nan
2010-02-01,nan,nan,nan,nan,nan,nan
2010-01-29,nan,nan,nan,nan,nan,nan
2010-01-28,nan,nan,nan,nan,nan,nan
2010-01-27,nan,nan,nan,nan,nan,nan
2010-01-26,9.47,9.49,9.46,9.49,11799500.0,9.49
2010-01-25,9.48,9.48,9.47,9.48,3696700.0,9.48
2010-01-22,9.47,9.48,9.46,9.46,9032700.0,9.46
2010-01-21,9.47,9.48,9.47,9.47,12662000.0,9.47
2010-01-20,9.41,9.45,9.41,9.43,5402800.0,9.43
2010-01-19,9.39,9.42,9.39,9.41,7043200.0,9.41
2010-01-15,9.42,9.43,9.37,9.42,25047400.0,9.42
2010-01-14,9.41,9.43,9.4,9.42,5162100.0,9.42
2010-01-13,9.4,9.42,9.4,9.42,5442500.0,9.42
2010-01-12,9.4,9.43,9.39,9.42,8946000.0,9.42
2010-01-11,9.38,9.41,9.38,9.41,5172600.0,9.41
2010-01-08,9.37,9.39,9.37,9.38,2990800.0,9.38
2010-01-07,9.37,9.4,9.36,9.4,4997500.0,9.4
2010-01-06,9.39,9.39,9.36,9.36,3311300.0,9.36
2010-01-05,9.39,9.4,9.38,9.39,4114700.0,9.39
2010-01-04,9.38,9.4,9.36,9.38,7084000.0,9.38
2009-12-31,9.36,9.37,9.33,9.37,6288700.0,9.37
2009-12-30,9.36,9.38,9.36,9.38,4365500.0,9.38
2009-12-29,9.37,9.38,9.36,9.37,3434300.0,9.37
2009-12-28,9.35,9.38,9.35,9.38,5389800.0,9.38
2009-12-24,9.36,9.36,9.34,9.35,2367700.0,9.35
2009-12-23,9.34,9.36,9.33,9.36,11051600.0,9.36
2009-12-22,9.35,9.36,9.32,9.33,9111000.0,9.33
2009-12-21,9.34,9.36,9.33,9.35,13724300.0,9.35
2009-12-18,9.33,9.35,9.32,9.33,11688300.0,9.33
2009-12-17,9.3,9.33,9.21,9.29,33450200.0,9.29
2009-12-16,9.32,9.33,9.27,9.31,18657400.0,9.31
2009-12-15,9.34,9.37,9.27,9.32,54580900.0,9.32
2009-12-14,9.14,9.3,9.02,9.28,144213400.0,9.28
2009-12-11,8.52,8.52,8.31,8.36,11969600.0,8.36
2009-12-10,8.54,8.64,8.49,8.52,12556000.0,8.52
2009-12-09,8.51,8.59,8.38,8.55,7976700.0,8.55
2009-12-08,8.44,8.53,8.4,8.49,9315500.0,8.49
2009-12-07,8.46,8.57,8.39,8.46,9181600.0,8.46
2009-12-04,8.68,8.74,8.26,8.44,39307300.0,8.44
2009-12-03,8.27,8.33,8.22,8.23,7378500.0,8.23
2009-12-02,8.35,8.39,8.21,8.26,8345700.0,8.26
2009-12-01,8.5,8.55,8.3,8.31,10901600.0,8.31
2009-11-30,8.51,8.55,8.5,8.51,7437800.0,8.51
2009-11-27,8.49,8.54,8.49,8.52,1776000.0,8.52
2009-11-25,8.54,8.6,8.48,8.56,7357800.0,8.56
2009-11-24,8.51,8.54,8.47,8.51,3795400.0,8.51
2009-11-23,8.63,8.64,8.5,8.54,5898300.0,8.54
2009-11-20,8.66,8.66,8.49,8.61,8034200.0,8.61
2009-11-19,8.65,8.68,8.55,8.6,4894900.0,8.6
2009-11-18,8.65,8.7,8.65,8.68,2582200.0,8.68
2009-11-17,8.65,8.7,8.6,8.7,6844400.0,8.7
2009-11-16,8.65,8.72,8.61,8.65,7338700.0,8.65
2009-11-13,8.6,8.7,8.52,8.67,15584600.0,8.67
2009-11-12,8.44,8.65,8.43,8.6,10695000.0,8.6
2009-11-11,8.34,8.55,8.32,8.47,24824800.0,8.47
2009-11-10,8.23,8.34,8.11,8.15,26199000.0,8.15
2009-11-09,8.17,8.42,8.14,8.24,10085400.0,8.24
2009-11-06,8.25,8.27,8.04,8.1,9429100.0,8.1
2009-11-05,8.3,8.36,8.2,8.23,8427200.0,8.23
2009-11-04,8.2,8.37,8.2,8.32,11904000.0,8.32
2009-11-03,8.2,8.39,8.16,8.35,6256700.0,8.35
2009-11-02,8.16,8.42,8.12,8.25,8684700.0,8.25
2009-10-30,8.2,8.3,8.11,8.18,10385600.0,8.18
2009-10-29,8.28,8.28,8.06,8.27,14369500.0,8.27
2009-10-28,8.27,8.34,8.09,8.18,12053200.0,8.18
2009-10-27,8.26,8.31,8.19,8.23,16493000.0,8.23
2009-10-26,8.42,8.48,8.22,8.31,14460400.0,8.31
2009-10-23,8.49,8.61,8.39,8.44,15240100.0,8.44
2009-10-22,8.76,8.77,8.25,8.44,36387100.0,8.44
2009-10-21,9.03,9.12,8.51,8.71,64623600.0,8.71
2009-10-20,9.08,9.11,9.01,9.01,9453800.0,9.01
2009-10-19,9.13,9.15,9.09,9.11,9073600.0,9.11
2009-10-16,9.16,9.17,9.11,9.12,12694600.0,9.12
2009-10-15,9.15,9.18,9.15,9.17,7471100.0,9.17
2009-10-14,9.15,9.18,9.12,9.15,7206400.0,9.15
2009-10-13,9.09,9.16,9.08,9.15,13214600.0,9.15
2009-10-12,9.09,9.12,9.07,9.1,8302900.0,9.1
2009-10-09,9.01,9.09,9.01,9.08,18492900.0,9.08
2009-10-08,8.94,9.03,8.93,9.02,7791100.0,9.02
2009-10-07,8.89,9.03,8.81,8.95,24210800.0,8.95
2009-10-06,9.0,9.03,8.85,8.9,13700700.0,8.9
2009-10-05,9.0,9.05,8.95,9.02,7890400.0,9.02
2009-10-02,9.03,9.05,8.93,8.96,11588100.0,8.96
2009-10-01,9.06,9.07,9.01,9.04,7174600.0,9.04
2009-09-30,9.06,9.09,9.03,9.09,18855400.0,9.09
2009-09-29,9.06,9.07,9.04,9.05,7748500.0,9.05
2009-09-28,9.06,9.07,9.03,9.07,6306600.0,9.07
2009-09-25,9.07,9.11,9.03,9.03,13596800.0,9.03
2009-09-24,9.04,9.14,9.03,9.09,14729200.0,9.09
2009-09-23,9.07,9.12,9.01,9.05,29490800.0,9.05
2009-09-22,9.06,9.1,9.02,9.06,21615800.0,9.06
2009-09-21,9.15,9.15,9.1,9.11,7461800.0,9.11
2009-09-18,9.14,9.15,9.11,9.14,10663100.0,9.14
2009-09-17,9.16,9.16,9.14,9.14,10250700.0,9.14
2009-09-16,9.15,9.18,9.11,9.16,12686000.0,9.16
2009-09-15,9.15,9.16,9.01,9.14,20405100.0,9.14
2009-09-14,9.15,9.17,9.15,9.17,3813500.0,9.17
2009-09-11,9.15,9.17,9.15,9.17,9887700.0,9.17
2009-09-10,9.15,9.17,9.14,9.17,21468300.0,9.17
2009-09-09,9.14,9.17,9.14,9.17,14358200.0,9.17
2009-09-08,9.15,9.16,9.13,9.16,26408400.0,9.16
2009-09-04,9.13,9.15,9.13,9.15,13386500.0,9.15
2009-09-03,9.11,9.17,9.1,9.15,115816000.0,9.15
2009-09-02,9.2,9.35,9.2,9.32,18845700.0,9.32
2009-09-01,9.29,9.3,9.16,9.2,25231100.0,9.2
2009-08-31,9.36,9.37,9.27,9.28,22173400.0,9.28
2009-08-28,9.34,9.37,9.31,9.34,22783400.0,9.34
2009-08-27,9.34,9.36,9.33,9.34,5113100.0,9.34
2009-08-26,9.33,9.36,9.32,9.35,7942600.0,9.35
2009-08-25,9.33,9.35,9.32,9.34,5136200.0,9.34
2009-08-24,9.34,9.36,9.32,9.32,7796800.0,9.32
2009-08-21,9.34,9.36,9.33,9.35,14894400.0,9.35
2009-08-20,9.28,9.31,9.26,9.27,25898300.0,9.27
2009-08-19,9.2,9.32,9.2,9.28,23117600.0,9.28
2009-08-18,9.18,9.24,9.16,9.22,17836600.0,9.22
2009-08-17,9.15,9.19,9.14,9.18,6397500.0,9.18
2009-08-14,9.15,9.19,9.15,9.16,10779600.0,9.16
2009-08-13,9.15,9.19,9.14,9.18,9078000.0,9.18
2009-08-12,9.13,9.17,9.11,9.15,10023300.0,9.15
2009-08-11,9.12,9.14,9.1,9.12,13857900.0,9.12
2009-08-10,9.1,9.13,9.09,9.11,2586500.0,9.11
2009-08-07,9.17,9.17,9.06,9.11,16478800.0,9.11
2009-08-06,9.18,9.2,9.14,9.15,8144100.0,9.15
2009-08-05,9.17,9.17,9.15,9.15,4952700.0,9.15
2009-08-04,9.16,9.17,9.15,9.16,6473500.0,9.16
2009-08-03,9.2,9.2,9.14,9.17,12905100.0,9.17
2009-07-31,9.23,9.23,9.17,9.17,10781400.0,9.17
2009-07-30,9.18,9.25,9.16,9.23,22366300.0,9.23
2009-07-29,9.2,9.21,9.13,9.16,19139300.0,9.16
2009-07-28,9.23,9.25,9.17,9.2,9776900.0,9.2
2009-07-27,9.22,9.25,9.2,9.24,7863700.0,9.24
2009-07-24,9.21,9.22,9.19,9.22,5019100.0,9.22
2009-07-23,9.19,9.23,9.17,9.22,7867100.0,9.22
2009-07-22,9.16,9.19,9.16,9.17,7699500.0,9.17
2009-07-21,9.16,9.17,9.14,9.16,13112900.0,9.16
2009-07-20,9.17,9.18,9.13,9.17,5711300.0,9.17
2009-07-17,9.15,9.18,9.12,9.17,17720400.0,9.17
2009-07-16,9.18,9.19,9.12,9.14,22416700.0,9.14
2009-07-15,9.18,9.21,9.17,9.21,6641700.0,9.21
2009-07-14,9.13,9.21,9.09,9.17,22451300.0,9.17
2009-07-13,9.17,9.18,9.12,9.16,12428800.0,9.16
2009-07-10,9.2,9.22,9.11,9.17,24308000.0,9.17
2009-07-09,9.21,9.23,9.19,9.2,7311100.0,9.2
2009-07-08,9.2,9.22,9.19,9.2,9557700.0,9.2
2009-07-07,9.21,9.23,9.19,9.2,9691500.0,9.2
2009-07-06,9.19,9.24,9.18,9.24,15421200.0,9.24
2009-07-02,9.2,9.22,9.18,9.21,11028400.0,9.21
2009-07-01,9.23,9.24,9.19,9.22,6678200.0,9.22
2009-06-30,9.18,9.24,9.18,9.22,16094900.0,9.22
2009-06-29,9.15,9.21,9.15,9.18,31963600.0,9.18
2009-06-26,9.19,9.19,8.95,9.01,63950500.0,9.01
2009-06-25,9.18,9.2,9.17,9.2,8196000.0,9.2
2009-06-24,9.17,9.2,9.17,9.18,4259700.0,9.18
2009-06-23,9.15,9.18,9.15,9.17,4378300.0,9.17
2009-06-22,9.15,9.19,9.11,9.14,15526700.0,9.14
2009-06-19,9.25,9.28,9.16,9.17,24305300.0,9.17
2009-06-18,9.28,9.3,9.23,9.26,10159900.0,9.26
2009-06-17,9.27,9.3,9.26,9.3,6043500.0,9.3
2009-06-16,9.27,9.28,9.26,9.26,4398900.0,9.26
2009-06-15,9.27,9.28,9.26,9.28,6305600.0,9.28
2009-06-12,9.26,9.3,9.24,9.3,5700200.0,9.3
2009-06-11,9.26,9.29,9.25,9.26,7044100.0,9.26
2009-06-10,9.25,9.28,9.24,9.26,5136000.0,9.26
2009-06-09,9.22,9.25,9.21,9.24,5615800.0,9.24
2009-06-08,9.16,9.25,9.16,9.21,8444800.0,9.21
2009-06-05,9.16,9.21,9.1,9.17,9326300.0,9.17
2009-06-04,9.13,9.22,8.85,9.14,13038100.0,9.14
2009-06-03,9.14,9.16,9.11,9.15,16488000.0,9.15
2009-06-02,9.1,9.19,9.1,9.13,16754100.0,9.13
2009-06-01,9.04,9.1,9.04,9.09,14516600.0,9.09
2009-05-29,9.06,9.08,8.99,9.0,25845800.0,9.0
2009-05-28,9.06,9.1,9.04,9.06,10460700.0,9.06
2009-05-27,9.06,9.08,9.03,9.06,9349400.0,9.06
2009-05-26,8.98,9.1,8.98,9.1,11758300.0,9.1
2009-05-22,9.01,9.05,8.99,9.0,10287300.0,9.0
2009-05-21,8.98,9.03,8.97,9.02,7778600.0,9.02
2009-05-20,8.97,9.03,8.97,8.98,10573400.0,8.98
2009-05-19,8.97,8.99,8.95,8.97,6771700.0,8.97
2009-05-18,8.98,8.99,8.95,8.99,9345700.0,8.99
2009-05-15,8.97,9.0,8.95,9.0,11481200.0,9.0
2009-05-14,8.96,9.0,8.95,9.0,10435700.0,9.0
2009-05-13,8.96,9.0,8.95,8.95,10237400.0,8.95
2009-05-12,9.0,9.02,8.91,9.0,17381100.0,9.0
2009-05-11,9.05,9.1,8.9,8.91,49422700.0,8.91
2009-05-08,8.72,9.15,8.72,9.13,76213400.0,9.13
2009-05-07,9.12,9.13,9.08,9.1,28966700.0,9.1
2009-05-06,9.13,9.14,9.1,9.11,19585900.0,9.11
2009-05-05,9.15,9.15,9.11,9.11,12345400.0,9.11
2009-05-04,9.15,9.16,9.12,9.13,15655900.0,9.13
2009-05-01,9.15,9.16,9.13,9.16,14931000.0,9.16
2009-04-30,9.15,9.16,9.13,9.16,27902300.0,9.16
2009-04-29,9.16,9.16,9.13,9.15,22976500.0,9.15
2009-04-28,9.16,9.18,9.11,9.16,22092400.0,9.16
2009-04-27,9.2,9.21,9.15,9.15,25611300.0,9.15
2009-04-24,9.21,9.36,9.19,9.2,45821400.0,9.2
2009-04-23,9.19,9.23,9.18,9.21,60549100.0,9.21
2009-04-22,9.2,9.21,9.15,9.15,79370200.0,9.15
2009-04-21,9.17,9.25,9.15,9.21,69194800.0,9.21
2009-04-20,9.09,9.23,9.06,9.15,780392900.0,9.15
2009-04-17,6.36,6.7,5.98,6.69,23300400.0,6.69
2009-04-16,6.72,6.8,5.93,6.4,45647400.0,6.4
2009-04-15,6.12,6.18,5.95,6.13,17988800.0,6.13
2009-04-14,6.32,6.45,6.15,6.23,13282800.0,6.23
2009-04-13,6.5,6.56,6.36,6.42,15404700.0,6.42
2009-04-09,6.68,6.69,6.4,6.68,24921400.0,6.68
2009-04-08,6.38,6.75,6.3,6.66,36725000.0,6.66
2009-04-07,6.29,6.43,6.05,6.28,48372100.0,6.28
2009-04-06,6.45,6.72,6.36,6.56,92742100.0,6.56
2009-04-03,8.39,8.55,8.3,8.49,37634800.0,8.49
2009-04-02,7.99,8.5,7.98,8.21,57595000.0,8.21
2009-04-01,7.28,8.08,7.23,8.0,32439900.0,8.0
2009-03-31,7.36,7.52,6.57,7.32,34523700.0,7.32
2009-03-30,7.67,7.75,6.82,7.24,27579600.0,7.24
2009-03-27,8.07,8.1,7.76,7.83,18571900.0,7.83
2009-03-26,8.0,8.23,7.86,8.2,18067700.0,8.2
2009-03-25,8.05,8.17,7.7,7.85,17706500.0,7.85
2009-03-24,7.79,8.18,7.65,8.06,20240800.0,8.06
2009-03-23,8.25,8.31,7.25,7.94,49318400.0,7.94
2009-03-20,8.58,8.75,7.94,8.1,41355500.0,8.1
2009-03-19,8.62,8.94,8.42,8.63,37961000.0,8.63
2009-03-18,8.36,9.27,7.02,8.89,162227600.0,8.89
2009-03-17,4.82,4.97,4.59,4.97,9583100.0,4.97
2009-03-16,4.78,4.88,4.61,4.7,10336800.0,4.7
2009-03-13,4.67,4.8,4.56,4.78,9157900.0,4.78
2009-03-12,4.55,4.67,4.42,4.67,9544800.0,4.67
2009-03-11,4.28,4.62,4.15,4.56,10689300.0,4.56
2009-03-10,3.94,4.2,3.9,4.2,13816800.0,4.2
2009-03-09,3.85,4.07,3.83,3.84,14564400.0,3.84
2009-03-06,4.3,4.38,3.88,3.95,16621900.0,3.95
2009-03-05,4.53,4.56,4.16,4.19,13031300.0,4.19
2009-03-04,4.65,4.96,4.5,4.61,19039900.0,4.61
2009-03-03,4.39,4.67,4.31,4.51,13520000.0,4.51
2009-03-02,4.62,4.7,4.39,4.39,10077100.0,4.39
2009-02-27,4.71,4.91,4.55,4.68,21164800.0,4.68
2009-02-26,4.87,5.0,4.7,4.77,12040400.0,4.77
2009-02-25,4.89,4.98,4.67,4.86,15927800.0,4.86
2009-02-24,4.63,4.98,4.55,4.94,17133100.0,4.94
2009-02-23,4.83,4.95,4.56,4.58,13059900.0,4.58
2009-02-20,4.7,4.88,4.63,4.84,11480400.0,4.84
2009-02-19,5.03,5.2,4.66,4.72,12436500.0,4.72
2009-02-18,5.16,5.26,5.02,5.03,10505200.0,5.03
2009-02-17,4.96,5.11,4.9,5.0,11455100.0,5.0
2009-02-13,5.09,5.23,4.95,5.14,15314900.0,5.14
2009-02-12,5.08,5.42,5.0,5.35,9590500.0,5.35
2009-02-11,5.23,5.29,5.02,5.22,8876500.0,5.22
2009-02-10,5.72,5.76,5.02,5.1,16750500.0,5.1
2009-02-09,5.59,5.85,5.55,5.76,16268500.0,5.76
2009-02-06,5.48,5.76,5.45,5.73,17871400.0,5.73
2009-02-05,4.84,5.68,4.78,5.48,21589000.0,5.48
2009-02-04,4.69,5.02,4.68,4.97,23185400.0,4.97
2009-02-03,4.47,4.69,4.35,4.66,14194700.0,4.66
2009-02-02,4.08,4.47,4.07,4.47,14095700.0,4.47
2009-01-30,4.5,4.61,4.11,4.16,13835700.0,4.16
2009-01-29,4.64,4.87,4.44,4.46,17043900.0,4.46
2009-01-28,4.32,5.0,4.21,4.86,19380000.0,4.86
2009-01-27,3.84,4.04,3.74,3.99,10189000.0,3.99
2009-01-26,3.66,3.86,3.62,3.78,6846300.0,3.78
2009-01-23,3.5,3.73,3.45,3.7,7914700.0,3.7
2009-01-22,3.54,3.67,3.54,3.62,8288100.0,3.62
2009-01-21,3.6,3.75,3.54,3.75,10243700.0,3.75
2009-01-20,4.05,4.05,3.49,3.51,8533400.0,3.51
2009-01-16,4.09,4.12,3.81,3.97,7970500.0,3.97
2009-01-15,3.87,4.06,3.71,3.96,13100200.0,3.96
2009-01-14,4.09,4.14,3.74,3.91,12832700.0,3.91
2009-01-13,4.5,4.56,4.06,4.19,10882700.0,4.19
2009-01-12,4.67,4.68,4.42,4.5,6395600.0,4.5
2009-01-09,4.69,4.7,4.43,4.66,7970500.0,4.66
2009-01-08,4.88,4.91,4.44,4.67,18775400.0,4.67
2009-01-07,4.89,5.22,4.89,5.09,13283300.0,5.09
2009-01-06,4.44,5.2,4.41,4.97,17601000.0,4.97
2009-01-05,4.18,4.53,4.13,4.47,7518900.0,4.47
2009-01-02,3.82,4.25,3.82,4.22,6070600.0,4.22
2008-12-31,3.84,3.87,3.77,3.82,7739500.0,3.82
2008-12-30,3.85,3.9,3.76,3.86,5880600.0,3.86
2008-12-29,3.82,3.92,3.75,3.85,5502600.0,3.85
2008-12-26,3.71,3.85,3.7,3.82,1974500.0,3.82
2008-12-24,3.71,3.85,3.71,3.82,1649800.0,3.82
2008-12-23,4.0,4.01,3.74,3.8,5809500.0,3.8
2008-12-22,4.23,4.23,3.84,3.91,5186600.0,3.91
2008-12-19,4.18,4.28,3.98,4.16,12578900.0,4.16
2008-12-18,4.15,4.34,4.08,4.13,8713500.0,4.13
2008-12-17,4.12,4.3,4.02,4.19,6847600.0,4.19
2008-12-16,4.05,4.28,3.99,4.27,8017100.0,4.27
2008-12-15,4.08,4.09,3.93,4.01,7751500.0,4.01
2008-12-12,3.96,4.1,3.8,4.09,7941700.0,4.09
2008-12-11,3.81,4.09,3.78,4.05,8701600.0,4.05
2008-12-10,3.91,3.99,3.77,3.89,6887800.0,3.89
2008-12-09,3.8,3.95,3.75,3.82,9293400.0,3.82
2008-12-08,3.53,3.91,3.53,3.83,10727200.0,3.83
2008-12-05,3.2,3.5,3.1,3.49,9035300.0,3.49
2008-12-04,3.15,3.36,3.03,3.22,9617800.0,3.22
2008-12-03,3.12,3.32,3.07,3.19,15162400.0,3.19
2008-12-02,2.9,3.26,2.86,3.25,12237800.0,3.25
2008-12-01,3.06,3.09,2.83,2.83,6921000.0,2.83
2008-11-28,3.07,3.2,3.01,3.17,3255500.0,3.17
2008-11-26,3.0,3.2,2.9,3.11,13033500.0,3.11
2008-11-25,3.25,3.3,2.9,3.06,10487400.0,3.06
2008-11-24,3.08,3.2,2.6,3.2,11105000.0,3.2
2008-11-21,3.09,3.16,2.79,3.02,14288300.0,3.02
2008-11-20,3.22,3.44,3.08,3.09,16905900.0,3.09
2008-11-19,3.67,3.7,3.27,3.27,14541100.0,3.27
2008-11-18,3.67,3.71,3.48,3.71,11831400.0,3.71
2008-11-17,3.95,4.11,3.61,3.61,15083500.0,3.61
2008-11-14,3.95,4.32,3.9,4.12,16136600.0,4.12
2008-11-13,3.62,4.08,3.5,4.08,14034200.0,4.08
2008-11-12,3.95,4.07,3.62,3.62,11729000.0,3.62
2008-11-11,4.15,4.19,4.0,4.03,7530100.0,4.03
2008-11-10,4.33,4.34,4.13,4.15,9993600.0,4.15
2008-11-07,4.32,4.41,4.12,4.2,10882100.0,4.2
2008-11-06,4.57,4.6,4.25,4.25,10717900.0,4.25
2008-11-05,4.83,4.9,4.62,4.62,9250800.0,4.62
2008-11-04,4.97,5.08,4.82,4.93,11343700.0,4.93
2008-11-03,4.71,5.04,4.63,4.85,15696400.0,4.85
2008-10-31,5.0,5.04,4.52,4.6,18991300.0,4.6
2008-10-30,4.96,5.3,4.94,5.29,13964200.0,5.29
2008-10-29,4.63,4.97,4.5,4.83,19192500.0,4.83
2008-10-28,4.58,4.7,4.35,4.68,13760600.0,4.68
2008-10-27,4.21,4.64,4.09,4.44,12315500.0,4.44
2008-10-24,4.04,4.5,4.04,4.48,14243200.0,4.48
2008-10-23,4.67,4.7,4.32,4.54,19246000.0,4.54
2008-10-22,4.72,4.76,4.51,4.72,15753000.0,4.72
2008-10-21,5.06,5.08,4.68,4.77,23589500.0,4.77
2008-10-20,5.59,5.8,5.5,5.78,10235100.0,5.78
2008-10-17,5.12,5.71,5.05,5.58,16148700.0,5.58
2008-10-16,5.1,5.28,4.77,5.28,16391200.0,5.28
2008-10-15,5.46,5.56,4.96,4.97,13768900.0,4.97
2008-10-14,6.01,6.15,5.54,5.58,18883900.0,5.58
2008-10-13,5.04,5.74,4.97,5.74,13186900.0,5.74
2008-10-10,4.99,5.28,4.68,4.8,30264500.0,4.8
2008-10-09,5.81,5.84,5.17,5.21,21173400.0,5.21
2008-10-08,5.73,6.1,5.66,5.66,21282100.0,5.66
2008-10-07,6.48,6.74,5.91,5.91,17941300.0,5.91
2008-10-06,6.58,6.68,6.14,6.6,16056800.0,6.6
2008-10-03,7.04,7.18,6.74,6.75,13265200.0,6.75
2008-10-02,7.39,7.4,6.88,6.91,14736800.0,6.91
2008-10-01,7.41,7.58,7.26,7.49,12026400.0,7.49
2008-09-30,7.08,7.63,6.73,7.6,27812500.0,7.6
2008-09-29,7.52,7.67,6.73,6.75,23360500.0,6.75
2008-09-26,7.8,7.88,7.52,7.64,14252400.0,7.64
2008-09-25,7.97,8.03,7.85,7.96,13819200.0,7.96
2008-09-24,7.78,8.06,7.78,7.82,9669600.0,7.82
2008-09-23,7.78,8.06,7.67,7.76,11207000.0,7.76
2008-09-22,8.58,8.65,7.69,7.69,16179600.0,7.69
2008-09-19,8.62,8.75,7.92,8.74,21940600.0,8.74
2008-09-18,7.96,8.11,7.56,8.11,21553700.0,8.11
2008-09-17,8.26,8.36,7.79,7.8,16428400.0,7.8
2008-09-16,8.57,8.6,8.24,8.42,16045900.0,8.42
2008-09-15,9.15,9.25,8.77,8.78,13865600.0,8.78
2008-09-12,8.97,9.55,8.97,9.39,20465200.0,9.39
2008-09-11,8.8,9.08,8.72,9.06,14670800.0,9.06
2008-09-10,8.69,9.06,8.68,8.93,17314200.0,8.93
2008-09-09,8.64,9.15,8.49,8.58,20644200.0,8.58
2008-09-08,8.7,8.81,8.42,8.79,18439600.0,8.79
2008-09-05,8.45,8.59,8.32,8.5,14993000.0,8.5
2008-09-04,8.97,8.97,8.56,8.58,15129200.0,8.58
2008-09-03,8.95,9.12,8.87,8.9,8694600.0,8.9
2008-09-02,9.21,9.3,8.93,9.0,10729200.0,9.0
2008-08-29,8.96,9.07,8.91,9.0,23595300.0,9.0
2008-08-28,8.9,9.16,8.82,9.1,27644600.0,9.1
2008-08-27,9.48,9.51,8.86,8.86,27804800.0,8.86
2008-08-26,9.59,9.62,9.38,9.54,9737100.0,9.54
2008-08-25,10.0,10.0,9.59,9.65,8413000.0,9.65
2008-08-22,10.09,10.13,9.93,10.0,10731300.0,10.0
2008-08-21,10.02,10.04,9.88,9.94,11698300.0,9.94
2008-08-20,10.22,10.22,9.94,10.04,15060200.0,10.04
2008-08-19,10.58,10.59,10.13,10.18,11123200.0,10.18
2008-08-18,10.93,10.94,10.36,10.41,15451600.0,10.41
2008-08-15,10.46,10.91,10.46,10.86,12115800.0,10.86
2008-08-14,10.6,10.6,10.38,10.53,10636200.0,10.53
2008-08-13,10.79,10.79,10.35,10.5,9520800.0,10.5
2008-08-12,10.51,10.78,10.49,10.71,14362000.0,10.71
2008-08-11,10.19,10.71,10.19,10.5,15695800.0,10.5
2008-08-08,10.44,10.61,10.14,10.25,22357300.0,10.25
2008-08-07,10.18,10.65,10.01,10.51,20002700.0,10.51
2008-08-06,9.7,10.27,9.65,10.19,19936400.0,10.19
2008-08-05,9.22,9.85,9.22,9.73,32783200.0,9.73
2008-08-04,9.17,9.4,9.15,9.21,19793500.0,9.21
2008-08-01,9.84,10.02,9.1,9.32,36500900.0,9.32
2008-07-31,10.06,10.93,10.06,10.63,20084900.0,10.63
2008-07-30,10.21,10.34,10.01,10.27,7889300.0,10.27
2008-07-29,9.98,10.28,9.91,10.21,12302300.0,10.21
2008-07-28,10.31,10.43,9.91,9.94,15097600.0,9.94
2008-07-25,10.09,10.47,10.04,10.43,17687400.0,10.43
2008-07-24,10.47,10.48,10.06,10.1,18796300.0,10.1
2008-07-23,9.8,10.59,9.78,10.52,24184800.0,10.52
2008-07-22,9.39,9.65,9.2,9.61,15265700.0,9.61
2008-07-21,9.47,9.64,9.35,9.44,11461100.0,9.44
2008-07-18,9.34,9.54,9.22,9.48,14036600.0,9.48
2008-07-17,9.23,9.55,9.09,9.43,23598600.0,9.43
2008-07-16,9.17,9.24,8.71,9.16,50164200.0,9.16
2008-07-15,8.64,8.9,8.63,8.8,38845200.0,8.8
2008-07-14,9.11,9.17,8.69,8.78,24020100.0,8.78
2008-07-11,9.3,9.6,9.06,9.11,31953600.0,9.11
2008-07-10,9.95,10.07,9.48,9.77,18478200.0,9.77
2008-07-09,10.33,10.37,9.86,9.86,20014400.0,9.86
2008-07-08,10.77,10.86,10.33,10.38,23417800.0,10.38
2008-07-07,10.63,11.0,10.47,10.79,15587400.0,10.79
2008-07-03,10.79,10.81,10.58,10.63,6874000.0,10.63
2008-07-02,10.71,10.96,10.62,10.66,14034900.0,10.66
2008-07-01,10.69,10.89,10.49,10.74,18133400.0,10.74
2008-06-30,10.82,11.01,10.76,10.88,15657900.0,10.88
2008-06-27,11.13,11.2,10.77,10.96,21518000.0,10.96
2008-06-26,11.4,11.41,11.01,11.02,18868800.0,11.02
2008-06-25,11.52,11.82,11.46,11.53,12836800.0,11.53
2008-06-24,11.09,11.92,11.05,11.6,18449800.0,11.6
2008-06-23,11.26,11.45,11.11,11.14,12169000.0,11.14
2008-06-20,11.53,11.54,11.11,11.18,11995700.0,11.18
2008-06-19,11.39,11.67,11.14,11.58,13676700.0,11.58
2008-06-18,11.52,11.57,11.27,11.43,11584600.0,11.43
2008-06-17,11.99,12.0,11.55,11.62,13815400.0,11.62
2008-06-16,11.61,12.09,11.57,11.96,11439500.0,11.96
2008-06-13,11.5,11.75,11.33,11.72,11661300.0,11.72
2008-06-12,11.72,11.91,11.37,11.42,14255800.0,11.42
2008-06-11,11.79,11.82,11.62,11.66,13911400.0,11.66
2008-06-10,12.01,12.09,11.81,11.87,11505900.0,11.87
2008-06-09,12.38,12.38,12.03,12.15,13330500.0,12.15
2008-06-06,12.47,12.48,12.28,12.31,20111100.0,12.31
2008-06-05,12.43,12.72,12.43,12.56,19867900.0,12.56
2008-06-04,12.25,12.56,12.09,12.43,25191600.0,12.43
2008-06-03,12.87,12.94,12.32,12.41,31588600.0,12.41
2008-06-02,12.91,13.06,12.8,12.94,16784600.0,12.94
2008-05-30,13.15,13.15,12.91,12.95,28464700.0,12.95
2008-05-29,12.94,13.18,12.93,13.08,11909400.0,13.08
2008-05-28,13.18,13.19,13.0,13.07,14675200.0,13.07
2008-05-27,12.73,13.14,12.66,13.05,17173600.0,13.05
2008-05-23,12.63,12.9,12.5,12.81,24375200.0,12.81
2008-05-22,13.12,13.29,13.1,13.14,10305800.0,13.14
2008-05-21,13.17,13.36,13.13,13.13,19804500.0,13.13
2008-05-20,13.37,13.49,13.01,13.16,26547000.0,13.16
2008-05-19,13.39,13.58,13.34,13.48,12105700.0,13.48
2008-05-16,13.56,13.66,13.36,13.42,15905000.0,13.42
2008-05-15,13.12,13.51,13.11,13.49,18752000.0,13.49
2008-05-14,12.96,13.53,12.77,13.17,27041700.0,13.17
2008-05-13,13.32,13.34,12.75,12.77,29051200.0,12.77
2008-05-12,13.0,13.32,13.0,13.3,15917500.0,13.3
2008-05-09,12.81,13.15,12.77,13.04,18400700.0,13.04
2008-05-08,12.84,13.01,12.84,12.95,22309100.0,12.95
2008-05-07,12.99,13.0,12.8,12.83,29193200.0,12.83
2008-05-06,12.95,13.01,12.77,12.98,21869100.0,12.98
2008-05-05,12.76,13.03,12.44,12.97,36344800.0,12.97
2008-05-02,13.32,13.43,12.37,12.64,105413400.0,12.64
2008-05-01,15.5,16.37,15.5,16.33,16400000.0,16.33
2008-04-30,15.68,15.87,15.62,15.66,10934800.0,15.66
2008-04-29,15.52,15.74,15.51,15.66,7152000.0,15.66
2008-04-28,15.58,15.86,15.48,15.62,7119100.0,15.62
2008-04-25,15.55,15.64,15.39,15.52,9744300.0,15.52
2008-04-24,15.42,15.75,15.2,15.64,9307900.0,15.64
2008-04-23,15.64,15.65,15.38,15.42,8785100.0,15.42
2008-04-22,15.6,15.75,15.52,15.61,6927300.0,15.61
2008-04-21,15.28,15.84,15.26,15.78,9197900.0,15.78
2008-04-18,15.48,15.58,15.32,15.49,10798200.0,15.49
2008-04-17,15.3,15.34,15.11,15.24,8433700.0,15.24
2008-04-16,14.99,15.26,14.96,15.14,12756800.0,15.14
2008-04-15,15.18,15.2,14.62,14.88,14159000.0,14.88
2008-04-14,15.21,15.5,15.1,15.17,7447600.0,15.17
2008-04-11,15.21,15.36,15.03,15.21,7649400.0,15.21
2008-04-10,15.3,15.55,15.15,15.3,8724300.0,15.3
2008-04-09,15.21,15.51,15.11,15.38,12573600.0,15.38
2008-04-08,15.56,15.7,15.2,15.26,12746700.0,15.26
2008-04-07,16.0,16.1,15.63,15.78,10917000.0,15.78
2008-04-04,15.85,16.05,15.76,16.0,12485100.0,16.0
2008-04-03,15.98,16.0,15.57,15.95,12185200.0,15.95
2008-04-02,16.05,16.23,15.82,15.96,7354200.0,15.96
2008-04-01,15.78,16.0,15.66,16.0,9151200.0,16.0
2008-03-31,15.78,15.86,15.41,15.53,9830900.0,15.53
2008-03-28,16.15,16.2,15.67,15.72,11035100.0,15.72
2008-03-27,16.44,16.5,15.69,15.91,11918300.0,15.91
2008-03-26,16.21,16.51,16.0,16.47,8140900.0,16.47
2008-03-25,16.33,16.55,16.22,16.38,6550900.0,16.38
2008-03-24,16.02,16.52,15.9,16.37,9920700.0,16.37
2008-03-20,15.78,16.02,15.56,16.02,15311200.0,16.02
2008-03-19,16.64,16.65,15.67,15.67,13136500.0,15.67
2008-03-18,16.28,16.72,16.11,16.69,10796200.0,16.69
2008-03-17,16.03,16.5,16.02,16.26,15486000.0,16.26
2008-03-14,16.41,16.79,16.13,16.4,12202000.0,16.4
2008-03-13,16.74,17.05,16.35,16.79,12447000.0,16.79
2008-03-12,17.37,17.38,16.78,16.96,8253700.0,16.96
2008-03-11,16.09,16.92,16.08,16.92,12106300.0,16.92
2008-03-10,15.82,16.1,15.82,15.94,11718400.0,15.94
2008-03-07,15.98,16.05,15.8,16.0,14138000.0,16.0
2008-03-06,16.49,16.63,15.98,16.01,12329300.0,16.01
2008-03-05,16.43,16.69,16.3,16.46,9135500.0,16.46
2008-03-04,16.12,16.59,15.93,16.43,19899900.0,16.43
2008-03-03,16.35,16.52,16.15,16.38,10589800.0,16.38
2008-02-29,17.12,17.12,16.26,16.4,16417800.0,16.4
2008-02-28,17.46,17.61,17.17,17.21,10234400.0,17.21
2008-02-27,17.5,18.03,17.48,17.7,9011700.0,17.7
2008-02-26,17.43,17.67,17.18,17.52,8881800.0,17.52
2008-02-25,17.25,17.62,17.17,17.54,10481400.0,17.54
2008-02-22,17.1,17.33,16.95,17.25,11043100.0,17.25
2008-02-21,17.37,17.53,17.11,17.24,11376100.0,17.24
2008-02-20,17.0,17.43,16.79,17.32,12192700.0,17.32
2008-02-19,17.31,17.38,16.84,16.89,11920200.0,16.89
2008-02-15,17.17,17.18,16.91,17.02,9972300.0,17.02
2008-02-14,17.45,17.85,17.19,17.21,10771300.0,17.21
2008-02-13,16.91,17.56,16.9,17.39,12733000.0,17.39
2008-02-12,16.85,17.16,16.71,16.81,11268365.0,16.81
2008-02-11,16.46,16.88,16.36,16.81,11862200.0,16.81
2008-02-08,16.32,16.49,16.18,16.37,7288900.0,16.37
2008-02-07,16.59,16.59,16.06,16.33,12563200.0,16.33
2008-02-06,16.37,16.85,16.23,16.78,15174400.0,16.78
2008-02-05,17.07,17.41,16.48,16.53,13840700.0,16.53
2008-02-04,17.7,17.72,16.76,17.26,10535000.0,17.26
2008-02-01,17.47,17.68,17.28,17.49,8957800.0,17.49
2008-01-31,17.39,17.78,17.28,17.5,13772100.0,17.5
2008-01-30,17.04,17.74,16.97,17.55,14319600.0,17.55
2008-01-29,16.56,17.07,16.56,16.95,15122677.0,16.95
2008-01-28,16.36,16.65,16.28,16.65,7509800.0,16.65
2008-01-25,16.77,17.0,16.2,16.43,15339600.0,16.43
2008-01-24,15.06,16.29,15.04,16.12,16174200.0,16.12
2008-01-23,14.6,15.27,14.5,14.82,14905700.0,14.82
2008-01-22,14.36,15.45,14.2,15.15,15749600.0,15.15
2008-01-18,15.74,16.2,15.74,15.92,14590600.0,15.92
2008-01-17,15.98,16.47,15.79,15.93,15809500.0,15.93
2008-01-16,15.55,16.41,15.51,15.53,25109000.0,15.53
2008-01-15,15.01,15.05,14.71,14.98,14555700.0,14.98
2008-01-14,15.47,15.5,15.06,15.13,16622400.0,15.13
2008-01-11,15.83,16.03,15.25,15.29,10048508.0,15.29
2008-01-10,15.25,16.19,15.2,16.05,12451500.0,16.05
2008-01-09,16.01,16.11,15.26,15.66,17881600.0,15.66
2008-01-08,16.0,16.55,15.85,15.86,12591600.0,15.86
2008-01-07,16.21,16.33,15.84,16.11,15257300.0,16.11
2008-01-04,17.01,17.1,16.17,16.31,13881800.0,16.31
2008-01-03,17.25,17.34,16.87,17.15,9659700.0,17.15
2008-01-02,17.98,18.14,17.35,17.42,11335900.0,17.42
2007-12-31,18.02,18.19,17.96,18.13,6664100.0,18.13
2007-12-28,18.14,18.59,18.11,18.21,5890500.0,18.21
2007-12-27,18.15,18.39,18.01,18.32,8376200.0,18.32
2007-12-26,18.12,18.35,18.08,18.31,5397800.0,18.31
2007-12-24,18.66,18.79,18.16,18.35,7486200.0,18.35
2007-12-21,19.02,19.1,18.41,18.79,14853800.0,18.79
2007-12-20,19.0,19.06,18.59,18.9,10333300.0,18.9
2007-12-19,18.69,19.1,18.69,18.93,9225600.0,18.93
2007-12-18,19.22,19.43,18.99,19.13,8935400.0,19.13
2007-12-17,19.7,19.73,19.2,19.2,7920300.0,19.2
2007-12-14,19.63,19.96,19.44,19.73,9717100.0,19.73
2007-12-13,18.77,19.66,18.77,19.59,11298600.0,19.59
2007-12-12,20.05,20.05,18.8,19.05,12457800.0,19.05
2007-12-11,19.87,20.43,19.37,19.63,5847100.0,19.63
2007-12-10,20.38,20.5,20.25,20.37,4196800.0,20.37
2007-12-07,20.37,20.59,20.16,20.38,5819900.0,20.38
2007-12-06,20.47,20.55,20.27,20.48,11565000.0,20.48
2007-12-05,20.85,21.1,20.45,20.55,14348500.0,20.55
2007-12-04,20.79,21.55,20.72,20.85,15674900.0,20.85
2007-12-03,20.61,21.31,20.61,21.15,14725900.0,21.15
2007-11-30,20.92,20.92,20.53,20.78,12647200.0,20.78
2007-11-29,20.62,21.05,20.61,20.65,10578200.0,20.65
2007-11-28,20.0,20.88,19.91,20.86,13234300.0,20.86
2007-11-27,19.55,19.98,19.36,19.89,11667800.0,19.89
2007-11-26,19.03,19.79,19.02,19.43,16968300.0,19.43
2007-11-23,19.05,19.22,18.91,19.16,3700900.0,19.16
2007-11-21,19.27,19.78,19.11,19.11,9338400.0,19.11
2007-11-20,19.76,20.0,19.0,19.47,11946200.0,19.47
2007-11-19,20.15,20.32,19.51,19.63,9732400.0,19.63
2007-11-16,20.08,20.68,19.9,20.33,12937600.0,20.33
2007-11-15,20.5,20.5,19.91,19.95,11479000.0,19.95
2007-11-14,21.11,21.6,19.95,20.0,21095800.0,20.0
2007-11-13,20.5,21.38,20.5,21.25,10882119.0,21.25
2007-11-12,19.97,20.93,19.63,20.51,8443100.0,20.51
2007-11-09,5.16,5.29,5.13,5.14,77242200.0,5.14
2007-11-08,5.28,5.3,5.1,5.19,80042900.0,5.19
2007-11-07,5.19,5.3,5.15,5.22,123876300.0,5.22
2007-11-06,5.75,5.76,5.1,5.16,206381100.0,5.16
2007-11-05,5.58,5.76,5.57,5.71,75232200.0,5.71
2007-11-02,5.51,5.65,5.48,5.6,71470500.0,5.6
2007-11-01,5.65,5.68,5.45,5.46,89433200.0,5.46
2007-10-31,5.9,5.93,5.65,5.71,100186000.0,5.71
2007-10-30,5.88,5.94,5.85,5.87,21923200.0,5.87
2007-10-29,5.91,6.02,5.87,5.9,66753100.0,5.9
2007-10-26,5.79,5.92,5.76,5.88,69084900.0,5.88
2007-10-25,5.85,5.88,5.73,5.75,68892500.0,5.75
2007-10-24,5.89,5.95,5.71,5.82,80632200.0,5.82
2007-10-23,5.92,5.95,5.85,5.95,36808200.0,5.95
2007-10-22,5.74,5.89,5.72,5.87,54547700.0,5.87
2007-10-19,5.99,6.0,5.8,5.83,61360600.0,5.83
2007-10-18,5.94,6.1,5.94,6.0,89917200.0,6.0
2007-10-17,6.02,6.05,5.91,5.99,47508100.0,5.99
2007-10-16,6.05,6.07,5.93,5.96,54581700.0,5.96
2007-10-15,6.23,6.23,6.08,6.11,44513100.0,6.11
2007-10-12,6.2,6.26,6.13,6.23,45356100.0,6.23
2007-10-11,6.06,6.23,6.04,6.15,109872300.0,6.15
2007-10-10,5.92,6.02,5.9,6.0,33081500.0,6.0
2007-10-09,6.05,6.06,5.89,5.96,69377700.0,5.96
2007-10-08,5.76,6.05,5.73,6.05,105587100.0,6.05
2007-10-05,5.7,5.83,5.68,5.8,57677200.0,5.8
2007-10-04,5.69,5.77,5.62,5.67,52849500.0,5.67
2007-10-03,5.78,5.78,5.71,5.76,26380600.0,5.76
2007-10-02,5.69,5.8,5.67,5.79,47830200.0,5.79
2007-10-01,5.63,5.72,5.57,5.69,47898200.0,5.69
2007-09-28,5.52,5.65,5.52,5.62,40262700.0,5.62
2007-09-27,5.62,5.63,5.52,5.59,56072500.0,5.59
2007-09-26,5.7,5.71,5.57,5.62,76161700.0,5.62
2007-09-25,5.65,5.72,5.62,5.67,64178700.0,5.67
2007-09-24,5.67,5.69,5.57,5.66,55102200.0,5.66
2007-09-21,5.78,5.79,5.65,5.67,74236000.0,5.67
2007-09-20,5.79,5.83,5.65,5.71,88187200.0,5.71
2007-09-19,5.81,5.85,5.75,5.81,70404800.0,5.81
2007-09-18,5.73,5.85,5.68,5.78,72649500.0,5.78
2007-09-17,5.71,5.75,5.62,5.69,66065800.0,5.69
2007-09-14,5.75,5.76,5.64,5.73,74940000.0,5.73
2007-09-13,5.73,5.81,5.63,5.8,75908000.0,5.8
2007-09-12,5.73,5.87,5.63,5.66,161371800.0,5.66
2007-09-11,5.42,5.71,5.41,5.71,109622200.0,5.71
2007-09-10,5.38,5.45,5.33,5.39,74942600.0,5.39
2007-09-07,5.41,5.49,5.36,5.37,76773800.0,5.37
2007-09-06,5.39,5.51,5.32,5.48,99547900.0,5.48
2007-09-05,5.45,5.47,5.32,5.37,82318100.0,5.37
2007-09-04,5.37,5.59,5.37,5.5,102934000.0,5.5
2007-08-31,5.32,5.42,5.31,5.36,75423000.0,5.36
2007-08-30,5.1,5.3,5.09,5.25,106362600.0,5.25
2007-08-29,5.12,5.19,5.08,5.17,70516400.0,5.17
2007-08-28,5.0,5.21,5.0,5.06,91428500.0,5.06
2007-08-27,5.02,5.25,4.99,5.14,61920900.0,5.14
2007-08-24,4.95,5.06,4.87,5.01,201608400.0,5.01
2007-08-23,4.87,4.93,4.8,4.93,92741600.0,4.93
2007-08-22,4.89,4.9,4.83,4.86,72086100.0,4.86
2007-08-21,4.83,4.9,4.8,4.84,48915100.0,4.84
2007-08-20,4.78,4.85,4.74,4.81,62548600.0,4.81
2007-08-17,4.82,4.84,4.72,4.77,88661900.0,4.77
2007-08-16,4.61,4.75,4.6,4.72,154843400.0,4.72
2007-08-15,4.67,4.72,4.64,4.65,75745600.0,4.65
2007-08-14,4.8,4.82,4.67,4.7,86069200.0,4.7
2007-08-13,4.73,4.84,4.72,4.73,93749900.0,4.73
2007-08-10,4.64,4.76,4.5,4.68,177209900.0,4.68
2007-08-09,4.95,4.96,4.74,4.74,132744900.0,4.74
2007-08-08,5.06,5.07,4.96,5.0,69926500.0,5.0
2007-08-07,5.0,5.12,4.91,5.0,87961300.0,5.0
2007-08-06,4.96,4.98,4.9,4.96,89559900.0,4.96
2007-08-03,5.11,5.14,4.9,4.91,98570100.0,4.91
2007-08-02,5.13,5.18,5.1,5.14,99599700.0,5.14
2007-08-01,5.14,5.17,5.05,5.1,105061100.0,5.1
2007-07-31,5.4,5.42,5.08,5.1,230406900.0,5.1
2007-07-30,4.96,4.99,4.78,4.89,122499700.0,4.89
2007-07-27,5.0,5.1,4.92,4.92,77518200.0,4.92
2007-07-26,5.17,5.19,4.98,4.98,80753900.0,4.98
2007-07-25,5.23,5.29,5.15,5.24,53370600.0,5.24
2007-07-24,5.27,5.29,5.18,5.23,61928500.0,5.23
2007-07-23,5.34,5.39,5.26,5.29,40087900.0,5.29
2007-07-20,5.39,5.41,5.31,5.33,48533000.0,5.33
2007-07-19,5.32,5.43,5.29,5.4,80495800.0,5.4
2007-07-18,5.26,5.31,5.21,5.28,75909700.0,5.28
2007-07-17,5.34,5.35,5.26,5.29,81990400.0,5.29
2007-07-16,5.33,5.38,5.3,5.34,39255100.0,5.34
2007-07-13,5.42,5.43,5.34,5.37,40423500.0,5.37
2007-07-12,5.38,5.43,5.33,5.43,39298000.0,5.43
2007-07-11,5.29,5.38,5.29,5.38,34442500.0,5.38
2007-07-10,5.29,5.41,5.28,5.32,114071700.0,5.32
2007-07-09,5.4,5.44,5.31,5.33,91630800.0,5.33
2007-07-06,5.36,5.49,5.34,5.38,70084800.0,5.38
2007-07-05,5.28,5.35,5.24,5.33,47249300.0,5.33
2007-07-03,5.2,5.24,5.17,5.22,28520800.0,5.22
2007-07-02,5.31,5.33,5.12,5.19,66540400.0,5.19
2007-06-29,5.19,5.33,5.16,5.26,104215400.0,5.26
2007-06-28,5.08,5.19,5.07,5.16,75275100.0,5.16
2007-06-27,5.0,5.09,4.99,5.07,73512900.0,5.07
2007-06-26,5.04,5.1,4.99,5.01,84930400.0,5.01
2007-06-25,5.08,5.1,4.99,5.02,63845400.0,5.02
2007-06-22,5.11,5.14,5.08,5.08,51612000.0,5.08
2007-06-21,5.07,5.18,5.06,5.13,97212500.0,5.13
2007-06-20,5.14,5.15,5.05,5.05,69027600.0,5.05
2007-06-19,5.03,5.16,5.03,5.1,74592100.0,5.1
2007-06-18,5.06,5.07,5.01,5.05,51506900.0,5.05
2007-06-15,5.13,5.13,5.03,5.05,104415900.0,5.05
2007-06-14,5.05,5.1,5.02,5.08,103135400.0,5.08
2007-06-13,4.95,4.99,4.83,4.99,103309000.0,4.99
2007-06-12,4.95,5.01,4.92,4.92,93174888.0,4.92
2007-06-11,5.05,5.06,4.95,4.96,60274800.0,4.96
2007-06-08,4.98,5.04,4.95,5.04,64112864.0,5.04
2007-06-07,5.0,5.05,4.97,4.97,56637400.0,4.97
2007-06-06,5.03,5.05,4.99,5.02,121415700.0,5.02
2007-06-05,5.08,5.08,4.97,5.07,198201200.0,5.07
2007-06-04,5.15,5.24,5.07,5.11,109972800.0,5.11
2007-06-01,5.12,5.2,5.12,5.18,48792300.0,5.18
2007-05-31,5.16,5.19,5.07,5.1,69395400.0,5.1
2007-05-30,5.01,5.15,4.96,5.12,73049200.0,5.12
2007-05-29,5.16,5.17,5.0,5.06,90454000.0,5.06
2007-05-25,5.18,5.21,5.15,5.16,47345300.0,5.16
2007-05-24,5.36,5.37,5.15,5.15,123288600.0,5.15
2007-05-23,5.37,5.43,5.36,5.38,45629200.0,5.38
2007-05-22,5.39,5.42,5.34,5.38,67992600.0,5.38
2007-05-21,5.29,5.39,5.24,5.39,48387400.0,5.39
2007-05-18,5.35,5.35,5.26,5.29,49987500.0,5.29
2007-05-17,5.35,5.43,5.3,5.3,125482500.0,5.3
2007-05-16,5.14,5.16,5.07,5.12,44590200.0,5.12
2007-05-15,5.22,5.23,5.13,5.14,50774100.0,5.14
2007-05-14,5.16,5.29,5.16,5.22,118580000.0,5.22
2007-05-11,5.14,5.18,5.12,5.15,46469700.0,5.15
2007-05-10,5.16,5.19,5.13,5.13,65536000.0,5.13
2007-05-09,5.21,5.22,5.15,5.2,48230900.0,5.2
2007-05-08,5.24,5.27,5.21,5.22,51456500.0,5.22
2007-05-07,5.22,5.28,5.21,5.22,43302200.0,5.22
2007-05-04,5.21,5.3,5.2,5.24,56629700.0,5.24
2007-05-03,5.14,5.2,5.11,5.18,101011400.0,5.18
2007-05-02,5.09,5.17,5.08,5.15,93874500.0,5.15
2007-05-01,5.23,5.24,4.99,5.09,133096100.0,5.09
2007-04-30,5.25,5.26,5.2,5.22,53334400.0,5.22
2007-04-27,5.23,5.28,5.19,5.26,62326200.0,5.26
2007-04-26,5.25,5.3,5.2,5.25,96141700.0,5.25
2007-04-25,5.58,5.58,5.17,5.27,322214000.0,5.27
2007-04-24,5.93,5.97,5.88,5.94,74503300.0,5.94
2007-04-23,5.93,5.95,5.89,5.92,28755900.0,5.92
2007-04-20,5.94,5.95,5.87,5.93,32437600.0,5.93
2007-04-19,5.87,5.96,5.86,5.89,34232100.0,5.89
2007-04-18,5.89,5.95,5.87,5.94,42533800.0,5.94
2007-04-17,5.87,5.95,5.82,5.95,40752300.0,5.95
2007-04-16,5.81,5.87,5.79,5.86,56840200.0,5.86
2007-04-13,5.89,5.9,5.78,5.8,67319300.0,5.8
2007-04-12,5.9,5.96,5.87,5.9,49646800.0,5.9
2007-04-11,5.92,5.93,5.77,5.9,70732000.0,5.9
2007-04-10,5.93,5.98,5.87,5.93,27765600.0,5.93
2007-04-09,6.0,6.09,5.93,5.93,50269300.0,5.93
2007-04-05,5.88,5.94,5.85,5.93,49214100.0,5.93
2007-04-04,5.78,5.88,5.75,5.86,57737400.0,5.86
2007-04-03,5.8,5.86,5.74,5.79,79293000.0,5.79
2007-04-02,5.92,5.92,5.71,5.8,88257200.0,5.8
2007-03-30,5.96,6.09,5.9,6.01,78000800.0,6.01
2007-03-29,6.14,6.15,5.95,5.96,73477100.0,5.96
2007-03-28,6.03,6.12,5.91,6.05,110321700.0,6.05
2007-03-27,6.21,6.22,6.03,6.06,85444600.0,6.06
2007-03-26,6.18,6.29,6.17,6.22,58456400.0,6.22
2007-03-23,6.33,6.34,6.17,6.19,56281600.0,6.19
2007-03-22,6.47,6.51,6.31,6.31,61803800.0,6.31
2007-03-21,6.23,6.51,6.22,6.49,79500900.0,6.49
2007-03-20,6.22,6.27,6.19,6.2,37393900.0,6.2
2007-03-19,6.28,6.3,6.18,6.22,31407300.0,6.22
2007-03-16,6.22,6.3,6.18,6.24,75011100.0,6.24
2007-03-15,6.28,6.34,6.18,6.22,43775700.0,6.22
2007-03-14,6.19,6.31,6.08,6.31,84407000.0,6.31
2007-03-13,6.28,6.41,6.14,6.15,73999200.0,6.15
2007-03-12,6.27,6.43,6.27,6.31,73087700.0,6.31
2007-03-09,6.25,6.3,6.17,6.27,47997300.0,6.27
2007-03-08,6.25,6.27,6.19,6.21,29672600.0,6.21
2007-03-07,6.24,6.28,6.17,6.17,36751400.0,6.17
2007-03-06,6.15,6.31,6.13,6.25,74135800.0,6.25
2007-03-05,6.02,6.14,6.01,6.07,80309700.0,6.07
2007-03-02,6.02,6.12,6.0,6.06,61787000.0,6.06
2007-03-01,6.05,6.14,6.02,6.04,88694700.0,6.04
2007-02-28,6.1,6.2,6.05,6.13,95991300.0,6.13
2007-02-27,6.22,6.25,5.96,5.98,87522700.0,5.98
2007-02-26,6.33,6.34,6.0,6.27,39032600.0,6.27
2007-02-23,6.29,6.31,6.22,6.27,49105200.0,6.27
2007-02-22,6.31,6.32,6.2,6.27,69538000.0,6.27
2007-02-21,6.35,6.36,6.23,6.28,44057000.0,6.28
2007-02-20,6.3,6.4,6.2,6.38,66845800.0,6.38
2007-02-16,6.27,6.34,6.25,6.29,50049600.0,6.29
2007-02-15,6.39,6.45,6.28,6.31,77393300.0,6.31
2007-02-14,6.43,6.47,6.37,6.4,63195100.0,6.4
2007-02-13,6.44,6.48,6.39,6.4,36049900.0,6.4
2007-02-12,6.46,6.51,6.39,6.42,33840600.0,6.42
2007-02-09,6.61,6.67,6.44,6.48,48249500.0,6.48
2007-02-08,6.6,6.69,6.53,6.59,46552200.0,6.59
2007-02-07,6.57,6.62,6.51,6.59,42042300.0,6.59
2007-02-06,6.7,6.73,6.5,6.53,95159800.0,6.53
2007-02-05,6.68,6.78,6.64,6.64,50167900.0,6.64
2007-02-02,6.56,6.69,6.55,6.63,48785400.0,6.63
2007-02-01,6.74,6.76,6.52,6.55,87158400.0,6.55
2007-01-31,6.42,6.66,6.38,6.64,103618400.0,6.64
2007-01-30,6.38,6.49,6.37,6.43,82337900.0,6.43
2007-01-29,6.34,6.44,6.31,6.35,59045700.0,6.35
2007-01-26,6.37,6.39,6.27,6.33,43178900.0,6.33
2007-01-25,6.19,6.42,6.17,6.34,118773000.0,6.34
2007-01-24,6.14,6.18,5.9,6.15,168586600.0,6.15
2007-01-23,5.76,5.78,5.55,5.66,75788600.0,5.66
2007-01-22,5.87,5.88,5.64,5.75,81579200.0,5.75
2007-01-19,5.76,5.85,5.65,5.77,58798300.0,5.77
2007-01-18,5.94,5.95,5.78,5.79,63778700.0,5.79
2007-01-17,5.99,6.05,5.95,5.99,59021900.0,5.99
2007-01-16,6.05,6.18,6.03,6.06,47537900.0,6.06
2007-01-12,6.1,6.1,5.9,6.06,93907700.0,6.06
2007-01-11,6.08,6.17,6.01,6.14,93585400.0,6.14
2007-01-10,5.69,6.25,5.69,6.0,138355600.0,6.0
2007-01-09,5.69,5.75,5.62,5.73,51017000.0,5.73
2007-01-08,5.57,5.67,5.55,5.65,42251800.0,5.65
2007-01-05,5.63,5.66,5.56,5.6,47880100.0,5.6
2007-01-04,5.55,5.71,5.54,5.69,54905300.0,5.69
2007-01-03,5.45,5.57,5.44,5.54,64769000.0,5.54
2006-12-29,5.49,5.52,5.4,5.42,27697400.0,5.42
2006-12-28,5.56,5.57,5.5,5.52,20955600.0,5.52
2006-12-27,5.54,5.62,5.53,5.58,18338000.0,5.58
2006-12-26,5.47,5.53,5.43,5.51,15782400.0,5.51
2006-12-22,5.51,5.57,5.45,5.46,20819400.0,5.46
2006-12-21,5.6,5.63,5.48,5.5,38264100.0,5.5
2006-12-20,5.55,5.67,5.53,5.58,45288400.0,5.58
2006-12-19,5.53,5.59,5.47,5.55,35285100.0,5.55
2006-12-18,5.67,5.75,5.51,5.56,76603500.0,5.56
2006-12-15,5.63,5.67,5.57,5.65,57451700.0,5.65
2006-12-14,5.58,5.72,5.56,5.61,69140100.0,5.61
2006-12-13,5.69,5.7,5.52,5.57,52008000.0,5.57
2006-12-12,5.76,5.78,5.58,5.64,90290300.0,5.64
2006-12-11,5.77,5.88,5.72,5.73,87219500.0,5.73
2006-12-08,5.67,5.8,5.66,5.73,51594500.0,5.73
2006-12-07,5.6,5.83,5.6,5.68,107225400.0,5.68
2006-12-06,5.49,5.59,5.43,5.57,56381500.0,5.57
2006-12-05,5.64,5.65,5.47,5.49,65446400.0,5.49
2006-12-04,5.39,5.65,5.39,5.65,83132900.0,5.65
2006-12-01,5.41,5.46,5.34,5.39,33336400.0,5.39
2006-11-30,5.37,5.49,5.35,5.42,72206200.0,5.42
2006-11-29,5.38,5.43,5.34,5.36,38979200.0,5.36
2006-11-28,5.33,5.37,5.21,5.35,48161100.0,5.35
2006-11-27,5.52,5.55,5.35,5.36,56028500.0,5.36
2006-11-24,5.54,5.57,5.52,5.56,16384900.0,5.56
2006-11-22,5.58,5.64,5.55,5.59,44312300.0,5.59
2006-11-21,5.5,5.57,5.49,5.54,39315000.0,5.54
2006-11-20,5.47,5.55,5.46,5.51,37980500.0,5.51
2006-11-17,5.41,5.53,5.4,5.47,50491700.0,5.47
2006-11-16,5.41,5.49,5.39,5.44,29482100.0,5.44
2006-11-15,5.39,5.43,5.35,5.41,50298200.0,5.41
2006-11-14,5.4,5.44,5.37,5.39,37746000.0,5.39
2006-11-13,5.31,5.41,5.27,5.38,58706100.0,5.38
2006-11-10,5.41,5.42,5.25,5.27,120932800.0,5.27
2006-11-09,5.47,5.51,5.42,5.42,43839800.0,5.42
2006-11-08,5.44,5.52,5.4,5.45,38109800.0,5.45
2006-11-07,5.34,5.5,5.32,5.47,69333900.0,5.47
2006-11-06,5.25,5.34,5.25,5.31,27455800.0,5.31
2006-11-03,5.35,5.35,5.23,5.23,51687200.0,5.23
2006-11-02,5.29,5.36,5.27,5.33,32608500.0,5.33
2006-11-01,5.48,5.48,5.28,5.31,59657100.0,5.31
2006-10-31,5.58,5.6,5.4,5.43,81225000.0,5.43
2006-10-30,5.45,5.62,5.44,5.55,64666400.0,5.55
2006-10-27,5.44,5.61,5.41,5.5,131976100.0,5.5
2006-10-26,5.34,5.48,5.31,5.36,101807200.0,5.36
2006-10-25,5.18,5.33,5.17,5.3,129581900.0,5.3
2006-10-24,5.19,5.24,5.16,5.16,48827400.0,5.16
2006-10-23,5.25,5.28,5.19,5.2,47933300.0,5.2
2006-10-20,5.21,5.26,5.12,5.25,70698800.0,5.25
2006-10-19,5.24,5.27,5.18,5.21,41877200.0,5.21
2006-10-18,5.19,5.24,5.17,5.2,41338000.0,5.2
2006-10-17,5.18,5.19,5.08,5.15,35035000.0,5.15
2006-10-16,5.13,5.28,5.12,5.22,51448100.0,5.22
2006-10-13,5.08,5.23,5.07,5.18,59333100.0,5.18
2006-10-12,5.0,5.1,4.99,5.08,86688000.0,5.08
2006-10-11,4.97,5.03,4.94,4.98,59531600.0,4.98
2006-10-10,5.0,5.02,4.93,4.97,60036700.0,4.97
2006-10-09,4.97,5.01,4.93,4.97,23593100.0,4.97
2006-10-06,4.98,5.0,4.91,4.97,42859300.0,4.97
2006-10-05,5.01,5.04,4.89,5.02,102651000.0,5.02
2006-10-04,4.96,5.02,4.93,5.01,45070300.0,5.01
2006-10-03,4.95,5.02,4.95,4.99,38394400.0,4.99
2006-10-02,4.97,5.02,4.95,5.0,55975700.0,5.0
2006-09-29,4.98,5.02,4.94,4.95,46495900.0,4.95
2006-09-28,4.99,5.02,4.91,4.98,35113700.0,4.98
2006-09-27,5.06,5.08,4.94,5.0,94261600.0,5.0
2006-09-26,5.14,5.14,5.05,5.08,46905700.0,5.08
2006-09-25,5.04,5.15,5.01,5.13,53209100.0,5.13
2006-09-22,5.09,5.15,4.95,5.02,74084100.0,5.02
2006-09-21,5.18,5.26,5.17,5.21,44136800.0,5.21
2006-09-20,5.16,5.19,5.13,5.16,40142700.0,5.16
2006-09-19,5.11,5.18,5.05,5.12,55308600.0,5.12
2006-09-18,5.24,5.25,5.08,5.12,70758100.0,5.12
2006-09-15,5.27,5.32,5.23,5.28,66956900.0,5.28
2006-09-14,5.22,5.33,5.2,5.23,67696500.0,5.23
2006-09-13,5.19,5.29,5.15,5.22,92656700.0,5.22
2006-09-12,5.03,5.2,5.0,5.19,71401900.0,5.19
2006-09-11,4.85,5.04,4.84,4.99,36728800.0,4.99
2006-09-08,4.91,4.92,4.83,4.9,18098900.0,4.9
2006-09-07,4.93,4.94,4.81,4.91,49904300.0,4.91
2006-09-06,4.96,5.04,4.88,4.93,40534500.0,4.93
2006-09-05,5.01,5.05,4.94,5.02,32505400.0,5.02
2006-09-01,5.0,5.05,4.96,4.99,28341300.0,4.99
2006-08-31,5.08,5.1,4.94,4.99,39576600.0,4.99
2006-08-30,4.98,5.15,4.98,5.09,70769400.0,5.09
2006-08-29,4.9,5.01,4.85,4.99,42548400.0,4.99
2006-08-28,4.83,4.98,4.8,4.92,33929300.0,4.92
2006-08-25,4.9,4.95,4.8,4.85,33337000.0,4.85
2006-08-24,4.83,4.92,4.78,4.92,34725700.0,4.92
2006-08-23,4.73,4.81,4.7,4.8,36250400.0,4.8
2006-08-22,4.67,4.77,4.63,4.63,31391500.0,4.63
2006-08-21,4.64,4.72,4.57,4.67,27140800.0,4.67
2006-08-18,4.7,4.71,4.6,4.68,53848400.0,4.68
2006-08-17,4.79,4.85,4.67,4.72,60712600.0,4.72
2006-08-16,4.64,4.83,4.64,4.82,70462200.0,4.82
2006-08-15,4.55,4.65,4.53,4.62,43315100.0,4.62
2006-08-14,4.48,4.62,4.4,4.5,35650100.0,4.5
2006-08-11,4.44,4.52,4.4,4.45,26323600.0,4.45
2006-08-10,4.43,4.5,4.39,4.48,30352200.0,4.48
2006-08-09,4.5,4.52,4.41,4.47,28071200.0,4.47
2006-08-08,4.52,4.54,4.41,4.44,33411900.0,4.44
2006-08-07,4.51,4.66,4.45,4.52,62940500.0,4.52
2006-08-04,4.4,4.54,4.38,4.53,65229000.0,4.53
2006-08-03,4.28,4.37,4.26,4.35,26081000.0,4.35
2006-08-02,4.22,4.32,4.21,4.29,39567700.0,4.29
2006-08-01,4.31,4.32,4.17,4.2,33106500.0,4.2
2006-07-31,4.3,4.4,4.27,4.35,31270000.0,4.35
2006-07-28,4.26,4.35,4.21,4.33,54578500.0,4.33
2006-07-27,4.27,4.35,4.24,4.26,42325300.0,4.26
2006-07-26,4.25,4.34,4.18,4.27,101095000.0,4.27
2006-07-25,4.04,4.17,3.94,4.09,73436100.0,4.09
2006-07-24,3.86,4.02,3.81,4.02,38358400.0,4.02
2006-07-21,3.92,3.94,3.81,3.83,52482700.0,3.83
2006-07-20,4.0,4.08,3.93,3.94,36505100.0,3.94
2006-07-19,3.88,3.97,3.86,3.97,47754700.0,3.97
2006-07-18,3.88,3.93,3.8,3.85,23760900.0,3.85
2006-07-17,3.88,3.9,3.82,3.88,24204700.0,3.88
2006-07-14,3.9,3.95,3.86,3.88,31633800.0,3.88
2006-07-13,4.0,4.03,3.87,3.87,62485900.0,3.87
2006-07-12,3.95,4.06,3.92,4.0,78177500.0,4.0
2006-07-11,3.88,3.95,3.84,3.9,53629600.0,3.9
2006-07-10,3.92,3.94,3.74,3.82,70860900.0,3.82
2006-07-07,3.98,3.99,3.83,3.91,57973400.0,3.91
2006-07-06,4.05,4.12,3.93,4.0,48713200.0,4.0
2006-07-05,4.15,4.17,4.0,4.04,32829800.0,4.04
2006-07-03,4.15,4.2,4.12,4.2,10383800.0,4.2
2006-06-30,4.16,4.22,4.09,4.15,70357600.0,4.15
2006-06-29,4.05,4.14,4.03,4.14,33634000.0,4.14
2006-06-28,3.99,4.05,3.94,4.04,48503700.0,4.04
2006-06-27,4.08,4.12,3.93,3.97,61234600.0,3.97
2006-06-26,4.17,4.19,4.04,4.09,67241100.0,4.09
2006-06-23,4.24,4.28,4.17,4.18,24722900.0,4.18
2006-06-22,4.3,4.31,4.21,4.25,23911900.0,4.25
2006-06-21,4.21,4.32,4.2,4.32,32653600.0,4.32
2006-06-20,4.16,4.24,4.11,4.22,43552300.0,4.22
2006-06-19,4.3,4.32,4.1,4.14,53308600.0,4.14
2006-06-16,4.35,4.37,4.23,4.3,57857500.0,4.3
2006-06-15,4.17,4.37,4.16,4.35,68921300.0,4.35
2006-06-14,4.16,4.32,4.13,4.16,68054800.0,4.16
2006-06-13,4.11,4.23,4.08,4.18,65864400.0,4.18
2006-06-12,4.23,4.25,4.07,4.11,35919300.0,4.11
2006-06-09,4.26,4.37,4.21,4.24,40784900.0,4.24
2006-06-08,4.3,4.31,4.15,4.23,51252200.0,4.23
2006-06-07,4.39,4.44,4.28,4.31,47599900.0,4.31
2006-06-06,4.42,4.43,4.34,4.37,35912900.0,4.37
2006-06-05,4.45,4.51,4.4,4.42,34271600.0,4.42
2006-06-02,4.54,4.54,4.45,4.46,46447200.0,4.46
2006-06-01,4.49,4.55,4.35,4.55,105276400.0,4.55
2006-05-31,4.58,4.66,4.55,4.63,63137700.0,4.63
2006-05-30,4.51,4.7,4.45,4.55,103227400.0,4.55
2006-05-26,4.34,4.44,4.29,4.42,56849400.0,4.42
2006-05-25,4.33,4.37,4.29,4.33,40331200.0,4.33
2006-05-24,4.33,4.4,4.17,4.32,107863400.0,4.32
2006-05-23,4.55,4.58,4.28,4.29,112368100.0,4.29
2006-05-22,4.53,4.63,4.43,4.54,80580700.0,4.54
2006-05-19,4.63,4.7,4.56,4.59,66684700.0,4.59
2006-05-18,4.63,4.68,4.56,4.61,54222600.0,4.61
2006-05-17,4.56,4.65,4.52,4.58,72674900.0,4.58
2006-05-16,4.77,4.82,4.48,4.53,98088000.0,4.53
2006-05-15,4.8,4.9,4.67,4.75,67827700.0,4.75
2006-05-12,4.89,4.9,4.79,4.84,68865100.0,4.84
2006-05-11,5.05,5.1,4.88,4.89,52734100.0,4.89
2006-05-10,5.12,5.14,5.03,5.07,38619200.0,5.07
2006-05-09,5.07,5.19,5.07,5.15,68371400.0,5.15
2006-05-08,5.08,5.18,5.06,5.08,64485700.0,5.08
2006-05-05,4.96,5.13,4.95,5.1,97904400.0,5.1
2006-05-04,4.91,4.97,4.87,4.95,40840600.0,4.95
2006-05-03,4.97,4.97,4.84,4.89,59813100.0,4.89
2006-05-02,4.93,5.06,4.92,4.95,68928800.0,4.95
2006-05-01,5.03,5.03,4.9,4.91,47512000.0,4.91
2006-04-28,4.93,5.05,4.92,5.0,37720900.0,5.0
2006-04-27,4.95,5.03,4.94,4.95,41317200.0,4.95
2006-04-26,4.99,5.14,4.92,5.02,56406800.0,5.02
2006-04-25,5.2,5.25,4.92,4.99,240525200.0,4.99
2006-04-24,4.9,5.0,4.84,4.98,108338200.0,4.98
2006-04-21,5.04,5.07,4.91,4.93,81506100.0,4.93
2006-04-20,5.04,5.09,5.01,5.04,79494700.0,5.04
2006-04-19,4.94,5.02,4.87,4.95,46574900.0,4.95
2006-04-18,4.85,5.04,4.7,4.98,125114000.0,4.98
2006-04-17,4.99,4.99,4.81,4.84,50490200.0,4.84
2006-04-13,4.94,5.02,4.91,4.99,33487400.0,4.99
2006-04-12,5.0,5.05,4.91,4.97,51466000.0,4.97
2006-04-11,5.12,5.15,4.89,5.01,66544900.0,5.01
2006-04-10,5.24,5.24,5.09,5.11,51620900.0,5.11
2006-04-07,5.22,5.35,5.22,5.24,87068200.0,5.24
2006-04-06,5.11,5.25,5.1,5.24,49258700.0,5.24
2006-04-05,5.11,5.16,5.09,5.12,44098100.0,5.12
2006-04-04,5.08,5.15,5.06,5.11,34121100.0,5.11
2006-04-03,5.18,5.2,5.07,5.09,59810500.0,5.09
2006-03-31,5.21,5.22,5.12,5.13,48997600.0,5.13
2006-03-30,5.26,5.3,5.14,5.15,72303000.0,5.15
2006-03-29,5.22,5.38,5.21,5.25,184232000.0,5.25
2006-03-28,4.98,5.08,4.96,5.03,59025600.0,5.03
2006-03-27,5.0,5.4,4.98,4.99,81740600.0,4.99
2006-03-24,4.87,4.99,4.86,4.97,63523000.0,4.97
2006-03-23,4.77,4.96,4.75,4.87,69996900.0,4.87
2006-03-22,4.7,4.82,4.68,4.81,44788900.0,4.81
2006-03-21,4.85,4.89,4.67,4.72,89178400.0,4.72
2006-03-20,4.76,4.86,4.68,4.83,57097700.0,4.83
2006-03-17,4.79,4.93,4.72,4.75,68953500.0,4.75
2006-03-16,4.88,4.94,4.79,4.8,56730900.0,4.8
2006-03-15,4.66,4.9,4.63,4.86,86387800.0,4.86
2006-03-14,4.51,4.69,4.5,4.67,34807900.0,4.67
2006-03-13,4.58,4.6,4.51,4.54,23059700.0,4.54
2006-03-10,4.55,4.62,4.53,4.58,45544100.0,4.58
2006-03-09,4.47,4.63,4.46,4.51,70482200.0,4.51
2006-03-08,4.44,4.45,4.35,4.35,42811900.0,4.35
2006-03-07,4.45,4.49,4.4,4.46,37620500.0,4.46
2006-03-06,4.46,4.57,4.42,4.49,56576800.0,4.49
2006-03-03,4.25,4.65,4.2,4.43,96480800.0,4.43
2006-03-02,4.26,4.38,4.25,4.27,57892100.0,4.27
2006-03-01,4.18,4.31,4.16,4.29,59345100.0,4.29
2006-02-28,4.29,4.3,4.14,4.17,44973300.0,4.17
2006-02-27,4.28,4.33,4.25,4.31,30049800.0,4.31
2006-02-24,4.25,4.29,4.22,4.28,24557000.0,4.28
2006-02-23,4.33,4.34,4.25,4.27,28038800.0,4.27
2006-02-22,4.27,4.34,4.27,4.3,48699700.0,4.3
2006-02-21,4.3,4.34,4.24,4.25,31969700.0,4.25
2006-02-17,4.39,4.43,4.3,4.3,49068600.0,4.3
2006-02-16,4.34,4.37,4.28,4.37,39400800.0,4.37
2006-02-15,4.36,4.37,4.3,4.32,35477000.0,4.32
2006-02-14,4.34,4.46,4.3,4.39,46420600.0,4.39
2006-02-13,4.31,4.39,4.29,4.33,40483400.0,4.33
2006-02-10,4.37,4.4,4.31,4.38,33189200.0,4.38
2006-02-09,4.39,4.45,4.36,4.37,45637100.0,4.37
2006-02-08,4.32,4.42,4.32,4.38,48125200.0,4.38
2006-02-07,4.35,4.36,4.24,4.29,69029500.0,4.29
2006-02-06,4.4,4.44,4.34,4.36,38910400.0,4.36
2006-02-03,4.5,4.51,4.38,4.43,65993500.0,4.43
2006-02-02,4.55,4.6,4.45,4.53,47927700.0,4.53
2006-02-01,4.47,4.68,4.45,4.52,96876100.0,4.52
2006-01-31,4.4,4.57,4.39,4.5,98897600.0,4.5
2006-01-30,4.28,4.45,4.18,4.37,75713100.0,4.37
2006-01-27,4.37,4.38,4.19,4.29,66349200.0,4.29
2006-01-26,4.48,4.52,4.36,4.39,48809600.0,4.39
2006-01-25,4.3,4.52,4.26,4.44,85160900.0,4.44
2006-01-24,4.4,4.46,4.34,4.37,77314400.0,4.37
2006-01-23,4.48,4.49,4.34,4.39,68129100.0,4.39
2006-01-20,4.66,4.69,4.46,4.48,47856500.0,4.48
2006-01-19,4.62,4.7,4.59,4.7,33760600.0,4.7
2006-01-18,4.5,4.67,4.49,4.59,44429400.0,4.59
2006-01-17,4.66,4.7,4.4,4.61,53468900.0,4.61
2006-01-13,4.42,5.0,4.38,4.71,143415900.0,4.71
2006-01-12,4.5,4.58,4.4,4.4,37613400.0,4.4
2006-01-11,4.52,4.64,4.48,4.52,59188100.0,4.52
2006-01-10,4.57,4.57,4.44,4.51,53068400.0,4.51
2006-01-09,4.58,4.64,4.49,4.64,86400500.0,4.64
2006-01-06,4.75,4.85,4.68,4.71,97937500.0,4.71
2006-01-05,4.42,4.7,4.4,4.69,71759500.0,4.69
2006-01-04,4.32,4.45,4.32,4.41,41446300.0,4.41
2006-01-03,4.2,4.42,4.17,4.32,48265300.0,4.32
2005-12-30,4.22,4.25,4.14,4.19,31858800.0,4.19
2005-12-29,4.3,4.35,4.23,4.25,29578900.0,4.25
2005-12-28,4.27,4.35,4.25,4.32,29904400.0,4.32
2005-12-27,4.35,4.43,4.29,4.29,38247600.0,4.29
2005-12-23,4.33,4.38,4.3,4.36,21945200.0,4.36
2005-12-22,4.29,4.33,4.27,4.32,23850500.0,4.32
2005-12-21,4.27,4.39,4.23,4.28,32304400.0,4.28
2005-12-20,4.3,4.35,4.16,4.23,47854800.0,4.23
2005-12-19,4.42,4.45,4.31,4.31,28895000.0,4.31
2005-12-16,4.45,4.5,4.42,4.43,42981500.0,4.43
2005-12-15,4.41,4.46,4.35,4.46,36261900.0,4.46
2005-12-14,4.46,4.48,4.36,4.42,42539800.0,4.42
2005-12-13,4.33,4.49,4.33,4.49,85037904.0,4.49
2005-12-12,4.39,4.41,4.25,4.35,56346400.0,4.35
2005-12-09,4.17,4.44,4.15,4.33,123088000.0,4.33
2005-12-08,4.03,4.18,3.97,4.18,76173800.0,4.18
2005-12-07,4.14,4.2,4.01,4.02,88469904.0,4.02
2005-12-06,4.06,4.11,4.03,4.09,57163000.0,4.09
2005-12-05,3.97,4.08,3.96,4.0,58881800.0,4.0
2005-12-02,3.89,4.1,3.83,3.95,77295296.0,3.95
2005-12-01,3.8,3.94,3.78,3.88,47707400.0,3.88
2005-11-30,3.9,3.94,3.77,3.77,43117500.0,3.77
2005-11-29,3.94,3.98,3.87,3.89,78467600.0,3.89
2005-11-28,3.9,3.94,3.84,3.92,26988200.0,3.92
2005-11-25,3.92,3.95,3.87,3.9,11738100.0,3.9
2005-11-23,3.77,3.93,3.76,3.92,60423500.0,3.92
2005-11-22,3.78,3.84,3.76,3.77,26863900.0,3.77
2005-11-21,3.76,3.8,3.73,3.79,32816200.0,3.79
2005-11-18,3.69,3.82,3.66,3.75,67836896.0,3.75
2005-11-17,3.67,3.71,3.65,3.68,31061800.0,3.68
2005-11-16,3.67,3.7,3.62,3.66,32140900.0,3.66
2005-11-15,3.69,3.7,3.64,3.68,26279100.0,3.68
2005-11-14,3.74,3.78,3.67,3.69,25016900.0,3.69
2005-11-11,3.7,3.71,3.68,3.7,20918300.0,3.7
2005-11-10,3.76,3.77,3.63,3.68,71041400.0,3.68
2005-11-09,3.76,3.79,3.75,3.78,24584000.0,3.78
2005-11-08,3.79,3.83,3.74,3.77,86928304.0,3.77
2005-11-07,3.89,3.93,3.86,3.89,194648000.0,3.89
2005-11-04,3.88,3.92,3.83,3.9,35306700.0,3.9
2005-11-03,3.72,3.92,3.7,3.91,62582500.0,3.91
2005-11-02,3.77,3.8,3.66,3.73,81578496.0,3.73
2005-11-01,3.96,3.97,3.79,3.85,50374300.0,3.85
2005-10-31,3.89,4.01,3.87,4.0,57623300.0,4.0
2005-10-28,3.91,3.94,3.85,3.88,69641400.0,3.88
2005-10-27,3.92,3.94,3.85,3.9,41154600.0,3.9
2005-10-26,3.98,3.99,3.89,3.92,34093300.0,3.92
2005-10-25,4.02,4.02,3.93,3.97,32669200.0,3.97
2005-10-24,3.93,4.03,3.9,4.03,28891600.0,4.03
2005-10-21,3.95,3.97,3.88,3.89,24389300.0,3.89
2005-10-20,3.97,3.97,3.88,3.91,30486800.0,3.91
2005-10-19,3.9,3.98,3.88,3.97,24464500.0,3.97
2005-10-18,3.96,3.98,3.91,3.92,21955100.0,3.92
2005-10-17,3.99,4.05,3.92,3.94,24168300.0,3.94
2005-10-14,3.98,3.98,3.93,3.98,14748000.0,3.98
2005-10-13,3.91,4.04,3.91,3.96,35366600.0,3.96
2005-10-12,3.97,4.01,3.91,3.92,33962800.0,3.92
2005-10-11,4.05,4.11,3.96,4.0,33105800.0,4.0
2005-10-10,4.18,4.2,4.03,4.06,38946100.0,4.06
2005-10-07,4.19,4.2,4.07,4.17,34303300.0,4.17
2005-10-06,4.24,4.31,4.14,4.18,40396100.0,4.18
2005-10-05,4.28,4.34,4.21,4.21,52379000.0,4.21
2005-10-04,4.41,4.56,4.13,4.2,205632992.0,4.2
2005-10-03,3.91,4.26,3.9,4.19,140152992.0,4.19
2005-09-30,3.84,3.98,3.84,3.93,43517400.0,3.93
2005-09-29,3.88,3.89,3.83,3.87,34020900.0,3.87
2005-09-28,3.83,3.92,3.81,3.88,25975200.0,3.88
2005-09-27,3.91,3.93,3.82,3.82,27251900.0,3.82
2005-09-26,3.9,3.95,3.83,3.93,24789400.0,3.93
2005-09-23,3.87,3.92,3.83,3.87,19981600.0,3.87
2005-09-22,3.93,3.95,3.81,3.89,40289400.0,3.89
2005-09-21,3.97,4.03,3.92,3.94,26458300.0,3.94
2005-09-20,4.04,4.12,3.96,3.98,35998100.0,3.98
2005-09-19,3.98,4.06,3.9,4.04,37305000.0,4.04
2005-09-16,3.94,4.03,3.91,4.02,50211400.0,4.02
2005-09-15,4.07,4.1,3.9,3.93,49679200.0,3.93
2005-09-14,4.11,4.15,4.03,4.08,31295700.0,4.08
2005-09-13,4.08,4.2,4.07,4.1,34682500.0,4.1
2005-09-12,4.06,4.29,4.04,4.1,62312300.0,4.1
2005-09-09,3.99,4.07,3.98,4.0,47530000.0,4.0
2005-09-08,3.91,3.99,3.91,3.98,38258900.0,3.98
2005-09-07,3.83,3.96,3.82,3.93,30341700.0,3.93
2005-09-06,3.83,3.86,3.81,3.84,15443000.0,3.84
2005-09-02,3.82,3.85,3.77,3.82,24244400.0,3.82
2005-09-01,3.83,3.87,3.79,3.82,33920700.0,3.82
2005-08-31,3.76,3.84,3.75,3.8,59407900.0,3.8
2005-08-30,3.73,3.74,3.61,3.73,48849200.0,3.73
2005-08-29,3.66,3.8,3.63,3.71,35665300.0,3.71
2005-08-26,3.64,3.7,3.62,3.67,27787000.0,3.67
2005-08-25,3.6,3.71,3.59,3.63,39981400.0,3.63
2005-08-24,3.59,3.64,3.58,3.59,31077100.0,3.59
2005-08-23,3.61,3.62,3.58,3.59,17406900.0,3.59
2005-08-22,3.6,3.65,3.58,3.6,23840400.0,3.6
2005-08-19,3.65,3.67,3.59,3.6,38889800.0,3.6
2005-08-18,3.62,3.65,3.57,3.63,27470000.0,3.63
2005-08-17,3.69,3.76,3.59,3.61,69854800.0,3.61
2005-08-16,3.77,3.78,3.65,3.67,34101000.0,3.67
2005-08-15,3.84,3.85,3.74,3.76,33018100.0,3.76
2005-08-12,3.75,3.88,3.74,3.84,39792400.0,3.84
2005-08-11,3.72,3.81,3.72,3.78,26704200.0,3.78
2005-08-10,3.72,3.77,3.71,3.74,30486100.0,3.74
2005-08-09,3.72,3.75,3.7,3.71,28265000.0,3.71
2005-08-08,3.74,3.78,3.68,3.71,39712700.0,3.71
2005-08-05,3.79,3.8,3.7,3.72,38833900.0,3.72
2005-08-04,3.8,3.83,3.78,3.8,28896500.0,3.8
2005-08-03,3.82,3.87,3.81,3.81,38128300.0,3.81
2005-08-02,3.82,3.87,3.81,3.84,41309300.0,3.84
2005-08-01,3.85,3.86,3.82,3.82,32479100.0,3.82
2005-07-29,3.85,3.86,3.83,3.84,36374200.0,3.84
2005-07-28,3.89,3.9,3.83,3.85,35469300.0,3.85
2005-07-27,3.98,4.0,3.86,3.87,69457696.0,3.87
2005-07-26,3.82,3.94,3.81,3.85,41453500.0,3.85
2005-07-25,3.85,3.9,3.81,3.85,46652200.0,3.85
2005-07-22,3.84,3.89,3.84,3.88,42648900.0,3.88
2005-07-21,3.82,3.87,3.77,3.85,40349300.0,3.85
2005-07-20,3.74,3.88,3.74,3.81,43276700.0,3.81
2005-07-19,3.72,3.8,3.69,3.77,25076900.0,3.77
2005-07-18,3.75,3.76,3.69,3.69,17842200.0,3.69
2005-07-15,3.73,3.82,3.72,3.76,33733400.0,3.76
2005-07-14,3.75,3.77,3.72,3.74,28230900.0,3.74
2005-07-13,3.69,3.74,3.68,3.72,22060300.0,3.72
2005-07-12,3.67,3.71,3.64,3.7,21841100.0,3.7
2005-07-11,3.63,3.68,3.6,3.68,36512800.0,3.68
2005-07-08,3.62,3.67,3.59,3.63,52420700.0,3.63
2005-07-07,3.64,3.7,3.57,3.6,57905700.0,3.6
2005-07-06,3.63,3.8,3.62,3.7,60596600.0,3.7
2005-07-05,3.64,3.68,3.6,3.64,28440200.0,3.64
2005-07-01,3.73,3.76,3.62,3.65,43196600.0,3.65
2005-06-30,3.79,3.82,3.69,3.73,60379200.0,3.73
2005-06-29,3.73,3.81,3.69,3.79,37213000.0,3.79
2005-06-28,3.68,3.77,3.66,3.74,30424600.0,3.74
2005-06-27,3.72,3.83,3.68,3.69,33758200.0,3.69
2005-06-24,3.77,3.78,3.7,3.7,39576400.0,3.7
2005-06-23,3.85,3.87,3.74,3.75,28244200.0,3.75
2005-06-22,3.86,3.89,3.81,3.83,47812700.0,3.83
2005-06-21,3.84,3.88,3.78,3.85,34304600.0,3.85
2005-06-20,3.85,3.92,3.83,3.86,38813600.0,3.86
2005-06-17,3.91,3.93,3.86,3.87,55720200.0,3.87
2005-06-16,3.7,3.95,3.7,3.86,110227000.0,3.86
2005-06-15,3.62,3.74,3.59,3.71,49369900.0,3.71
2005-06-14,3.64,3.67,3.57,3.6,46377400.0,3.6
2005-06-13,3.66,3.72,3.6,3.64,47044300.0,3.64
2005-06-10,3.58,3.75,3.58,3.69,39101000.0,3.69
2005-06-09,3.63,3.65,3.57,3.6,41675000.0,3.6
2005-06-08,3.62,3.64,3.57,3.62,37791600.0,3.62
2005-06-07,3.62,3.67,3.58,3.61,37541200.0,3.61
2005-06-06,3.66,3.67,3.56,3.62,58114900.0,3.62
2005-06-03,3.75,3.75,3.64,3.66,59715300.0,3.66
2005-06-02,3.84,3.86,3.73,3.79,147892992.0,3.79
2005-06-01,3.82,3.95,3.8,3.93,31231000.0,3.93
2005-05-31,3.84,3.88,3.8,3.81,22748700.0,3.81
2005-05-27,3.82,3.9,3.81,3.87,31891300.0,3.87
2005-05-26,3.81,3.88,3.8,3.82,21686200.0,3.82
2005-05-25,3.79,3.87,3.76,3.8,28169800.0,3.8
2005-05-24,3.89,3.9,3.81,3.84,24534100.0,3.84
2005-05-23,3.92,3.93,3.89,3.89,19128800.0,3.89
2005-05-20,3.87,3.96,3.87,3.94,21022200.0,3.94
2005-05-19,3.93,3.95,3.87,3.89,37061200.0,3.89
2005-05-18,3.98,3.99,3.88,3.91,36548200.0,3.91
2005-05-17,3.94,3.99,3.86,3.98,31701500.0,3.98
2005-05-16,3.93,3.97,3.88,3.96,26383600.0,3.96
2005-05-13,3.95,3.97,3.82,3.94,34864800.0,3.94
2005-05-12,3.96,4.01,3.84,3.95,34420100.0,3.95
2005-05-11,3.81,3.98,3.75,3.97,47329100.0,3.97
2005-05-10,3.83,3.85,3.73,3.79,28999500.0,3.79
2005-05-09,3.85,3.89,3.77,3.85,31236400.0,3.85
2005-05-06,3.85,3.88,3.73,3.86,26721700.0,3.86
2005-05-05,3.88,3.88,3.76,3.83,23134900.0,3.83
2005-05-04,3.86,3.9,3.83,3.87,30075500.0,3.87
2005-05-03,3.75,3.88,3.74,3.82,56292900.0,3.82
2005-05-02,3.71,3.8,3.65,3.76,41481200.0,3.76
2005-04-29,3.9,3.98,3.59,3.62,153668992.0,3.62
2005-04-28,3.51,3.58,3.42,3.44,40499900.0,3.44
2005-04-27,3.5,3.58,3.45,3.54,32555900.0,3.54
2005-04-26,3.54,3.56,3.48,3.48,24689100.0,3.48
2005-04-25,3.52,3.57,3.51,3.52,21329800.0,3.52
2005-04-22,3.59,3.59,3.44,3.49,27024800.0,3.49
2005-04-21,3.5,3.6,3.46,3.56,42192600.0,3.56
2005-04-20,3.59,3.59,3.48,3.5,39174200.0,3.5
2005-04-19,3.59,3.64,3.54,3.56,40267600.0,3.56
2005-04-18,3.6,3.62,3.46,3.57,67621104.0,3.57
2005-04-15,3.76,3.8,3.59,3.66,79563400.0,3.66
2005-04-14,4.02,4.03,3.87,3.96,49908200.0,3.96
2005-04-13,4.05,4.06,4.0,4.02,21147300.0,4.02
2005-04-12,4.02,4.08,3.97,4.06,36955100.0,4.06
2005-04-11,4.1,4.1,4.02,4.05,25768800.0,4.05
2005-04-08,4.11,4.16,4.04,4.11,16952600.0,4.11
2005-04-07,4.0,4.12,4.0,4.12,27133700.0,4.12
2005-04-06,4.04,4.05,3.97,4.02,27764000.0,4.02
2005-04-05,4.04,4.06,3.99,4.02,19788600.0,4.02
2005-04-04,4.01,4.07,3.99,4.02,24313400.0,4.02
2005-04-01,4.08,4.09,4.02,4.05,22449900.0,4.05
2005-03-31,4.09,4.1,4.02,4.04,33768300.0,4.04
2005-03-30,4.08,4.15,4.03,4.09,31141300.0,4.09
2005-03-29,4.01,4.11,4.01,4.09,36198300.0,4.09
2005-03-28,4.04,4.1,4.01,4.03,37020000.0,4.03
2005-03-24,4.08,4.1,4.0,4.03,26515400.0,4.03
2005-03-23,3.98,4.12,3.87,4.08,84080304.0,4.08
2005-03-22,4.19,4.23,4.01,4.03,83601400.0,4.03
2005-03-21,4.19,4.27,4.16,4.21,24379100.0,4.21
2005-03-18,4.25,4.31,4.15,4.24,44000700.0,4.24
2005-03-17,4.2,4.28,4.12,4.23,24328500.0,4.23
2005-03-16,4.33,4.37,4.14,4.19,46753000.0,4.19
2005-03-15,4.41,4.45,4.33,4.35,29511500.0,4.35
2005-03-14,4.45,4.53,4.37,4.39,54922400.0,4.39
2005-03-11,4.38,4.5,4.37,4.45,40351200.0,4.45
2005-03-10,4.39,4.45,4.35,4.38,39296200.0,4.38
2005-03-09,4.37,4.48,4.34,4.36,31797000.0,4.36
2005-03-08,4.46,4.53,4.36,4.37,39096200.0,4.37
2005-03-07,4.34,4.53,4.32,4.48,57092600.0,4.48
2005-03-04,4.25,4.4,4.22,4.36,58898200.0,4.36
2005-03-03,4.23,4.26,4.18,4.21,20153400.0,4.21
2005-03-02,4.18,4.28,4.13,4.22,41588700.0,4.22
2005-03-01,4.2,4.27,4.17,4.19,41168600.0,4.19
2005-02-28,4.18,4.26,4.17,4.22,33815700.0,4.22
2005-02-25,4.21,4.26,4.16,4.18,33936000.0,4.18
2005-02-24,4.14,4.23,4.1,4.22,36372200.0,4.22
2005-02-23,4.09,4.17,4.07,4.15,39732200.0,4.15
2005-02-22,4.09,4.18,4.02,4.07,32599800.0,4.07
2005-02-18,4.16,4.2,4.11,4.16,32247200.0,4.16
2005-02-17,4.26,4.28,4.1,4.15,48406500.0,4.15
2005-02-16,4.24,4.29,4.22,4.25,32830700.0,4.25
2005-02-15,4.25,4.3,4.22,4.27,32895600.0,4.27
2005-02-14,4.32,4.35,4.23,4.25,26390600.0,4.25
2005-02-11,4.2,4.34,4.19,4.3,32477200.0,4.3
2005-02-10,4.22,4.27,4.16,4.24,28617700.0,4.24
2005-02-09,4.29,4.31,4.16,4.2,36013300.0,4.2
2005-02-08,4.31,4.35,4.25,4.25,32388800.0,4.25
2005-02-07,4.33,4.33,4.27,4.3,21122400.0,4.3
2005-02-04,4.22,4.36,4.21,4.32,46294700.0,4.32
2005-02-03,4.38,4.43,4.2,4.26,52802300.0,4.26
2005-02-02,4.46,4.48,4.34,4.39,44350500.0,4.39
2005-02-01,4.41,4.51,4.31,4.42,52242400.0,4.42
2005-01-31,4.35,4.45,4.29,4.36,68100496.0,4.36
2005-01-28,4.18,4.27,4.17,4.26,49966600.0,4.26
2005-01-27,4.14,4.18,4.1,4.12,34888600.0,4.12
2005-01-26,4.18,4.2,4.08,4.15,44350200.0,4.15
2005-01-25,4.14,4.18,4.11,4.14,30408800.0,4.14
2005-01-24,4.24,4.26,4.07,4.09,54793100.0,4.09
2005-01-21,4.27,4.34,4.16,4.17,50758900.0,4.17
2005-01-20,4.18,4.36,4.16,4.24,49763400.0,4.24
2005-01-19,4.36,4.37,4.15,4.17,71844600.0,4.17
2005-01-18,4.2,4.45,4.14,4.45,85768000.0,4.45
2005-01-14,4.39,4.4,4.15,4.22,145344992.0,4.22
2005-01-13,4.66,4.7,4.54,4.58,74883800.0,4.58
2005-01-12,4.55,4.65,4.53,4.61,48100600.0,4.61
2005-01-11,4.64,4.7,4.48,4.53,52048500.0,4.53
2005-01-10,4.61,4.7,4.5,4.61,44834600.0,4.61
2005-01-07,4.64,4.66,4.5,4.62,48983500.0,4.62
2005-01-06,4.73,4.77,4.55,4.6,59626200.0,4.6
2005-01-05,4.67,4.78,4.64,4.7,59645500.0,4.7
2005-01-04,5.03,5.05,4.62,4.63,132811000.0,4.63
2005-01-03,5.22,5.26,5.07,5.11,83881104.0,5.11
