Date,Open,High,Low,Close,Volume,Adj Close 
2012-08-30,24.93,25.0,24.93,24.99,9200.0,24.99
2012-08-29,24.94,24.98,24.9,24.94,43700.0,24.94
2012-08-28,24.97,25.0,24.9,24.91,51000.0,24.91
2012-08-27,24.98,25.0,24.97,24.98,16700.0,24.98
2012-08-24,25.0,25.0,24.98,25.0,6600.0,25.0
2012-08-23,24.98,25.02,24.98,25.01,15200.0,25.01
2012-08-22,24.98,25.0,24.97,25.0,18700.0,25.0
2012-08-21,24.97,25.0,24.97,24.98,31400.0,24.98
2012-08-20,24.94,24.98,24.92,24.97,23500.0,24.97
2012-08-17,24.98,24.99,24.91,24.91,25700.0,24.91
2012-08-16,24.95,24.98,24.91,24.95,53000.0,24.95
2012-08-15,24.94,24.96,24.92,24.96,13100.0,24.96
2012-08-14,24.96,24.96,24.92,24.92,24200.0,24.92
2012-08-13,24.96,24.98,24.92,24.97,19400.0,24.97
2012-08-10,24.94,24.98,24.85,24.97,61900.0,24.97
2012-08-09,24.91,24.95,24.9,24.94,60100.0,24.94
2012-08-08,24.88,24.92,24.86,24.91,36900.0,24.91
2012-08-07,24.97,24.97,24.87,24.92,25100.0,24.92
2012-08-06,24.96,24.97,24.91,24.92,23900.0,24.92
2012-08-03,24.97,24.98,24.9,24.9,30700.0,24.9
2012-08-02,24.98,24.98,24.92,24.93,42400.0,24.93
2012-08-01,24.98,25.0,24.92,24.95,32000.0,24.95
2012-07-31,24.98,24.98,24.93,24.96,12100.0,24.96
2012-07-30,24.98,25.0,24.96,25.0,29200.0,25.0
2012-07-27,24.9,25.0,24.9,24.98,51200.0,24.98
2012-07-26,24.9,24.92,24.79,24.88,811200.0,24.88
2012-07-25,24.84,24.88,24.8,24.85,64000.0,24.85
2012-07-24,24.88,24.88,24.77,24.78,43000.0,24.78
2012-07-23,24.93,24.93,24.81,24.86,145600.0,24.86
2012-07-20,24.88,24.95,24.8,24.94,119700.0,24.94
2012-07-19,24.85,24.9,24.85,24.88,41100.0,24.88
2012-07-18,24.85,24.91,24.81,24.85,47300.0,24.85
2012-07-17,24.83,24.9,24.8,24.83,24200.0,24.83
2012-07-16,24.79,24.82,24.76,24.81,25200.0,24.81
2012-07-13,24.72,24.83,24.72,24.79,26100.0,24.79
2012-07-12,24.72,24.76,24.68,24.75,33900.0,24.75
2012-07-11,24.74,24.77,24.65,24.67,41700.0,24.67
2012-07-10,24.72,24.76,24.66,24.72,47100.0,24.72
2012-07-09,24.74,24.74,24.66,24.7,29400.0,24.7
2012-07-06,24.71,24.75,24.65,24.7,19200.0,24.7
2012-07-05,24.64,24.7,24.61,24.7,42500.0,24.7
2012-07-03,24.56,24.66,24.55,24.59,40500.0,24.59
2012-07-02,24.62,24.62,24.52,24.62,36000.0,24.62
2012-06-29,24.6,24.6,24.46,24.57,59000.0,24.57
2012-06-28,24.46,24.52,24.39,24.47,84500.0,24.47
2012-06-27,24.32,24.51,24.3,24.49,216400.0,24.49
2012-06-26,24.59,24.72,24.57,24.62,141400.0,24.62
2012-06-25,24.21,24.7,24.21,24.55,103700.0,24.55
2012-06-22,24.2,24.29,24.11,24.18,45900.0,24.18
2012-06-21,24.32,24.32,24.15,24.15,61400.0,24.15
2012-06-20,24.26,24.33,24.18,24.2,66900.0,24.2
2012-06-19,24.19,24.19,24.09,24.18,197400.0,24.18
2012-06-18,24.08,24.1,23.98,24.03,42800.0,24.03
2012-06-15,24.06,24.1,23.96,24.09,32300.0,24.09
2012-06-14,23.99,24.09,23.94,23.99,32300.0,23.99
2012-06-13,23.91,23.98,23.84,23.98,30500.0,23.98
2012-06-12,23.74,23.86,23.73,23.86,44900.0,23.86
2012-06-11,23.76,23.76,23.65,23.68,12500.0,23.68
2012-06-08,23.66,23.68,23.6,23.65,17200.0,23.65
2012-06-07,23.68,23.75,23.6,23.63,62800.0,23.63
2012-06-06,23.5,23.72,23.49,23.66,28000.0,23.66
2012-06-05,23.37,23.51,23.33,23.46,17100.0,23.46
2012-06-04,23.39,23.39,23.25,23.31,16400.0,23.31
2012-06-01,23.38,23.45,23.27,23.29,19900.0,23.29
2012-05-31,23.56,23.61,23.5,23.5,18200.0,23.5
2012-05-30,23.65,23.72,23.59,23.62,24200.0,23.62
2012-05-29,23.78,23.78,23.58,23.68,28000.0,23.68
2012-05-25,23.5,23.67,23.42,23.67,13100.0,23.67
2012-05-24,23.35,23.71,23.35,23.45,48100.0,23.45
2012-05-23,23.25,23.54,23.1,23.46,102000.0,23.46
2012-05-22,23.38,23.78,23.35,23.4,73000.0,23.4
2012-05-21,23.09,23.39,23.06,23.3,24100.0,23.3
2012-05-18,23.01,23.09,22.85,23.09,97700.0,23.09
2012-05-17,23.31,23.31,22.88,23.1,31900.0,23.1
2012-05-16,23.53,23.53,23.25,23.29,118000.0,23.29
2012-05-15,23.47,23.54,23.46,23.51,15000.0,23.51
2012-05-14,23.57,23.57,23.4,23.47,14100.0,23.47
2012-05-11,23.65,23.84,23.58,23.68,31000.0,23.68
2012-05-10,23.76,23.82,23.68,23.81,6000.0,23.81
2012-05-09,23.86,23.86,23.57,23.65,29000.0,23.65
2012-05-08,23.81,23.87,23.8,23.86,20300.0,23.86
2012-05-07,23.86,23.86,23.79,23.85,16000.0,23.85
2012-05-04,23.93,23.94,23.8,23.84,27700.0,23.84
2012-05-03,23.96,23.96,23.89,23.92,22000.0,23.92
2012-05-02,23.83,23.94,23.78,23.94,30000.0,23.94
2012-05-01,23.81,23.82,23.74,23.77,19000.0,23.77
2012-04-30,23.84,23.88,23.72,23.74,31000.0,23.74
2012-04-27,23.8,23.85,23.75,23.85,16400.0,23.85
2012-04-26,23.72,23.82,23.72,23.75,84000.0,23.75
2012-04-25,23.76,23.78,23.68,23.77,27900.0,23.77
2012-04-24,23.73,23.79,23.66,23.72,26500.0,23.72
2012-04-23,23.73,23.75,23.61,23.71,24300.0,23.71
2012-04-20,23.64,23.77,23.6,23.77,32800.0,23.77
2012-04-19,23.67,23.68,23.58,23.65,19700.0,23.65
2012-04-18,23.65,23.65,23.58,23.64,146700.0,23.64
2012-04-17,23.63,23.71,23.58,23.63,70600.0,23.63
2012-04-16,23.56,23.66,23.54,23.56,39100.0,23.56
2012-04-13,23.57,23.66,23.5,23.59,26400.0,23.59
2012-04-12,23.63,23.63,23.51,23.53,103600.0,23.53
2012-04-11,23.47,23.63,23.47,23.62,63500.0,23.62
2012-04-10,23.7,23.7,23.48,23.48,30400.0,23.48
2012-04-09,23.6,23.71,23.6,23.68,16200.0,23.68
2012-04-05,23.48,23.65,23.47,23.65,106200.0,23.65
2012-04-04,23.5,23.5,23.45,23.47,10200.0,23.47
2012-04-03,23.57,23.58,23.5,23.5,96300.0,23.5
2012-04-02,23.5,23.6,23.5,23.53,66500.0,23.53
2012-03-30,23.51,23.56,23.45,23.53,50900.0,23.53
2012-03-29,23.48,23.49,23.39,23.46,30400.0,23.46
2012-03-28,23.58,23.58,23.4,23.45,19200.0,23.45
2012-03-27,24.04,24.04,23.87,23.93,62100.0,23.93
2012-03-26,24.12,24.12,23.98,23.99,80800.0,23.99
2012-03-23,24.08,24.14,24.0,24.02,105600.0,24.02
2012-03-22,24.15,24.15,24.06,24.13,104900.0,24.13
2012-03-21,24.22,24.28,24.1,24.1,132000.0,24.1
2012-03-20,24.27,24.27,24.13,24.14,21400.0,24.14
2012-03-19,24.18,24.35,24.14,24.27,21600.0,24.27
2012-03-16,24.15,24.18,24.0,24.12,148900.0,24.12
2012-03-15,24.16,24.17,23.98,24.1,23800.0,24.1
2012-03-14,24.14,24.25,24.08,24.12,23900.0,24.12
2012-03-13,24.1,24.15,24.02,24.08,23600.0,24.08
2012-03-12,24.03,24.14,23.99,24.03,45200.0,24.03
2012-03-09,23.97,24.09,23.95,23.95,60900.0,23.95
2012-03-08,23.87,23.91,23.82,23.9,21100.0,23.9
2012-03-07,23.78,23.8,23.66,23.73,28600.0,23.73
2012-03-06,23.9,23.9,23.53,23.64,73200.0,23.64
2012-03-05,24.35,24.35,23.95,24.0,85800.0,24.0
2012-03-02,24.32,24.37,24.22,24.31,33700.0,24.31
2012-03-01,24.37,24.37,24.2,24.28,52000.0,24.28
2012-02-29,24.06,24.29,24.01,24.26,54800.0,24.26
2012-02-28,23.86,24.02,23.72,24.02,100500.0,24.02
2012-02-27,23.77,23.94,23.69,23.85,28800.0,23.85
2012-02-24,23.72,23.9,23.68,23.79,19900.0,23.79
2012-02-23,23.79,23.8,23.63,23.74,68100.0,23.74
2012-02-22,23.72,23.78,23.66,23.74,84900.0,23.74
2012-02-21,23.55,23.74,23.4,23.72,65400.0,23.72
2012-02-17,23.45,23.61,23.36,23.42,29400.0,23.42
2012-02-16,23.44,23.44,23.25,23.4,213900.0,23.4
2012-02-15,23.64,23.64,23.29,23.35,89200.0,23.35
2012-02-14,23.55,23.57,23.41,23.49,26800.0,23.49
2012-02-13,23.54,23.82,23.43,23.52,27700.0,23.52
2012-02-10,23.39,23.55,23.25,23.37,47000.0,23.37
2012-02-09,23.3,23.54,23.26,23.41,26800.0,23.41
2012-02-08,23.16,23.28,23.12,23.22,19000.0,23.22
2012-02-07,23.14,23.15,23.0,23.12,12700.0,23.12
2012-02-06,23.14,23.17,23.03,23.08,17000.0,23.08
2012-02-03,23.0,23.22,23.0,23.11,16600.0,23.11
2012-02-02,22.89,22.98,22.83,22.96,136600.0,22.96
2012-02-01,22.95,22.99,22.84,22.85,66300.0,22.85
2012-01-31,22.59,22.96,22.52,22.94,76200.0,22.94
2012-01-30,22.43,22.55,22.42,22.52,13200.0,22.52
2012-01-27,22.52,22.6,22.35,22.59,26900.0,22.59
2012-01-26,22.1,22.59,22.1,22.47,30300.0,22.47
2012-01-25,21.98,22.17,21.95,22.1,88200.0,22.1
2012-01-24,22.26,22.27,22.11,22.13,94000.0,22.13
2012-01-23,22.29,22.34,22.14,22.24,112700.0,22.24
2012-01-20,21.95,22.18,21.82,22.11,22700.0,22.11
2012-01-19,21.65,22.2,21.65,22.07,55100.0,22.07
2012-01-18,21.58,21.64,21.54,21.57,12800.0,21.57
2012-01-17,21.47,21.75,21.42,21.49,39900.0,21.49
2012-01-13,21.35,21.47,21.21,21.41,50800.0,21.41
2012-01-12,21.3,21.46,21.21,21.41,131300.0,21.41
2012-01-11,21.36,21.5,21.03,21.17,100200.0,21.17
2012-01-10,21.54,21.56,21.45,21.56,41700.0,21.56
2012-01-09,21.55,21.55,21.34,21.44,49400.0,21.44
2012-01-06,21.38,21.5,21.1,21.44,241000.0,21.44
2012-01-05,20.55,21.3,20.55,21.27,63700.0,21.27
2012-01-04,20.31,20.58,20.19,20.55,57500.0,20.55
2012-01-03,20.14,20.48,20.03,20.19,44100.0,20.19
2011-12-30,19.92,19.92,19.54,19.86,41900.0,19.86
2011-12-29,19.62,19.84,19.61,19.78,31100.0,19.78
2011-12-28,20.17,20.17,19.75,19.75,47900.0,19.75
2011-12-27,20.96,20.96,20.47,20.47,32700.0,20.47
2011-12-23,20.7,20.89,20.68,20.85,20800.0,20.85
2011-12-22,20.2,20.81,20.2,20.66,52000.0,20.66
2011-12-21,20.48,20.6,20.07,20.23,31500.0,20.23
2011-12-20,20.78,20.81,20.18,20.26,36500.0,20.26
2011-12-19,21.14,21.14,20.52,20.59,38200.0,20.59
2011-12-16,21.27,21.29,21.0,21.0,19500.0,21.0
2011-12-15,21.56,21.56,21.2,21.28,68400.0,21.28
2011-12-14,21.22,21.45,21.15,21.43,81900.0,21.43
2011-12-13,21.29,21.57,21.07,21.44,73900.0,21.44
2011-12-12,21.12,21.21,20.85,21.19,36900.0,21.19
2011-12-09,21.15,21.2,20.93,21.17,13100.0,21.17
2011-12-08,20.94,21.11,20.87,21.03,48600.0,21.03
2011-12-07,21.22,21.25,20.84,21.21,75300.0,21.21
2011-12-06,20.7,21.08,20.65,21.08,18500.0,21.08
2011-12-05,20.55,20.81,20.55,20.78,43200.0,20.78
2011-12-02,20.57,20.6,20.24,20.46,26500.0,20.46
2011-12-01,20.11,20.4,20.11,20.4,29000.0,20.4
2011-11-30,19.97,20.33,19.85,20.32,49500.0,20.32
2011-11-29,20.22,20.22,19.42,19.6,28300.0,19.6
2011-11-28,20.69,20.69,20.12,20.16,28400.0,20.16
2011-11-25,19.77,20.12,19.77,19.97,7900.0,19.97
2011-11-23,20.18,20.18,19.7,19.88,39800.0,19.88
2011-11-22,20.65,20.77,20.19,20.19,22800.0,20.19
2011-11-21,20.88,20.92,20.66,20.73,34200.0,20.73
2011-11-18,21.22,21.22,20.87,20.92,17700.0,20.92
2011-11-17,21.27,21.39,20.99,21.13,42600.0,21.13
2011-11-16,21.6,21.65,21.21,21.27,28000.0,21.27
2011-11-15,21.61,21.68,21.47,21.6,22300.0,21.6
2011-11-14,21.77,21.77,21.58,21.58,16200.0,21.58
2011-11-11,21.77,21.89,21.66,21.72,15700.0,21.72
2011-11-10,21.63,21.8,21.21,21.6,27200.0,21.6
2011-11-09,21.25,22.08,21.23,21.6,59700.0,21.6
2011-11-08,21.95,21.95,21.7,21.77,91700.0,21.77
2011-11-07,21.95,21.95,21.72,21.86,76200.0,21.86
2011-11-04,21.36,22.0,21.36,21.86,50200.0,21.86
2011-11-03,21.37,21.48,21.12,21.29,28700.0,21.29
2011-11-02,21.39,21.4,21.13,21.25,23200.0,21.25
2011-11-01,21.58,21.58,20.94,21.19,52700.0,21.19
2011-10-31,22.15,22.15,21.79,21.86,19400.0,21.86
2011-10-28,22.19,22.19,22.04,22.18,12800.0,22.18
2011-10-27,22.2,22.5,22.0,22.2,44300.0,22.2
2011-10-26,21.72,22.0,21.46,21.86,32000.0,21.86
2011-10-25,21.75,21.83,21.51,21.61,60600.0,21.61
2011-10-24,21.54,22.0,21.54,21.72,61700.0,21.72
2011-10-21,21.5,21.87,21.49,21.69,62200.0,21.69
2011-10-20,21.22,21.5,20.94,21.5,21500.0,21.5
2011-10-19,21.25,21.48,20.95,21.1,81700.0,21.1
2011-10-18,20.58,21.15,20.52,21.1,77200.0,21.1
2011-10-17,20.41,20.6,20.38,20.47,129800.0,20.47
2011-10-14,20.67,20.71,20.4,20.55,40900.0,20.55
2011-10-13,20.43,20.56,20.07,20.49,120000.0,20.49
2011-10-12,20.38,20.75,20.38,20.62,88900.0,20.62
2011-10-11,19.95,20.47,19.95,20.33,55600.0,20.33
2011-10-10,19.9,20.37,19.76,20.13,29200.0,20.13
2011-10-07,19.85,20.09,19.54,19.77,38800.0,19.77
2011-10-06,18.93,19.95,18.81,19.71,46000.0,19.71
2011-10-05,18.76,18.97,18.37,18.9,109300.0,18.9
2011-10-04,19.1,19.11,17.93,18.57,100200.0,18.57
2011-10-03,19.46,19.71,18.97,19.09,325600.0,19.09
2011-09-30,19.97,19.97,19.15,19.19,106500.0,19.19
2011-09-29,20.03,20.2,19.81,20.0,124500.0,20.0
2011-09-28,20.02,20.19,19.89,20.0,252000.0,20.0
2011-09-27,20.41,20.66,20.41,20.57,105500.0,20.57
2011-09-26,20.33,20.43,19.93,20.38,515400.0,20.38
2011-09-23,19.31,20.14,19.31,20.07,209500.0,20.07
2011-09-22,19.74,19.86,19.37,19.66,292800.0,19.66
2011-09-21,20.35,20.38,19.57,19.93,327000.0,19.93
2011-09-20,20.15,20.33,20.05,20.16,92500.0,20.16
2011-09-19,20.01,20.21,19.76,20.2,262300.0,20.2
2011-09-16,20.35,20.47,19.63,20.41,638800.0,20.41
2011-09-15,19.95,20.65,19.85,20.6,160100.0,20.6
2011-09-14,19.5,19.94,19.5,19.75,207800.0,19.75
2011-09-13,20.09,20.09,19.27,19.44,126700.0,19.44
2011-09-12,20.69,20.69,19.42,19.63,157500.0,19.63
2011-09-09,21.0,21.07,20.72,20.8,80000.0,20.8
2011-09-08,21.52,21.52,21.0,21.07,49300.0,21.07
2011-09-07,21.19,21.65,21.19,21.45,52600.0,21.45
2011-09-06,20.69,21.24,20.3,20.88,170000.0,20.88
2011-09-02,21.43,21.53,20.86,21.24,70800.0,21.24
2011-09-01,22.03,22.11,21.73,21.76,108700.0,21.76
2011-08-31,22.27,22.47,22.0,22.01,171600.0,22.01
2011-08-30,21.65,22.06,21.62,22.02,386800.0,22.02
2011-08-29,21.69,21.96,21.66,21.78,678900.0,21.78
2011-08-26,21.28,21.78,21.28,21.55,294400.0,21.55
2011-08-25,21.43,23.0,21.43,21.78,1044800.0,21.78
2011-08-24,19.05,20.4,19.0,20.4,160700.0,20.4
2011-08-23,19.25,19.4,18.56,19.12,109400.0,19.12
2011-08-22,20.83,20.86,19.39,19.5,117500.0,19.5
2011-08-19,20.12,20.88,20.12,20.66,93200.0,20.66
2011-08-18,21.07,21.07,19.9,20.79,167800.0,20.79
2011-08-17,21.3,21.39,21.03,21.28,81700.0,21.28
2011-08-16,20.75,21.09,20.63,20.9,88300.0,20.9
2011-08-15,20.24,21.34,20.24,21.0,187800.0,21.0
2011-08-12,19.9,20.4,19.7,20.19,255900.0,20.19
2011-08-11,19.0,19.91,19.0,19.69,234000.0,19.69
2011-08-10,19.68,20.1,18.26,19.25,599900.0,19.25
2011-08-09,18.5,20.38,18.5,19.78,493600.0,19.78
2011-08-08,21.6,21.65,17.46,18.25,2378800.0,18.25
2011-08-05,23.89,23.95,21.5,22.45,603700.0,22.45
2011-08-04,24.33,24.33,23.82,23.87,23900.0,23.87
2011-08-03,24.26,24.35,24.22,24.34,24900.0,24.34
2011-08-02,24.38,24.38,24.3,24.3,5000.0,24.3
2011-08-01,24.36,24.38,24.22,24.36,26900.0,24.36
2011-07-29,24.15,24.28,23.97,24.2,27800.0,24.2
2011-07-28,24.41,24.41,24.23,24.29,64900.0,24.29
2011-07-27,24.35,24.4,24.25,24.33,66800.0,24.33
2011-07-26,24.38,24.47,24.33,24.4,64400.0,24.4
2011-07-25,24.46,24.5,24.41,24.43,19200.0,24.43
2011-07-22,24.49,24.55,24.45,24.51,121900.0,24.51
2011-07-21,24.42,24.54,24.42,24.52,67700.0,24.52
2011-07-20,24.38,24.49,24.37,24.45,46200.0,24.45
2011-07-19,24.43,24.54,24.33,24.4,53300.0,24.4
2011-07-18,24.68,24.68,24.43,24.45,44300.0,24.45
2011-07-15,24.7,24.75,24.58,24.69,44200.0,24.69
2011-07-14,24.55,24.72,24.55,24.72,23000.0,24.72
2011-07-13,24.6,24.66,24.5,24.57,53900.0,24.57
2011-07-12,24.62,24.62,24.52,24.56,33100.0,24.56
2011-07-11,24.7,24.71,24.54,24.58,45500.0,24.58
2011-07-08,24.67,24.75,24.61,24.63,49700.0,24.63
2011-07-07,24.79,24.79,24.66,24.71,28900.0,24.71
2011-07-06,24.72,24.8,24.55,24.76,53400.0,24.76
2011-07-05,24.77,24.88,24.63,24.68,79800.0,24.68
2011-07-01,24.79,24.9,24.71,24.71,21600.0,24.71
2011-06-30,24.7,24.8,24.7,24.75,177800.0,24.75
2011-06-29,24.75,24.79,24.66,24.69,1368500.0,24.69
2011-06-28,24.55,24.66,24.46,24.65,53000.0,24.65
2011-06-27,24.78,24.92,24.78,24.9,21600.0,24.9
2011-06-24,24.83,24.85,24.76,24.85,11100.0,24.85
2011-06-23,24.78,24.82,24.68,24.82,27200.0,24.82
2011-06-22,24.81,24.85,24.76,24.81,11400.0,24.81
2011-06-21,24.72,24.77,24.68,24.77,24400.0,24.77
2011-06-20,24.69,24.73,24.64,24.71,70100.0,24.71
2011-06-17,24.64,24.75,24.62,24.74,129500.0,24.74
2011-06-16,24.72,24.74,24.6,24.6,29600.0,24.6
2011-06-15,24.83,24.86,24.65,24.69,11800.0,24.69
2011-06-14,24.72,24.85,24.69,24.8,26200.0,24.8
2011-06-13,24.76,24.79,24.67,24.67,22700.0,24.67
2011-06-10,24.79,24.85,24.7,24.71,17200.0,24.71
2011-06-09,24.85,25.05,24.77,24.77,61400.0,24.77
2011-06-08,24.86,24.87,24.76,24.86,26800.0,24.86
2011-06-07,24.78,24.93,24.77,24.9,53000.0,24.9
2011-06-06,24.83,24.84,24.75,24.8,19400.0,24.8
2011-06-03,24.76,24.84,24.73,24.79,71700.0,24.79
2011-06-02,25.04,25.04,24.76,24.81,41100.0,24.81
2011-06-01,25.04,25.05,25.0,25.0,12600.0,25.0
2011-05-31,25.0,25.1,24.97,25.02,16100.0,25.02
2011-05-27,25.11,25.11,24.98,24.99,58900.0,24.99
2011-05-26,24.98,25.08,24.94,25.06,12000.0,25.06
2011-05-25,25.0,25.02,24.97,25.01,11700.0,25.01
2011-05-24,24.99,25.07,24.95,25.05,27900.0,25.05
2011-05-23,25.1,25.1,24.96,25.04,48300.0,25.04
2011-05-20,25.29,25.29,25.05,25.09,33100.0,25.09
2011-05-19,24.94,25.18,24.94,25.15,32300.0,25.15
2011-05-18,24.9,24.99,24.9,24.94,27200.0,24.94
2011-05-17,24.96,25.0,24.85,24.9,603200.0,24.9
2011-05-16,24.9,24.95,24.9,24.94,51700.0,24.94
2011-05-13,24.93,24.98,24.9,24.9,18900.0,24.9
2011-05-12,24.93,25.0,24.88,24.93,216000.0,24.93
2011-05-11,24.91,25.0,24.88,24.97,56900.0,24.97
2011-05-10,24.79,24.95,24.76,24.91,111400.0,24.91
2011-05-09,24.74,24.8,24.7,24.8,76000.0,24.8
2011-05-06,24.62,24.78,24.62,24.78,134300.0,24.78
2011-05-05,24.63,24.69,24.59,24.61,39200.0,24.61
2011-05-04,24.73,24.75,24.64,24.67,29000.0,24.67
2011-05-03,24.72,24.76,24.66,24.73,36000.0,24.73
2011-05-02,24.75,24.76,24.62,24.71,20000.0,24.71
2011-04-29,24.74,24.79,24.69,24.72,33000.0,24.72
2011-04-28,24.75,24.79,24.63,24.79,47200.0,24.79
2011-04-27,24.67,24.74,24.65,24.74,42300.0,24.74
2011-04-26,24.7,24.75,24.65,24.72,30000.0,24.72
2011-04-25,24.71,24.72,24.65,24.72,21000.0,24.72
2011-04-21,24.74,24.87,24.63,24.71,27600.0,24.71
2011-04-20,24.63,24.75,24.59,24.74,56300.0,24.74
2011-04-19,24.46,24.59,24.45,24.59,27500.0,24.59
2011-04-18,24.65,24.65,24.45,24.46,44900.0,24.46
2011-04-15,24.6,24.77,24.6,24.65,22300.0,24.65
2011-04-14,24.53,24.66,24.53,24.6,19800.0,24.6
2011-04-13,24.57,24.62,24.45,24.57,32400.0,24.57
2011-04-12,24.64,24.68,24.57,24.6,23400.0,24.6
2011-04-11,24.8,24.83,24.66,24.66,35000.0,24.66
2011-04-08,24.82,24.83,24.73,24.75,18400.0,24.75
2011-04-07,24.77,24.86,24.75,24.78,31600.0,24.78
2011-04-06,24.81,24.87,24.77,24.79,54100.0,24.79
2011-04-05,24.83,24.89,24.77,24.85,42300.0,24.85
2011-04-04,24.8,24.82,24.71,24.77,345900.0,24.77
2011-04-01,24.82,24.85,24.75,24.76,147800.0,24.76
2011-03-31,24.69,24.9,24.66,24.77,118700.0,24.77
2011-03-30,24.47,24.8,24.47,24.72,262800.0,24.72
2011-03-29,24.4,24.56,24.4,24.49,217300.0,24.49
2011-03-28,24.75,24.86,24.69,24.8,138700.0,24.8
2011-03-25,24.54,24.79,24.54,24.76,93800.0,24.76
2011-03-24,24.64,24.71,24.55,24.55,48600.0,24.55
2011-03-23,24.65,24.74,24.45,24.7,269100.0,24.7
2011-03-22,24.52,24.7,24.51,24.69,24500.0,24.69
2011-03-21,24.5,24.61,24.5,24.54,29800.0,24.54
2011-03-18,24.55,24.62,24.47,24.5,129200.0,24.5
2011-03-17,24.45,24.55,24.44,24.5,74900.0,24.5
2011-03-16,24.37,24.5,24.35,24.45,297000.0,24.45
2011-03-15,24.4,24.45,24.3,24.37,34600.0,24.37
2011-03-14,24.47,24.53,24.43,24.53,28200.0,24.53
2011-03-11,24.5,24.59,24.43,24.51,48600.0,24.51
2011-03-10,24.48,24.5,24.46,24.5,57300.0,24.5
2011-03-09,24.53,24.56,24.47,24.5,255100.0,24.5
2011-03-08,24.31,24.62,24.31,24.55,298700.0,24.55
2011-03-07,24.39,24.44,24.33,24.35,19900.0,24.35
2011-03-04,24.48,24.49,24.35,24.43,46400.0,24.43
2011-03-03,24.48,24.56,24.25,24.52,433500.0,24.52
2011-03-02,24.3,24.51,24.3,24.48,10800.0,24.48
2011-03-01,24.53,24.53,24.29,24.35,17000.0,24.35
2011-02-28,24.3,24.44,24.23,24.43,44000.0,24.43
2011-02-25,24.35,24.39,24.27,24.27,18800.0,24.27
2011-02-24,24.28,24.35,24.25,24.31,39100.0,24.31
2011-02-23,24.22,24.3,24.17,24.27,46600.0,24.27
2011-02-22,24.47,24.49,24.18,24.18,27400.0,24.18
2011-02-18,24.44,24.55,24.38,24.51,78300.0,24.51
2011-02-17,24.45,24.6,24.42,24.49,78300.0,24.49
2011-02-16,24.38,24.5,24.38,24.46,35100.0,24.46
2011-02-15,24.51,24.52,24.35,24.43,78000.0,24.43
2011-02-14,24.51,24.56,24.42,24.56,20000.0,24.56
2011-02-11,24.35,24.51,24.35,24.51,18100.0,24.51
2011-02-10,24.3,24.4,24.26,24.4,15000.0,24.4
2011-02-09,24.28,24.35,24.23,24.3,155500.0,24.3
2011-02-08,24.21,24.32,24.18,24.32,81200.0,24.32
2011-02-07,24.27,24.3,24.22,24.22,10300.0,24.22
2011-02-04,24.12,24.38,24.12,24.3,440500.0,24.3
2011-02-03,24.25,24.26,24.16,24.16,45400.0,24.16
2011-02-02,24.21,24.39,24.21,24.23,396600.0,24.23
2011-02-01,24.16,24.5,24.13,24.26,628400.0,24.26
2011-01-31,24.02,24.13,23.98,24.13,92900.0,24.13
2011-01-28,24.07,24.19,24.0,24.0,17900.0,24.0
2011-01-27,24.05,24.13,24.0,24.05,22100.0,24.05
2011-01-26,23.95,24.1,23.95,24.0,35700.0,24.0
2011-01-25,23.91,24.0,23.9,24.0,90100.0,24.0
2011-01-24,23.91,23.99,23.87,23.95,40000.0,23.95
2011-01-21,23.95,23.95,23.85,23.9,83800.0,23.9
2011-01-20,23.86,23.97,23.86,23.91,77100.0,23.91
2011-01-19,23.91,23.91,23.82,23.9,52300.0,23.9
2011-01-18,23.88,23.93,23.74,23.92,46600.0,23.92
2011-01-14,23.85,23.93,23.85,23.91,29200.0,23.91
2011-01-13,23.94,23.94,23.82,23.9,86200.0,23.9
2011-01-12,23.81,23.95,23.8,23.9,406400.0,23.9
2011-01-11,23.85,23.87,23.79,23.79,148900.0,23.79
2011-01-10,23.81,23.9,23.77,23.83,66100.0,23.83
2011-01-07,23.85,23.93,23.8,23.85,73500.0,23.85
2011-01-06,23.86,23.88,23.75,23.85,79500.0,23.85
2011-01-05,23.8,23.89,23.77,23.8,142600.0,23.8
2011-01-04,23.7,23.82,23.41,23.78,387600.0,23.78
2011-01-03,23.71,23.88,23.71,23.77,129700.0,23.77
2010-12-31,23.62,23.76,23.62,23.7,82000.0,23.7
2010-12-30,23.67,23.77,23.6,23.64,57300.0,23.64
2010-12-29,23.52,23.68,23.52,23.67,58500.0,23.67
2010-12-28,23.8,23.97,23.8,23.96,32700.0,23.96
2010-12-27,23.76,23.94,23.76,23.8,12700.0,23.8
2010-12-23,23.7,23.82,23.67,23.75,579600.0,23.75
2010-12-22,23.81,23.87,23.75,23.75,16500.0,23.75
2010-12-21,23.66,23.82,23.56,23.75,714500.0,23.75
2010-12-20,23.6,23.77,23.54,23.58,45700.0,23.58
2010-12-17,23.54,23.68,23.5,23.66,29400.0,23.66
2010-12-16,23.52,23.66,23.52,23.58,46500.0,23.58
2010-12-15,23.41,23.7,23.37,23.6,35400.0,23.6
2010-12-14,23.7,23.7,23.48,23.56,70400.0,23.56
2010-12-13,23.65,23.78,23.57,23.7,443000.0,23.7
2010-12-10,23.45,23.83,23.4,23.7,104500.0,23.7
2010-12-09,23.34,23.47,23.25,23.45,271200.0,23.45
2010-12-08,23.28,23.37,23.2,23.3,161300.0,23.3
2010-12-07,23.35,23.37,23.2,23.28,529700.0,23.28
2010-12-06,23.05,23.25,23.0,23.1,210100.0,23.1
2010-12-03,23.1,23.12,23.03,23.1,143900.0,23.1
2010-12-02,23.09,23.15,23.02,23.1,212100.0,23.1
2010-12-01,22.91,23.02,22.79,23.01,859200.0,23.01
2010-11-30,22.75,23.04,22.75,22.8,34800.0,22.8
2010-11-29,22.87,22.92,22.78,22.84,89900.0,22.84
2010-11-26,22.7,22.88,22.7,22.84,24200.0,22.84
2010-11-24,22.98,23.9,22.78,22.83,268000.0,22.83
2010-11-23,23.15,23.15,22.83,22.86,54000.0,22.86
2010-11-22,23.48,23.48,23.06,23.17,37600.0,23.17
2010-11-19,23.42,23.5,23.32,23.45,27300.0,23.45
2010-11-18,23.57,23.6,23.47,23.53,46200.0,23.53
2010-11-17,23.53,23.63,23.35,23.48,44000.0,23.48
2010-11-16,23.65,23.75,23.29,23.61,68700.0,23.61
2010-11-15,23.83,23.88,23.72,23.77,100200.0,23.77
2010-11-12,23.88,23.88,23.61,23.82,114700.0,23.82
2010-11-11,23.95,24.0,23.7,23.88,151800.0,23.88
2010-11-10,23.5,23.9,23.43,23.89,195900.0,23.89
2010-11-09,23.51,23.65,23.49,23.55,61200.0,23.55
2010-11-08,23.42,23.55,23.24,23.5,64100.0,23.5
2010-11-05,23.32,23.51,23.19,23.4,92700.0,23.4
2010-11-04,22.9,23.19,22.88,23.19,152100.0,23.19
2010-11-03,22.64,22.92,22.47,22.85,216900.0,22.85
2010-11-02,23.1,23.15,22.63,22.68,256300.0,22.68
2010-11-01,23.14,23.23,23.05,23.05,77600.0,23.05
2010-10-29,22.97,23.09,22.88,22.98,62200.0,22.98
2010-10-28,22.91,22.93,22.73,22.85,106000.0,22.85
2010-10-27,22.74,22.89,22.59,22.86,82300.0,22.86
2010-10-26,22.65,22.75,22.38,22.75,138900.0,22.75
2010-10-25,23.07,23.07,22.62,22.63,70300.0,22.63
2010-10-22,22.77,22.99,22.7,22.96,141100.0,22.96
2010-10-21,22.7,22.89,22.66,22.76,92600.0,22.76
2010-10-20,22.89,22.96,22.48,22.68,197600.0,22.68
2010-10-19,23.2,23.55,22.85,22.91,178400.0,22.91
2010-10-18,22.8,23.2,22.66,23.2,142900.0,23.2
2010-10-15,23.54,23.54,22.81,22.81,269700.0,22.81
2010-10-14,24.06,24.07,23.42,23.58,180900.0,23.58
2010-10-13,24.14,24.14,24.06,24.06,218800.0,24.06
2010-10-12,24.07,24.12,24.06,24.07,62200.0,24.07
2010-10-11,24.06,24.08,24.03,24.08,57600.0,24.08
2010-10-08,24.01,24.05,23.96,24.05,67000.0,24.05
2010-10-07,23.98,24.05,23.9,23.98,48200.0,23.98
2010-10-06,24.1,24.1,23.9,23.99,48400.0,23.99
2010-10-05,23.95,24.1,23.93,24.05,68400.0,24.05
2010-10-04,24.0,24.03,23.95,23.99,62800.0,23.99
2010-10-01,24.2,24.2,24.0,24.03,30100.0,24.03
2010-09-30,24.0,24.15,23.9,24.09,363000.0,24.09
2010-09-29,24.05,24.1,23.92,23.99,105600.0,23.99
2010-09-28,24.15,24.19,24.0,24.0,110500.0,24.0
2010-09-27,24.57,24.59,24.46,24.55,101800.0,24.55
2010-09-24,24.54,24.63,24.51,24.51,67500.0,24.51
2010-09-23,24.57,24.66,24.5,24.5,45600.0,24.5
2010-09-22,24.63,24.68,24.53,24.58,577800.0,24.58
2010-09-21,24.45,24.64,24.45,24.56,332400.0,24.56
2010-09-20,24.73,24.75,24.52,24.54,193300.0,24.54
2010-09-17,24.41,24.75,24.39,24.75,133500.0,24.75
2010-09-16,24.37,24.43,24.3,24.43,230100.0,24.43
2010-09-15,24.4,24.43,24.32,24.43,191400.0,24.43
2010-09-14,24.38,24.42,24.3,24.37,164400.0,24.37
2010-09-13,24.42,24.5,24.34,24.36,85000.0,24.36
2010-09-10,24.36,24.43,24.33,24.34,79500.0,24.34
2010-09-09,24.28,24.35,24.28,24.3,109500.0,24.3
2010-09-08,24.24,24.3,24.24,24.26,309000.0,24.26
2010-09-07,24.24,24.26,24.14,24.2,339600.0,24.2
2010-09-03,24.14,24.27,24.1,24.25,162700.0,24.25
2010-09-02,24.22,24.24,24.06,24.14,105700.0,24.14
2010-09-01,24.0,24.2,23.96,24.19,89100.0,24.19
2010-08-31,23.9,23.95,23.63,23.92,172800.0,23.92
2010-08-30,23.92,24.0,23.89,23.94,34200.0,23.94
2010-08-27,23.89,23.89,23.79,23.89,97800.0,23.89
2010-08-26,23.95,24.0,23.84,23.85,90900.0,23.85
2010-08-25,23.91,23.95,23.89,23.93,40600.0,23.93
2010-08-24,23.82,23.99,23.81,23.9,103200.0,23.9
2010-08-23,24.08,24.11,23.86,23.99,34000.0,23.99
2010-08-20,23.89,23.99,23.75,23.98,43800.0,23.98
2010-08-19,24.04,24.04,23.9,23.92,77400.0,23.92
2010-08-18,23.91,24.04,23.8,24.04,64300.0,24.04
2010-08-17,23.76,23.96,23.71,23.92,287900.0,23.92
2010-08-16,23.97,24.04,23.64,23.71,132200.0,23.71
2010-08-13,23.72,24.02,23.71,24.02,49200.0,24.02
2010-08-12,23.68,23.8,23.61,23.68,52500.0,23.68
2010-08-11,23.66,23.77,23.65,23.7,53900.0,23.7
2010-08-10,23.52,23.84,23.52,23.77,46400.0,23.77
2010-08-09,23.75,23.84,23.55,23.6,53700.0,23.6
2010-08-06,23.74,23.77,23.61,23.67,49300.0,23.67
2010-08-05,23.73,24.11,23.67,23.78,81300.0,23.78
2010-08-04,23.64,23.85,23.57,23.7,79600.0,23.7
2010-08-03,23.45,23.64,23.4,23.56,107500.0,23.56
2010-08-02,23.46,23.54,23.45,23.49,63300.0,23.49
2010-07-30,23.45,23.52,23.34,23.47,169600.0,23.47
2010-07-29,23.31,23.5,23.25,23.44,291900.0,23.44
2010-07-28,23.17,23.4,23.02,23.33,231500.0,23.33
2010-07-27,23.15,23.24,23.01,23.2,429100.0,23.2
2010-07-26,22.81,23.04,22.75,22.93,372500.0,22.93
2010-07-23,22.4,22.72,22.38,22.68,170200.0,22.68
2010-07-22,22.22,22.39,22.2,22.33,623300.0,22.33
2010-07-21,22.22,22.26,22.11,22.15,831000.0,22.15
2010-07-20,22.13,22.3,22.08,22.13,385500.0,22.13
2010-07-19,22.09,22.29,22.04,22.26,61700.0,22.26
2010-07-16,21.96,22.11,21.88,22.09,169700.0,22.09
2010-07-15,21.95,22.01,21.77,22.01,70700.0,22.01
2010-07-14,21.8,21.96,21.71,21.96,198600.0,21.96
2010-07-13,21.72,21.83,21.63,21.8,67600.0,21.8
2010-07-12,21.68,21.77,21.56,21.63,37200.0,21.63
2010-07-09,21.49,21.84,21.41,21.8,34700.0,21.8
2010-07-08,21.19,21.62,21.19,21.57,42000.0,21.57
2010-07-07,21.05,21.77,21.01,21.17,74200.0,21.17
2010-07-06,21.08,21.08,20.91,21.01,29400.0,21.01
2010-07-02,21.02,21.04,20.9,20.96,10600.0,20.96
2010-07-01,20.93,21.0,20.75,20.95,34000.0,20.95
2010-06-30,21.0,21.1,20.89,21.0,31100.0,21.0
2010-06-29,21.22,21.22,21.04,21.1,21700.0,21.1
2010-06-28,21.2,21.33,21.06,21.25,85200.0,21.25
2010-06-25,20.87,21.55,20.87,21.5,91100.0,21.5
2010-06-24,20.84,20.9,20.78,20.88,74300.0,20.88
2010-06-23,20.82,20.85,20.75,20.82,85800.0,20.82
2010-06-22,20.87,20.87,20.8,20.81,63200.0,20.81
2010-06-21,20.84,20.9,20.8,20.86,20300.0,20.86
2010-06-18,20.9,20.91,20.8,20.85,36700.0,20.85
2010-06-17,20.95,20.95,20.84,20.9,29300.0,20.9
2010-06-16,21.0,21.04,20.89,20.9,63700.0,20.9
2010-06-15,20.93,21.15,20.9,21.06,79100.0,21.06
2010-06-14,20.94,21.06,20.87,20.92,28200.0,20.92
2010-06-11,20.98,21.0,20.9,20.95,38800.0,20.95
2010-06-10,20.94,21.06,20.9,20.99,15100.0,20.99
2010-06-09,20.96,20.97,20.88,20.91,63300.0,20.91
2010-06-08,20.91,20.95,20.82,20.94,37100.0,20.94
2010-06-07,21.02,21.05,20.9,20.92,9500.0,20.92
2010-06-04,21.1,21.15,20.9,20.95,25700.0,20.95
2010-06-03,21.25,21.4,21.22,21.25,58700.0,21.25
2010-06-02,21.35,21.36,21.16,21.27,56800.0,21.27
2010-06-01,21.11,21.35,21.0,21.26,6400.0,21.26
2010-05-28,21.17,21.28,21.13,21.16,12700.0,21.16
2010-05-27,20.8,21.31,20.8,21.24,21100.0,21.24
2010-05-26,20.15,20.75,20.15,20.68,38800.0,20.68
2010-05-25,19.78,20.14,19.61,20.14,33600.0,20.14
2010-05-24,20.12,20.26,20.0,20.05,43800.0,20.05
2010-05-21,19.93,20.35,19.58,20.1,51000.0,20.1
2010-05-20,20.23,20.39,19.67,20.1,133500.0,20.1
2010-05-19,20.54,20.67,20.12,20.43,45400.0,20.43
2010-05-18,20.86,20.91,20.52,20.68,20000.0,20.68
2010-05-17,20.87,21.0,20.53,20.73,20600.0,20.73
2010-05-14,21.44,21.44,20.82,20.97,17000.0,20.97
2010-05-13,21.33,21.5,21.32,21.43,9400.0,21.43
2010-05-12,21.3,21.66,21.28,21.47,23500.0,21.47
2010-05-11,21.03,21.23,20.91,21.23,29500.0,21.23
2010-05-10,21.12,21.52,21.02,21.04,61000.0,21.04
2010-05-07,20.77,20.84,19.95,20.61,39700.0,20.61
2010-05-06,21.24,21.24,19.53,20.39,162100.0,20.39
2010-05-05,21.46,21.52,21.09,21.24,152400.0,21.24
2010-05-04,21.66,21.7,21.47,21.52,95300.0,21.52
2010-05-03,21.66,21.75,21.66,21.7,20900.0,21.7
2010-04-30,21.76,21.78,21.65,21.66,21800.0,21.66
2010-04-29,21.75,21.77,21.66,21.74,43700.0,21.74
2010-04-28,21.69,21.75,21.65,21.75,117100.0,21.75
2010-04-27,21.71,21.71,21.61,21.61,150800.0,21.61
2010-04-26,21.74,21.76,21.61,21.71,138100.0,21.71
2010-04-23,21.71,21.79,21.66,21.79,40600.0,21.79
2010-04-22,21.61,21.73,21.56,21.73,153800.0,21.73
2010-04-21,21.62,21.65,21.55,21.65,42300.0,21.65
2010-04-20,21.6,21.63,21.53,21.62,64000.0,21.62
2010-04-19,21.55,21.6,21.49,21.55,412300.0,21.55
2010-04-16,21.61,21.67,21.52,21.54,93100.0,21.54
2010-04-15,21.67,21.67,21.58,21.64,244600.0,21.64
2010-04-14,21.57,21.71,21.57,21.67,23300.0,21.67
2010-04-13,21.52,21.59,21.47,21.5,119100.0,21.5
2010-04-12,21.58,21.59,21.46,21.55,319200.0,21.55
2010-04-09,21.58,21.62,21.52,21.58,34500.0,21.58
2010-04-08,21.54,21.58,21.49,21.58,15000.0,21.58
2010-04-07,21.55,21.56,21.49,21.54,29600.0,21.54
2010-04-06,21.58,21.64,21.43,21.59,61400.0,21.59
2010-04-05,21.58,21.58,21.5,21.55,7900.0,21.55
2010-04-01,21.49,21.62,21.45,21.56,44300.0,21.56
2010-03-31,21.59,21.59,21.34,21.47,36300.0,21.47
2010-03-30,21.75,21.81,21.5,21.57,706500.0,21.57
2010-03-29,21.9,21.9,21.64,21.81,548500.0,21.81
2010-03-26,22.22,22.29,22.13,22.17,68100.0,22.17
2010-03-25,22.25,22.36,22.22,22.29,69300.0,22.29
2010-03-24,22.15,22.22,22.1,22.18,347400.0,22.18
2010-03-23,22.04,22.18,22.04,22.18,793000.0,22.18
2010-03-22,22.1,22.15,21.97,22.01,355800.0,22.01
2010-03-19,22.26,22.3,22.15,22.15,97600.0,22.15
2010-03-18,22.25,22.37,22.23,22.31,208400.0,22.31
2010-03-17,22.09,22.32,22.09,22.32,22300.0,22.32
2010-03-16,22.06,22.17,22.03,22.15,19600.0,22.15
2010-03-15,22.07,22.12,22.0,22.08,21100.0,22.08
2010-03-12,22.17,22.17,22.05,22.09,35500.0,22.09
2010-03-11,22.1,22.1,21.99,22.05,17700.0,22.05
2010-03-10,21.77,22.05,21.77,22.03,53300.0,22.03
2010-03-09,21.6,21.89,21.5,21.82,40200.0,21.82
2010-03-08,21.65,21.72,21.6,21.6,29900.0,21.6
2010-03-05,21.48,21.66,21.47,21.66,16800.0,21.66
2010-03-04,21.42,21.52,21.42,21.49,25600.0,21.49
2010-03-03,21.44,21.5,21.36,21.46,487600.0,21.46
2010-03-02,21.25,21.44,21.24,21.44,68800.0,21.44
2010-03-01,20.78,21.32,20.78,21.25,53700.0,21.25
2010-02-26,21.13,21.25,21.06,21.19,73900.0,21.19
2010-02-25,21.05,21.12,20.99,21.1,25900.0,21.1
2010-02-24,20.98,21.1,20.95,21.09,27300.0,21.09
2010-02-23,21.1,21.1,20.97,20.98,23100.0,20.98
2010-02-22,21.0,21.08,20.94,21.04,187200.0,21.04
2010-02-19,20.78,20.96,20.78,20.94,39800.0,20.94
2010-02-18,20.76,20.97,20.75,20.88,521200.0,20.88
2010-02-17,20.81,20.92,20.78,20.81,135500.0,20.81
2010-02-16,20.8,20.85,20.75,20.77,132700.0,20.77
2010-02-12,20.67,20.86,20.67,20.74,31800.0,20.74
2010-02-11,20.75,20.85,20.74,20.79,920300.0,20.79
2010-02-10,20.73,20.9,20.7,20.76,312600.0,20.76
2010-02-09,20.69,20.83,20.69,20.82,30000.0,20.82
2010-02-08,20.78,20.78,20.7,20.74,14600.0,20.74
2010-02-05,20.75,20.8,20.55,20.8,37000.0,20.8
2010-02-04,20.76,20.84,20.62,20.73,359100.0,20.73
2010-02-03,21.0,21.0,20.8,20.81,15600.0,20.81
2010-02-02,20.84,20.96,20.78,20.91,279800.0,20.91
2010-02-01,20.62,20.91,20.62,20.83,76600.0,20.83
2010-01-29,20.76,20.78,20.6,20.75,138200.0,20.75
2010-01-28,20.78,20.91,20.66,20.75,48500.0,20.75
2010-01-27,20.67,20.9,20.67,20.83,67700.0,20.83
2010-01-26,20.8,21.11,20.8,20.85,121400.0,20.85
2010-01-25,21.05,21.1,20.94,21.0,59700.0,21.0
2010-01-22,21.31,21.42,21.0,21.0,214200.0,21.0
2010-01-21,21.6,21.66,21.4,21.44,38400.0,21.44
2010-01-20,21.64,21.73,21.55,21.55,36800.0,21.55
2010-01-19,21.48,21.66,21.48,21.66,115800.0,21.66
2010-01-15,21.48,21.58,21.45,21.57,16600.0,21.57
2010-01-14,21.46,21.63,21.41,21.5,33000.0,21.5
2010-01-13,21.48,21.55,21.48,21.49,34900.0,21.49
2010-01-12,21.46,21.58,21.46,21.54,11500.0,21.54
2010-01-11,21.59,21.75,21.55,21.55,14800.0,21.55
2010-01-08,21.52,21.6,21.45,21.6,13300.0,21.6
2010-01-07,21.38,21.6,21.38,21.55,31000.0,21.55
2010-01-06,21.35,21.57,21.32,21.47,105600.0,21.47
2010-01-05,21.3,21.5,21.26,21.4,142100.0,21.4
2010-01-04,21.4,21.46,21.17,21.26,87300.0,21.26
2009-12-31,21.31,21.5,21.25,21.37,32600.0,21.37
2009-12-30,21.2,21.51,21.14,21.42,45900.0,21.42
2009-12-29,21.28,21.35,21.1,21.23,45000.0,21.23
2009-12-28,21.5,21.81,21.45,21.66,63800.0,21.66
2009-12-24,21.54,21.55,21.43,21.48,10200.0,21.48
2009-12-23,21.28,21.53,21.28,21.5,45900.0,21.5
2009-12-22,21.32,21.39,21.29,21.33,15600.0,21.33
2009-12-21,21.13,21.36,21.12,21.32,53100.0,21.32
2009-12-18,21.03,21.19,21.01,21.17,19400.0,21.17
2009-12-17,21.34,21.34,20.91,21.07,31400.0,21.07
2009-12-16,21.03,21.15,21.0,21.06,28500.0,21.06
2009-12-15,20.92,21.13,20.91,21.04,46000.0,21.04
2009-12-14,20.9,20.99,20.86,20.96,33600.0,20.96
2009-12-11,20.92,21.07,20.8,20.91,33100.0,20.91
2009-12-10,20.85,21.08,20.8,20.92,68000.0,20.92
2009-12-09,20.7,20.85,20.68,20.85,30200.0,20.85
2009-12-08,20.68,20.79,20.53,20.79,17800.0,20.79
2009-12-07,20.5,20.72,20.22,20.67,289500.0,20.67
2009-12-04,20.26,20.69,20.26,20.69,116900.0,20.69
2009-12-03,20.35,20.8,20.2,20.21,469800.0,20.21
2009-12-02,19.99,19.99,19.52,19.68,20000.0,19.68
2009-12-01,19.55,19.7,19.55,19.65,25500.0,19.65
2009-11-30,19.59,19.69,19.49,19.56,24400.0,19.56
2009-11-27,19.46,19.65,19.4,19.58,3200.0,19.58
2009-11-25,19.9,19.9,19.78,19.79,3000.0,19.79
2009-11-24,19.88,19.89,19.63,19.84,21900.0,19.84
2009-11-23,19.62,19.76,19.54,19.75,41100.0,19.75
2009-11-20,19.33,19.62,19.33,19.62,24300.0,19.62
2009-11-19,19.56,19.6,19.42,19.42,17200.0,19.42
2009-11-18,19.39,19.71,19.39,19.66,51200.0,19.66
2009-11-17,19.45,19.51,19.33,19.45,39100.0,19.45
2009-11-16,19.71,19.92,19.38,19.54,76100.0,19.54
2009-11-13,19.63,19.9,19.6,19.73,20600.0,19.73
2009-11-12,19.88,19.89,19.56,19.64,44300.0,19.64
2009-11-11,19.72,20.12,19.72,19.92,43400.0,19.92
2009-11-10,19.48,19.8,19.47,19.64,47600.0,19.64
2009-11-09,19.43,19.66,19.4,19.58,64700.0,19.58
2009-11-06,19.01,19.44,18.98,19.43,114100.0,19.43
2009-11-05,19.2,19.4,19.12,19.2,42800.0,19.2
2009-11-04,19.17,19.36,19.06,19.2,62700.0,19.2
2009-11-03,19.11,19.25,18.97,19.25,85100.0,19.25
2009-11-02,19.72,19.77,19.13,19.35,52600.0,19.35
2009-10-30,19.93,19.93,19.62,19.77,33800.0,19.77
2009-10-29,19.9,20.0,19.75,19.94,719800.0,19.94
2009-10-28,19.95,20.03,19.55,19.84,288300.0,19.84
2009-10-27,20.13,20.13,19.96,20.0,269000.0,20.0
2009-10-26,20.25,20.35,19.96,20.15,293200.0,20.15
2009-10-23,20.58,20.58,20.25,20.25,156400.0,20.25
2009-10-22,20.45,20.52,20.35,20.48,20000.0,20.48
2009-10-21,20.65,20.76,20.38,20.5,106700.0,20.5
2009-10-20,20.61,20.68,20.42,20.68,19700.0,20.68
2009-10-19,20.61,20.76,20.58,20.61,36400.0,20.61
2009-10-16,20.55,20.67,20.4,20.62,344300.0,20.62
2009-10-15,20.6,20.73,20.47,20.7,140300.0,20.7
2009-10-14,20.49,20.8,20.4,20.74,581500.0,20.74
2009-10-13,20.48,20.48,20.29,20.34,167900.0,20.34
2009-10-12,20.46,20.69,20.32,20.4,43800.0,20.4
2009-10-09,20.58,20.58,20.37,20.45,42000.0,20.45
2009-10-08,20.37,20.56,20.37,20.54,175000.0,20.54
2009-10-07,20.64,20.64,20.2,20.37,72000.0,20.37
2009-10-06,20.52,20.77,20.45,20.58,347900.0,20.58
2009-10-05,20.43,20.54,20.25,20.5,274100.0,20.5
2009-10-02,20.25,20.4,20.07,20.34,235200.0,20.34
2009-10-01,20.17,20.35,19.79,20.34,509600.0,20.34
2009-09-30,20.12,20.38,19.99,20.17,346700.0,20.17
2009-09-29,20.3,20.57,20.14,20.18,57900.0,20.18
2009-09-28,21.0,21.0,20.39,20.45,71000.0,20.45
2009-09-25,20.92,21.15,20.88,21.14,83600.0,21.14
2009-09-24,21.12,21.25,20.98,21.1,1069300.0,21.1
2009-09-23,21.39,21.39,20.96,21.09,227400.0,21.09
2009-09-22,20.5,21.19,20.41,21.16,362500.0,21.16
2009-09-21,20.29,20.49,20.1,20.49,35000.0,20.49
2009-09-18,20.07,20.42,20.07,20.25,444000.0,20.25
2009-09-17,19.74,20.13,19.74,20.05,873400.0,20.05
2009-09-16,19.85,20.05,19.81,19.83,161400.0,19.83
2009-09-15,19.53,19.81,19.53,19.64,70500.0,19.64
2009-09-14,19.45,19.6,19.25,19.48,1209200.0,19.48
2009-09-11,19.42,19.47,19.38,19.43,80100.0,19.43
2009-09-10,19.25,19.43,19.25,19.43,204500.0,19.43
2009-09-09,19.2,19.38,19.2,19.25,48200.0,19.25
2009-09-08,19.17,19.35,19.17,19.23,61700.0,19.23
2009-09-04,18.86,19.21,18.86,19.16,9200.0,19.16
2009-09-03,18.8,19.0,18.8,18.86,25400.0,18.86
2009-09-02,18.82,18.86,18.55,18.86,44600.0,18.86
2009-09-01,19.04,19.18,18.8,18.8,44100.0,18.8
2009-08-31,19.25,19.25,19.01,19.05,38400.0,19.05
2009-08-28,19.26,19.36,19.06,19.3,41100.0,19.3
2009-08-27,19.25,19.35,19.2,19.32,17600.0,19.32
2009-08-26,19.42,19.42,19.21,19.25,43700.0,19.25
2009-08-25,19.2,19.32,19.06,19.28,31700.0,19.28
2009-08-24,19.16,19.31,19.08,19.17,20600.0,19.17
2009-08-21,19.19,19.22,19.02,19.11,20600.0,19.11
2009-08-20,19.21,19.34,18.9,18.99,52900.0,18.99
2009-08-19,19.03,19.32,19.03,19.22,20600.0,19.22
2009-08-18,19.32,19.4,19.2,19.2,25000.0,19.2
2009-08-17,19.45,19.62,19.13,19.23,61600.0,19.23
2009-08-14,19.66,19.76,19.45,19.69,17100.0,19.69
2009-08-13,19.64,19.86,19.49,19.78,31400.0,19.78
2009-08-12,19.39,19.68,19.12,19.63,41100.0,19.63
2009-08-11,19.54,19.54,19.01,19.31,42500.0,19.31
2009-08-10,19.52,19.54,19.21,19.53,30100.0,19.53
2009-08-07,19.54,19.82,19.42,19.52,52000.0,19.52
2009-08-06,19.5,19.65,19.37,19.62,71900.0,19.62
2009-08-05,19.1,19.6,19.0,19.5,108400.0,19.5
2009-08-04,18.71,19.18,18.7,19.1,49400.0,19.1
2009-08-03,18.41,18.87,18.41,18.8,117700.0,18.8
2009-07-31,18.4,18.5,18.32,18.35,59400.0,18.35
2009-07-30,18.3,18.5,18.3,18.35,46700.0,18.35
2009-07-29,18.39,18.4,18.26,18.3,39300.0,18.3
2009-07-28,18.15,18.5,18.05,18.48,73400.0,18.48
2009-07-27,17.94,18.27,17.84,18.15,110800.0,18.15
2009-07-24,17.86,17.98,17.75,17.94,51600.0,17.94
2009-07-23,17.36,18.0,17.36,18.0,150100.0,18.0
2009-07-22,17.31,17.48,17.22,17.44,37300.0,17.44
2009-07-21,17.22,17.37,17.22,17.34,39200.0,17.34
2009-07-20,17.27,17.36,16.77,17.29,71000.0,17.29
2009-07-17,17.27,17.32,17.2,17.27,54100.0,17.27
2009-07-16,17.48,17.48,17.18,17.27,35300.0,17.27
2009-07-15,17.0,17.4,17.0,17.4,229700.0,17.4
2009-07-14,16.77,16.95,16.63,16.9,207400.0,16.9
2009-07-13,16.53,16.82,16.53,16.75,77900.0,16.75
2009-07-10,16.45,16.6,16.45,16.54,39800.0,16.54
2009-07-09,16.45,16.59,16.41,16.45,108400.0,16.45
2009-07-08,16.73,16.74,16.42,16.48,36400.0,16.48
2009-07-07,16.55,16.75,16.4,16.65,47400.0,16.65
2009-07-06,16.34,16.68,16.34,16.6,49600.0,16.6
2009-07-02,16.8,16.8,16.45,16.62,46400.0,16.62
2009-07-01,16.4,16.81,16.4,16.68,61700.0,16.68
2009-06-30,16.54,16.56,16.38,16.45,49200.0,16.45
2009-06-29,16.75,16.75,16.5,16.52,42100.0,16.52
2009-06-26,17.0,17.35,16.4,16.52,78900.0,16.52
2009-06-25,16.74,17.09,16.62,17.0,95700.0,17.0
2009-06-24,16.58,17.03,16.58,16.66,169200.0,16.66
2009-06-23,16.41,16.7,16.31,16.56,54400.0,16.56
2009-06-22,16.66,16.66,16.45,16.49,96400.0,16.49
2009-06-19,16.64,16.9,16.64,16.7,102900.0,16.7
2009-06-18,16.24,16.66,16.24,16.59,128200.0,16.59
2009-06-17,17.2,17.2,16.28,16.32,117000.0,16.32
2009-06-16,16.93,17.05,16.89,17.04,171100.0,17.04
2009-06-15,17.04,17.07,16.85,16.98,124800.0,16.98
2009-06-12,16.59,17.15,16.51,17.12,191300.0,17.12
2009-06-11,16.22,16.6,16.18,16.59,485900.0,16.59
2009-06-10,16.38,16.45,16.16,16.29,108200.0,16.29
2009-06-09,16.42,16.46,16.31,16.43,99400.0,16.43
2009-06-08,16.45,16.55,16.26,16.46,100600.0,16.46
2009-06-05,16.53,16.68,16.31,16.53,171000.0,16.53
2009-06-04,16.39,16.6,16.3,16.49,105700.0,16.49
2009-06-03,16.36,16.38,16.19,16.29,78600.0,16.29
2009-06-02,16.02,16.45,16.02,16.43,102400.0,16.43
2009-06-01,15.85,16.21,15.85,16.11,109400.0,16.11
2009-05-29,15.91,16.07,15.76,15.78,124500.0,15.78
2009-05-28,16.05,16.19,15.66,15.87,112600.0,15.87
2009-05-27,15.58,15.94,15.58,15.81,103000.0,15.81
2009-05-26,15.6,16.0,15.54,15.7,175400.0,15.7
2009-05-22,15.65,16.0,15.3,15.8,83700.0,15.8
2009-05-21,15.5,15.77,15.3,15.47,77900.0,15.47
2009-05-20,15.24,15.88,15.24,15.58,71800.0,15.58
2009-05-19,14.67,15.3,14.62,14.93,115100.0,14.93
2009-05-18,14.17,14.67,14.17,14.67,54500.0,14.67
2009-05-15,14.1,14.3,13.91,13.92,28000.0,13.92
2009-05-14,13.85,14.26,13.85,14.26,73800.0,14.26
2009-05-13,14.11,14.13,13.97,14.0,83100.0,14.0
2009-05-12,14.76,14.98,14.63,14.64,95900.0,14.64
2009-05-11,15.25,15.25,14.7,14.77,116000.0,14.77
2009-05-08,14.88,15.19,14.7,14.97,126900.0,14.97
2009-05-07,14.51,14.85,13.89,14.3,277600.0,14.3
2009-05-06,13.36,14.01,13.0,13.97,202800.0,13.97
2009-05-05,12.85,12.85,12.6,12.83,46800.0,12.83
2009-05-04,11.84,12.8,11.84,12.79,90400.0,12.79
2009-05-01,12.02,12.11,11.9,12.0,39000.0,12.0
2009-04-30,12.18,12.5,12.0,12.02,43100.0,12.02
2009-04-29,12.0,12.33,12.0,12.14,21200.0,12.14
2009-04-28,12.05,12.45,11.84,11.98,76700.0,11.98
2009-04-27,12.45,12.51,12.3,12.5,33200.0,12.5
2009-04-24,11.65,12.65,11.65,12.56,61700.0,12.56
2009-04-23,11.35,11.69,11.3,11.56,69900.0,11.56
2009-04-22,10.86,11.73,10.82,11.14,105800.0,11.14
2009-04-21,11.0,11.73,10.75,11.22,132300.0,11.22
2009-04-20,12.25,12.25,11.3,11.43,49100.0,11.43
2009-04-17,11.95,12.5,11.95,12.41,112000.0,12.41
2009-04-16,11.83,12.06,11.8,11.9,286200.0,11.9
2009-04-15,11.98,12.01,11.68,11.9,90600.0,11.9
2009-04-14,12.25,12.47,12.01,12.08,53300.0,12.08
2009-04-13,11.99,12.59,11.7,12.28,142700.0,12.28
2009-04-09,10.89,12.0,10.82,12.0,121400.0,12.0
2009-04-08,10.42,10.5,10.25,10.26,27700.0,10.26
2009-04-07,10.4,10.4,10.25,10.29,39300.0,10.29
2009-04-06,10.01,10.59,10.01,10.53,57700.0,10.53
2009-04-03,10.29,10.75,10.16,10.6,65900.0,10.6
2009-04-02,10.19,10.74,10.0,10.4,91700.0,10.4
2009-04-01,9.4,10.01,9.34,9.9,101500.0,9.9
2009-03-31,9.38,9.7,9.32,9.56,319400.0,9.56
2009-03-30,9.1,9.32,8.73,9.23,85400.0,9.23
2009-03-27,10.25,10.25,9.6,9.61,158800.0,9.61
2009-03-26,11.0,11.06,10.59,10.85,218400.0,10.85
2009-03-25,10.93,11.53,10.86,10.99,160300.0,10.99
2009-03-24,11.15,11.29,10.85,10.96,164600.0,10.96
2009-03-23,12.64,12.64,10.75,11.13,108200.0,11.13
2009-03-20,10.75,10.75,10.29,10.49,79600.0,10.49
2009-03-19,11.19,11.19,10.55,10.64,45700.0,10.64
2009-03-18,10.0,10.6,10.0,10.47,218500.0,10.47
2009-03-17,10.22,10.24,9.84,9.95,110000.0,9.95
2009-03-16,9.99,10.49,9.58,9.9,200300.0,9.9
2009-03-13,9.35,9.73,9.15,9.4,280200.0,9.4
2009-03-12,8.26,9.15,8.26,8.95,287500.0,8.95
2009-03-11,8.31,9.11,8.16,8.4,291200.0,8.4
2009-03-10,7.4,8.61,7.4,8.25,425000.0,8.25
2009-03-09,6.66,7.55,6.66,7.38,547000.0,7.38
2009-03-06,7.69,7.86,6.93,7.43,73200.0,7.43
2009-03-05,8.05,8.35,7.4,7.93,122200.0,7.93
2009-03-04,8.93,8.93,8.24,8.5,45100.0,8.5
2009-03-03,8.6,9.0,8.55,8.7,1074300.0,8.7
2009-03-02,11.48,11.48,8.3,8.5,150700.0,8.5
2009-02-27,9.61,11.55,9.61,11.3,119500.0,11.3
2009-02-26,9.75,11.49,9.73,10.59,1164700.0,10.59
2009-02-25,8.55,9.25,8.0,9.01,1032600.0,9.01
2009-02-24,7.51,8.74,7.3,8.5,788000.0,8.5
2009-02-23,9.5,9.5,7.94,8.25,363000.0,8.25
2009-02-20,7.69,8.89,7.1,8.89,197000.0,8.89
2009-02-19,9.08,9.1,8.21,8.69,232700.0,8.69
2009-02-18,9.99,10.5,8.97,9.36,178900.0,9.36
2009-02-17,10.2,10.64,10.03,10.35,134400.0,10.35
2009-02-13,12.09,12.23,11.5,11.7,88500.0,11.7
2009-02-12,12.95,12.95,11.65,12.08,115100.0,12.08
2009-02-11,11.75,12.45,11.75,12.45,114300.0,12.45
2009-02-10,12.55,12.55,11.66,11.92,70800.0,11.92
2009-02-09,11.65,12.55,11.65,12.2,192300.0,12.2
2009-02-06,11.72,12.2,11.65,11.65,284300.0,11.65
2009-02-05,10.99,11.39,9.14,11.25,423200.0,11.25
2009-02-04,11.48,11.65,10.83,10.86,374300.0,10.86
2009-02-03,11.72,11.72,11.19,11.28,350200.0,11.28
2009-02-02,11.8,11.85,11.1,11.75,1009400.0,11.75
2009-01-30,13.7,13.7,11.75,12.1,196700.0,12.1
2009-01-29,13.01,13.28,12.62,13.16,379600.0,13.16
2009-01-28,13.5,13.8,12.75,13.2,521800.0,13.2
2009-01-27,12.76,12.76,12.09,12.3,345900.0,12.3
2009-01-26,12.43,12.78,11.99,12.18,289700.0,12.18
2009-01-23,12.5,12.6,12.03,12.58,486900.0,12.58
2009-01-22,11.9,12.64,11.85,12.64,433400.0,12.64
2009-01-21,12.33,12.65,11.58,12.45,191600.0,12.45
2009-01-20,13.09,13.09,11.0,11.46,116000.0,11.46
2009-01-16,14.54,14.54,12.82,13.0,153400.0,13.0
2009-01-15,13.26,14.2,11.26,13.93,837100.0,13.93
2009-01-14,15.2,15.2,13.97,14.25,251000.0,14.25
2009-01-13,15.93,15.93,14.9,15.24,764800.0,15.24
2009-01-12,16.88,16.88,15.26,15.86,500300.0,15.86
2009-01-09,16.96,17.0,16.53,16.78,94200.0,16.78
2009-01-08,17.52,17.52,16.83,16.87,105500.0,16.87
2009-01-07,17.6,17.6,17.15,17.31,51200.0,17.31
2009-01-06,17.6,18.1,17.5,17.65,261900.0,17.65
2009-01-05,17.25,17.62,16.93,17.6,188800.0,17.6
2009-01-02,16.78,17.14,16.46,17.14,64800.0,17.14
2008-12-31,16.35,16.8,16.08,16.6,106000.0,16.6
2008-12-30,15.67,16.35,15.67,16.35,136000.0,16.35
2008-12-29,15.5,15.92,15.5,15.82,235600.0,15.82
2008-12-26,15.64,15.88,15.43,15.84,33100.0,15.84
2008-12-24,15.95,15.95,15.5,15.62,44200.0,15.62
2008-12-23,16.24,16.24,15.61,15.73,229900.0,15.73
2008-12-22,15.78,16.25,15.6,16.25,47800.0,16.25
2008-12-19,15.32,15.72,15.32,15.68,32000.0,15.68
2008-12-18,15.25,16.18,15.19,15.55,117800.0,15.55
2008-12-17,14.94,15.25,14.62,15.21,75900.0,15.21
2008-12-16,14.8,15.06,14.6,14.77,186700.0,14.77
2008-12-15,14.83,14.83,14.39,14.69,57200.0,14.69
2008-12-12,14.68,14.7,14.41,14.6,37200.0,14.6
2008-12-11,14.55,14.64,14.22,14.48,57800.0,14.48
2008-12-10,14.3,14.6,14.15,14.3,102300.0,14.3
2008-12-09,13.26,14.3,13.26,14.2,385700.0,14.2
2008-12-08,13.01,13.5,13.01,13.45,82800.0,13.45
2008-12-05,12.99,13.12,12.73,13.06,80800.0,13.06
2008-12-04,13.0,13.42,12.75,12.99,792400.0,12.99
2008-12-03,13.0,13.29,12.91,13.16,155100.0,13.16
2008-12-02,12.89,13.2,12.41,12.85,53700.0,12.85
2008-12-01,13.1,13.1,12.75,12.75,32300.0,12.75
2008-11-28,13.0,13.44,13.0,13.3,62300.0,13.3
2008-11-26,12.86,13.06,12.82,13.06,77500.0,13.06
2008-11-25,11.01,13.06,11.01,12.86,108400.0,12.86
2008-11-24,12.25,12.86,12.1,12.66,189800.0,12.66
2008-11-21,12.25,12.26,11.48,11.93,72300.0,11.93
2008-11-20,13.28,13.44,10.79,12.14,515000.0,12.14
2008-11-19,14.87,14.88,13.29,13.71,69100.0,13.71
2008-11-18,15.0,15.19,14.5,15.1,79500.0,15.1
2008-11-17,15.74,15.74,14.55,14.7,38400.0,14.7
2008-11-14,15.0,15.67,14.51,15.25,67400.0,15.25
2008-11-13,16.19,16.49,13.8,15.5,213500.0,15.5
2008-11-12,16.3,16.63,16.09,16.09,134400.0,16.09
2008-11-11,16.8,16.8,16.48,16.65,38900.0,16.65
2008-11-10,17.0,17.0,16.61,16.8,81300.0,16.8
2008-11-07,17.0,17.52,17.0,17.1,45000.0,17.1
2008-11-06,17.42,17.42,16.66,16.85,189500.0,16.85
2008-11-05,17.1,17.7,17.1,17.51,393500.0,17.51
2008-11-04,17.0,17.7,17.0,17.23,250100.0,17.23
2008-11-03,16.36,17.08,16.36,16.94,256100.0,16.94
2008-10-31,16.5,16.67,16.13,16.35,183600.0,16.35
2008-10-30,16.2,16.5,15.85,16.49,140000.0,16.49
2008-10-29,15.61,16.2,15.5,15.5,301700.0,15.5
2008-10-28,15.49,15.75,15.49,15.6,154300.0,15.6
2008-10-27,14.6,15.5,14.6,15.48,1164700.0,15.48
2008-10-24,14.8,14.9,13.5,14.6,191300.0,14.6
2008-10-23,15.35,15.46,15.0,15.0,580100.0,15.0
2008-10-22,15.5,15.55,15.28,15.4,59300.0,15.4
2008-10-21,14.33,15.72,14.33,15.45,81500.0,15.45
2008-10-20,16.0,16.18,15.63,15.63,345300.0,15.63
2008-10-17,16.0,16.2,15.67,15.9,236100.0,15.9
2008-10-16,14.25,17.15,13.85,16.18,564400.0,16.18
2008-10-15,14.59,14.77,14.25,14.5,794400.0,14.5
2008-10-14,12.26,15.0,12.26,14.4,532300.0,14.4
2008-10-13,11.8,13.38,11.8,13.25,492300.0,13.25
2008-10-10,12.44,12.7,9.9,12.0,605800.0,12.0
2008-10-09,14.47,14.47,12.08,12.1,325200.0,12.1
2008-10-08,13.25,13.5,10.0,13.35,661700.0,13.35
2008-10-07,14.5,15.1,12.75,13.67,2735000.0,13.67
2008-10-06,8.5,8.5,7.0,7.55,94700.0,7.55
2008-10-03,6.9,9.35,6.9,8.78,212900.0,8.78
2008-10-02,7.2,7.2,5.35,6.95,652000.0,6.95
2008-10-01,8.8,8.8,6.55,7.0,400800.0,7.0
2008-09-30,8.54,9.47,8.31,8.9,87000.0,8.9
2008-09-29,9.82,9.83,7.79,8.33,35100.0,8.33
2008-09-26,9.59,10.67,9.5,9.84,44000.0,9.84
2008-09-25,10.6,10.94,10.3,10.94,41400.0,10.94
2008-09-24,10.34,11.26,10.06,10.49,88300.0,10.49
2008-09-23,10.21,12.19,10.14,10.5,164100.0,10.5
2008-09-22,12.46,12.46,11.19,11.19,33100.0,11.19
2008-09-19,14.42,14.42,11.47,11.97,115500.0,11.97
2008-09-18,11.28,11.54,10.01,10.49,100200.0,10.49
2008-09-17,12.71,12.97,10.65,10.7,103300.0,10.7
2008-09-16,12.58,13.25,11.12,12.65,180800.0,12.65
2008-09-15,13.2,13.44,12.15,13.21,70800.0,13.21
2008-09-12,13.5,14.72,13.15,13.7,161200.0,13.7
2008-09-11,13.49,13.96,12.0,13.92,394900.0,13.92
2008-09-10,14.25,14.31,13.52,13.8,47800.0,13.8
2008-09-09,14.5,14.72,14.0,14.1,43100.0,14.1
2008-09-08,15.49,15.84,14.9,14.9,89100.0,14.9
2008-09-05,15.13,15.55,15.13,15.3,28500.0,15.3
2008-09-04,15.67,15.67,15.02,15.31,51000.0,15.31
2008-09-03,15.25,15.51,15.19,15.2,18600.0,15.2
2008-09-02,15.45,15.96,15.16,15.5,21100.0,15.5
2008-08-29,14.9,15.44,14.9,15.4,250000.0,15.4
2008-08-28,14.99,15.13,14.74,15.0,44300.0,15.0
2008-08-27,13.01,15.25,13.01,15.0,52600.0,15.0
2008-08-26,14.4,15.02,14.4,14.81,55300.0,14.81
2008-08-25,14.88,14.98,14.67,14.67,34700.0,14.67
2008-08-22,14.5,15.2,14.33,15.2,9800.0,15.2
2008-08-21,14.64,14.9,14.16,14.32,17000.0,14.32
2008-08-20,14.89,15.0,14.58,14.68,18100.0,14.68
2008-08-19,15.2,15.2,14.3,15.0,14000.0,15.0
2008-08-18,15.5,15.5,14.8,14.89,12600.0,14.89
2008-08-15,14.81,15.55,14.81,15.39,61300.0,15.39
2008-08-14,14.51,15.35,14.51,15.06,18600.0,15.06
2008-08-13,15.1,15.66,14.79,14.79,32800.0,14.79
2008-08-12,15.62,15.99,15.0,15.0,20300.0,15.0
2008-08-11,15.99,16.02,15.73,15.9,11100.0,15.9
2008-08-08,15.58,15.96,15.58,15.96,19300.0,15.96
2008-08-07,15.95,16.07,15.53,15.75,105800.0,15.75
2008-08-06,16.05,16.2,15.8,15.99,134800.0,15.99
2008-08-05,16.1,16.58,15.96,16.2,685400.0,16.2
2008-08-04,16.75,16.75,16.0,16.1,82800.0,16.1
2008-08-01,16.25,16.75,16.25,16.73,28400.0,16.73
2008-07-31,15.8,16.29,15.71,16.0,28500.0,16.0
2008-07-30,15.88,16.4,15.75,15.82,94400.0,15.82
2008-07-29,15.7,16.2,15.6,15.7,20700.0,15.7
2008-07-28,15.78,16.24,15.78,15.96,17700.0,15.96
2008-07-25,15.87,16.3,15.87,16.11,20800.0,16.11
2008-07-24,16.38,16.38,16.0,16.09,49800.0,16.09
2008-07-23,15.97,16.6,15.97,16.25,2010800.0,16.25
2008-07-22,15.9,16.25,15.14,16.0,335900.0,16.0
2008-07-21,16.0,17.0,15.27,15.92,518200.0,15.92
2008-07-18,15.0,15.48,14.8,15.48,561500.0,15.48
2008-07-17,14.7,15.2,14.7,15.0,283200.0,15.0
2008-07-16,13.53,14.91,13.53,14.6,558500.0,14.6
2008-07-15,15.26,15.3,14.0,14.0,179100.0,14.0
2008-07-14,17.4,17.4,15.15,15.53,139400.0,15.53
2008-07-11,16.88,17.35,15.85,17.3,86200.0,17.3
2008-07-10,17.25,17.38,16.9,17.25,41300.0,17.25
2008-07-09,17.13,17.59,17.07,17.45,39600.0,17.45
2008-07-08,17.92,17.97,17.08,17.4,22900.0,17.4
2008-07-07,18.2,18.28,17.26,17.84,63200.0,17.84
2008-07-03,17.5,18.49,17.5,18.05,12600.0,18.05
2008-07-02,18.61,19.0,17.34,17.8,200000.0,17.8
2008-07-01,17.25,22.5,17.25,18.45,330300.0,18.45
2008-06-30,18.2,18.2,17.5,17.67,193500.0,17.67
2008-06-27,17.65,18.15,17.12,17.85,83000.0,17.85
2008-06-26,18.49,18.49,17.68,18.15,85600.0,18.15
2008-06-25,18.41,19.08,18.19,18.82,206700.0,18.82
2008-06-24,18.06,18.75,18.06,18.45,963500.0,18.45
2008-06-23,18.7,18.77,18.41,18.53,29200.0,18.53
2008-06-20,18.23,19.08,17.9,18.75,322400.0,18.75
2008-06-19,17.51,18.48,17.5,18.4,1208000.0,18.4
2008-06-18,17.76,18.08,17.75,17.83,420700.0,17.83
2008-06-17,17.9,18.56,17.75,17.85,353000.0,17.85
2008-06-16,18.01,18.13,17.79,17.89,15900.0,17.89
2008-06-13,18.02,18.27,17.99,18.0,161700.0,18.0
2008-06-12,18.07,18.52,18.07,18.12,65800.0,18.12
2008-06-11,18.13,18.2,17.95,18.1,64600.0,18.1
2008-06-10,18.1,18.3,18.08,18.25,38800.0,18.25
2008-06-09,18.51,18.88,18.25,18.35,50600.0,18.35
2008-06-06,18.26,18.8,18.04,18.6,39000.0,18.6
2008-06-05,18.43,18.7,18.25,18.46,97300.0,18.46
2008-06-04,18.27,18.49,18.0,18.27,34100.0,18.27
2008-06-03,18.2,18.63,17.89,18.39,428900.0,18.39
2008-06-02,18.26,18.4,17.22,18.25,44500.0,18.25
2008-05-30,18.29,18.56,18.2,18.42,200800.0,18.42
2008-05-29,18.53,18.68,17.0,18.3,872700.0,18.3
2008-05-28,15.7,17.2,15.66,16.92,109300.0,16.92
2008-05-27,15.38,15.81,15.19,15.71,46900.0,15.71
2008-05-23,15.87,16.12,15.4,15.51,44500.0,15.51
2008-05-22,15.9,16.08,15.77,15.85,54000.0,15.85
2008-05-21,15.85,16.1,15.75,15.96,63700.0,15.96
2008-05-20,15.87,16.13,15.82,16.05,45500.0,16.05
2008-05-19,15.98,16.14,15.85,15.9,52100.0,15.9
2008-05-16,16.1,16.4,16.0,16.0,213900.0,16.0
2008-05-15,16.11,16.55,15.9,16.2,63900.0,16.2
2008-05-14,16.15,16.88,16.08,16.39,55600.0,16.39
2008-05-13,15.75,16.89,15.75,16.34,105200.0,16.34
2008-05-12,15.72,16.0,15.61,15.75,167900.0,15.75
2008-05-09,16.0,16.28,15.62,15.75,130600.0,15.75
2008-05-08,16.06,16.18,15.9,16.01,39200.0,16.01
2008-05-07,15.41,16.47,15.4,16.1,214900.0,16.1
2008-05-06,15.17,16.46,15.17,15.84,219500.0,15.84
2008-05-05,15.49,16.5,14.85,16.22,844800.0,16.22
2008-05-02,18.1,18.2,15.72,16.74,926200.0,16.74
2008-05-01,18.4,19.0,18.4,18.87,125900.0,18.87
2008-04-30,18.2,18.83,17.96,18.61,816100.0,18.61
2008-04-29,18.0,18.5,18.0,18.27,420100.0,18.27
2008-04-28,18.14,18.62,18.06,18.2,606800.0,18.2
2008-04-25,18.1,18.15,17.95,18.05,58400.0,18.05
2008-04-24,18.49,18.49,17.82,18.22,268500.0,18.22
2008-04-23,17.86,18.75,17.83,18.75,84400.0,18.75
2008-04-22,17.75,18.02,17.75,18.02,300700.0,18.02
2008-04-21,17.5,18.03,17.5,18.0,210200.0,18.0
2008-04-18,17.47,18.1,17.25,17.7,95100.0,17.7
2008-04-17,17.36,17.36,17.0,17.17,56000.0,17.17
2008-04-16,17.24,17.63,17.12,17.21,540900.0,17.21
2008-04-15,17.65,17.9,16.84,17.47,36400.0,17.47
2008-04-14,17.8,18.0,17.4,17.86,268400.0,17.86
2008-04-11,17.95,18.1,17.8,18.0,124700.0,18.0
2008-04-10,17.8,18.02,17.7,18.0,12600.0,18.0
2008-04-09,19.0,19.0,17.82,17.91,52500.0,17.91
2008-04-08,18.01,18.3,17.95,18.15,47400.0,18.15
2008-04-07,18.5,18.5,17.9,18.24,21000.0,18.24
2008-04-04,18.54,18.69,18.19,18.3,147600.0,18.3
2008-04-03,17.78,19.0,17.78,18.7,343400.0,18.7
2008-04-02,17.9,18.25,17.36,18.2,134000.0,18.2
2008-04-01,16.7,17.8,16.7,17.7,181300.0,17.7
2008-03-31,17.22,17.5,16.86,17.02,441700.0,17.02
2008-03-28,16.85,17.25,16.85,16.9,167100.0,16.9
2008-03-27,16.55,17.13,16.55,17.1,79800.0,17.1
2008-03-26,17.34,17.53,17.14,17.23,121300.0,17.23
2008-03-25,17.0,18.15,17.0,17.54,123700.0,17.54
2008-03-24,16.0,17.5,16.0,16.67,236400.0,16.67
2008-03-20,14.25,15.92,14.25,15.71,56400.0,15.71
2008-03-19,14.1,14.8,14.0,14.16,193600.0,14.16
2008-03-18,12.65,14.34,12.5,13.8,263000.0,13.8
2008-03-17,11.4,12.34,11.0,12.2,299300.0,12.2
2008-03-14,12.05,12.6,11.75,12.0,401800.0,12.0
2008-03-13,12.0,12.25,11.0,12.25,230000.0,12.25
2008-03-12,12.9,13.09,12.57,12.65,56600.0,12.65
2008-03-11,12.51,12.95,12.15,12.65,391900.0,12.65
2008-03-10,13.24,13.24,11.35,11.59,176200.0,11.59
2008-03-07,14.05,14.55,13.45,13.96,98700.0,13.96
2008-03-06,15.2,15.55,14.05,14.3,74300.0,14.3
2008-03-05,15.8,16.01,15.19,15.56,104900.0,15.56
2008-03-04,16.64,16.67,15.33,16.09,114000.0,16.09
2008-03-03,17.22,17.25,16.76,16.76,25200.0,16.76
2008-02-29,17.1,17.38,17.1,17.25,10000.0,17.25
2008-02-28,17.13,17.37,17.13,17.3,13700.0,17.3
2008-02-27,17.45,17.45,17.14,17.27,15800.0,17.27
2008-02-26,17.27,17.43,17.03,17.38,543400.0,17.38
2008-02-25,16.6,17.27,16.1,17.27,15200.0,17.27
2008-02-22,17.2,17.2,16.93,17.0,7300.0,17.0
2008-02-21,17.1,17.1,16.76,17.0,52700.0,17.0
2008-02-20,17.24,17.29,17.24,17.25,53700.0,17.25
2008-02-19,17.5,17.6,17.17,17.19,32300.0,17.19
2008-02-15,17.15,17.45,17.1,17.41,7700.0,17.41
2008-02-14,17.5,17.75,17.13,17.6,46600.0,17.6
2008-02-13,17.64,17.72,17.45,17.45,24100.0,17.45
2008-02-12,17.74,17.95,17.55,17.55,84700.0,17.55
2008-02-11,17.99,18.0,17.75,17.81,24600.0,17.81
2008-02-08,17.97,18.0,17.66,17.95,19200.0,17.95
2008-02-07,17.5,17.79,17.49,17.79,47400.0,17.79
2008-02-06,17.46,17.76,17.4,17.55,51400.0,17.55
2008-02-05,17.85,17.92,17.54,17.55,149800.0,17.55
2008-02-04,18.0,18.18,17.88,18.0,43900.0,18.0
2008-02-01,17.0,18.07,17.0,17.97,240400.0,17.97
2008-01-31,17.0,17.5,16.85,17.0,111800.0,17.0
2008-01-30,17.0,17.25,17.0,17.15,272000.0,17.15
2008-01-29,16.5,17.25,16.25,17.05,770200.0,17.05
2008-01-28,17.0,17.03,16.1,16.21,142900.0,16.21
2008-01-25,16.99,17.49,16.87,17.34,124700.0,17.34
2008-01-24,16.77,16.95,16.48,16.85,63700.0,16.85
2008-01-23,16.57,16.98,16.21,16.75,163300.0,16.75
2008-01-22,16.0,16.6,14.7,16.56,129400.0,16.56
2008-01-18,17.94,17.94,17.0,17.14,45100.0,17.14
2008-01-17,17.75,18.27,17.27,17.95,164600.0,17.95
2008-01-16,17.49,18.27,17.27,18.0,285400.0,18.0
2008-01-15,16.2,17.43,16.19,17.4,135600.0,17.4
2008-01-14,18.7,18.7,17.22,17.48,254900.0,17.48
2008-01-11,20.8,20.8,17.72,18.35,1092500.0,18.35
2008-01-10,7.06,19.0,7.06,17.9,1254675.0,17.9
2008-01-09,7.97,7.97,6.88,7.5,329100.0,7.5
2008-01-08,10.48,10.49,7.59,8.03,267000.0,8.03
2008-01-07,11.55,11.55,10.29,10.29,55200.0,10.29
2008-01-04,11.31,11.31,10.96,11.25,48600.0,11.25
2008-01-03,11.76,12.24,11.27,11.65,57000.0,11.65
2008-01-02,11.79,11.94,11.46,11.76,57300.0,11.76
2007-12-31,11.05,11.79,11.05,11.79,81300.0,11.79
2007-12-28,11.01,11.68,11.01,11.45,81200.0,11.45
2007-12-27,10.88,11.5,10.88,11.35,60800.0,11.35
2007-12-26,11.5,12.0,11.28,11.42,64900.0,11.42
2007-12-24,11.75,11.94,11.3,11.5,21100.0,11.5
2007-12-21,10.7,11.88,10.7,11.3,108300.0,11.3
2007-12-20,11.54,11.85,11.0,11.14,77700.0,11.14
2007-12-19,11.93,12.14,11.36,11.5,118200.0,11.5
2007-12-18,12.03,12.26,11.63,11.86,54400.0,11.86
2007-12-17,12.02,12.68,12.02,12.2,38100.0,12.2
2007-12-14,12.79,13.32,12.38,12.38,52800.0,12.38
2007-12-13,13.37,13.37,12.71,12.71,37700.0,12.71
2007-12-12,14.75,15.11,13.19,13.21,91600.0,13.21
2007-12-11,15.87,15.87,14.2,14.48,49500.0,14.48
2007-12-10,15.03,15.76,14.91,15.3,62900.0,15.3
2007-12-07,15.15,15.81,14.61,14.9,69700.0,14.9
2007-12-06,14.78,15.8,14.19,14.75,88300.0,14.75
2007-12-05,14.16,14.25,13.78,14.0,83800.0,14.0
2007-12-04,14.35,14.62,13.88,13.98,52700.0,13.98
2007-12-03,14.25,14.81,13.53,14.45,78600.0,14.45
2007-11-30,14.69,14.74,13.95,13.95,69300.0,13.95
2007-11-29,12.13,13.75,11.91,12.45,117200.0,12.45
2007-11-28,12.1,12.75,11.4,12.14,454900.0,12.14
2007-11-27,11.01,11.9,10.91,11.4,83200.0,11.4
2007-11-26,12.92,12.92,11.0,11.0,95900.0,11.0
2007-11-23,11.76,12.32,11.65,12.2,41100.0,12.2
2007-11-21,11.5,12.55,11.5,11.76,71700.0,11.76
2007-11-20,13.05,13.25,11.32,11.98,207800.0,11.98
2007-11-19,12.9,13.63,12.64,13.18,85100.0,13.18
2007-11-16,13.6,13.97,12.56,13.65,132500.0,13.65
2007-11-15,14.54,14.62,13.51,13.7,49200.0,13.7
2007-11-14,14.81,15.06,14.58,14.8,55600.0,14.8
2007-11-13,14.75,15.1,14.2,14.69,118400.0,14.69
2007-11-12,15.55,15.8,14.59,14.7,42400.0,14.7
2007-11-09,15.83,16.79,15.27,16.0,62500.0,16.0
2007-11-08,17.33,17.33,15.66,15.75,89700.0,15.75
2007-11-07,16.8,17.02,16.0,16.25,47400.0,16.25
2007-11-06,16.88,17.49,16.85,17.18,32400.0,17.18
2007-11-05,16.66,17.11,16.45,17.0,34100.0,17.0
2007-11-02,16.78,17.27,16.05,16.7,66300.0,16.7
2007-11-01,16.1,17.29,16.1,17.0,78300.0,17.0
2007-10-31,18.09,18.1,17.77,17.8,181700.0,17.8
2007-10-30,17.67,18.05,17.67,17.99,126000.0,17.99
2007-10-29,17.92,18.05,17.4,17.92,139400.0,17.92
2007-10-26,17.0,18.1,16.75,18.05,846200.0,18.05
2007-10-25,15.05,16.15,13.5,14.85,539800.0,14.85
2007-10-24,16.85,17.01,15.0,15.25,430000.0,15.25
2007-10-23,16.77,17.44,16.58,17.1,65900.0,17.1
2007-10-22,16.0,17.13,16.0,17.0,32600.0,17.0
2007-10-19,16.85,16.96,16.26,16.26,144100.0,16.26
2007-10-18,17.26,17.26,15.97,16.85,75300.0,16.85
2007-10-17,18.12,18.5,17.6,17.66,44500.0,17.66
2007-10-16,18.4,18.4,18.0,18.05,24000.0,18.05
2007-10-15,18.86,19.01,18.41,18.41,49300.0,18.41
2007-10-12,19.05,19.24,18.68,19.04,24100.0,19.04
2007-10-11,19.12,19.3,18.65,19.01,906600.0,19.01
2007-10-10,19.35,19.65,19.23,19.27,150400.0,19.27
2007-10-09,19.48,19.5,19.02,19.35,19000.0,19.35
2007-10-08,19.11,19.42,19.01,19.03,13700.0,19.03
2007-10-05,19.32,19.5,19.09,19.12,14300.0,19.12
2007-10-04,19.75,19.8,19.4,19.4,31200.0,19.4
2007-10-03,19.8,19.93,19.43,19.6,73000.0,19.6
2007-10-02,19.04,19.81,19.04,19.63,26900.0,19.63
2007-10-01,19.55,19.57,19.1,19.44,27100.0,19.44
2007-09-28,18.45,19.25,18.45,19.25,77900.0,19.25
2007-09-27,19.0,19.1,18.85,19.04,138800.0,19.04
2007-09-26,18.76,19.5,18.75,19.0,74800.0,19.0
2007-09-25,19.43,19.56,19.0,19.3,66100.0,19.3
2007-09-24,19.65,20.06,19.38,19.5,33700.0,19.5
2007-09-21,19.5,19.97,19.46,19.85,47500.0,19.85
2007-09-20,19.42,19.79,19.18,19.45,70400.0,19.45
2007-09-19,19.5,20.2,19.35,19.62,148000.0,19.62
2007-09-18,18.89,19.25,18.65,19.0,60500.0,19.0
2007-09-17,18.5,19.0,18.02,18.76,29500.0,18.76
2007-09-14,18.3,18.9,18.3,18.5,77900.0,18.5
2007-09-13,17.95,18.88,17.9,18.7,69700.0,18.7
2007-09-12,17.42,17.42,16.71,17.3,123500.0,17.3
2007-09-11,17.25,17.7,17.08,17.15,106500.0,17.15
2007-09-10,18.59,18.59,17.65,17.65,73700.0,17.65
2007-09-07,18.45,18.7,18.3,18.52,24600.0,18.52
2007-09-06,18.82,19.0,18.75,18.78,67900.0,18.78
2007-09-05,18.7,19.05,18.65,19.0,43000.0,19.0
2007-09-04,18.71,19.41,18.71,19.06,54600.0,19.06
2007-08-31,18.65,18.99,18.3,18.71,36600.0,18.71
2007-08-30,18.02,18.72,18.0,18.1,83800.0,18.1
2007-08-29,17.71,18.28,17.5,18.06,245500.0,18.06
2007-08-28,18.1,18.3,17.05,17.55,192800.0,17.55
2007-08-27,18.43,18.43,17.65,18.19,108100.0,18.19
2007-08-24,19.55,19.55,18.61,18.82,116300.0,18.82
2007-08-23,20.0,21.25,19.5,19.7,850000.0,19.7
2007-08-22,18.5,18.5,16.91,17.62,97500.0,17.62
2007-08-21,16.25,17.76,16.25,17.65,177300.0,17.65
2007-08-20,16.15,16.52,14.9,16.0,351400.0,16.0
2007-08-17,16.3,16.63,15.05,15.8,393900.0,15.8
2007-08-16,10.94,14.8,9.0,14.2,711600.0,14.2
2007-08-15,15.99,15.99,13.0,13.8,496300.0,13.8
2007-08-14,17.0,17.6,16.7,17.15,184200.0,17.15
2007-08-13,19.23,23.0,17.52,17.95,126000.0,17.95
2007-08-10,19.5,19.5,18.0,18.83,133200.0,18.83
2007-08-09,19.98,20.72,19.98,20.5,26000.0,20.5
2007-08-08,20.81,21.15,20.4,20.76,38300.0,20.76
2007-08-07,18.46,20.59,18.46,20.31,83400.0,20.31
2007-08-06,17.5,19.39,17.1,18.66,105200.0,18.66
2007-08-03,18.68,18.68,17.0,17.95,239400.0,17.95
2007-08-02,19.47,20.5,1.96,18.7,557800.0,18.7
2007-08-01,19.83,20.12,19.03,19.47,484900.0,19.47
2007-07-31,20.13,21.16,19.8,20.1,67400.0,20.1
2007-07-30,21.12,21.22,20.06,20.15,84900.0,20.15
2007-07-27,21.34,21.61,21.0,21.15,25800.0,21.15
2007-07-26,20.78,21.51,20.46,21.23,57200.0,21.23
2007-07-25,22.35,22.4,21.11,21.48,97300.0,21.48
2007-07-24,22.89,23.1,22.3,22.33,55100.0,22.33
2007-07-23,23.34,23.37,23.12,23.23,42400.0,23.23
2007-07-20,23.22,23.33,23.11,23.19,30700.0,23.19
2007-07-19,23.36,23.53,23.13,23.21,51500.0,23.21
2007-07-18,23.35,23.49,23.14,23.33,22200.0,23.33
2007-07-17,23.25,23.49,22.91,23.41,31800.0,23.41
2007-07-16,23.61,23.61,23.2,23.2,49000.0,23.2
2007-07-13,23.36,23.6,23.35,23.55,15600.0,23.55
2007-07-12,23.55,23.6,23.26,23.34,36600.0,23.34
2007-07-11,23.81,23.81,23.49,23.53,11700.0,23.53
2007-07-10,23.8,23.8,23.6,23.67,19500.0,23.67
2007-07-09,23.65,23.77,23.57,23.65,29200.0,23.65
2007-07-06,23.44,23.59,23.1,23.52,45300.0,23.52
2007-07-05,23.35,23.47,23.24,23.42,13500.0,23.42
2007-07-03,23.5,23.6,23.45,23.48,19000.0,23.48
2007-07-02,23.4,23.43,23.35,23.42,13500.0,23.42
2007-06-29,23.29,23.5,23.2,23.38,415900.0,23.38
2007-06-28,23.45,23.45,23.25,23.29,20100.0,23.29
2007-06-27,23.44,23.47,23.0,23.45,423300.0,23.45
2007-06-26,24.04,24.04,23.85,23.86,29700.0,23.86
2007-06-25,23.98,24.03,23.86,23.9,86000.0,23.9
2007-06-22,24.0,24.03,23.86,23.92,21400.0,23.92
2007-06-21,24.02,24.18,23.9,23.97,729300.0,23.97
2007-06-20,24.43,24.43,24.15,24.15,20400.0,24.15
2007-06-19,24.27,24.54,24.26,24.29,10300.0,24.29
2007-06-18,24.24,24.45,24.1,24.35,33400.0,24.35
2007-06-15,24.35,24.48,24.2,24.32,8400.0,24.32
2007-06-14,24.08,24.33,24.08,24.23,9200.0,24.23
2007-06-13,24.03,24.28,24.0,24.15,25100.0,24.15
2007-06-12,24.36,24.36,24.0,24.01,23600.0,24.01
2007-06-11,24.1,24.3,24.1,24.21,5000.0,24.21
2007-06-08,24.25,24.3,24.01,24.14,11300.0,24.14
2007-06-07,24.25,24.38,24.24,24.32,9500.0,24.32
2007-06-06,24.44,24.44,24.33,24.35,16700.0,24.35
2007-06-05,24.43,24.44,24.35,24.39,5900.0,24.39
2007-06-04,24.48,24.48,24.38,24.38,28500.0,24.38
2007-06-01,24.55,24.58,24.47,24.47,13300.0,24.47
2007-05-31,24.58,24.61,24.51,24.51,9000.0,24.51
2007-05-30,24.48,24.65,24.48,24.54,23300.0,24.54
2007-05-29,24.6,24.6,24.49,24.5,7700.0,24.5
2007-05-25,24.6,24.68,24.5,24.5,14700.0,24.5
2007-05-24,24.65,24.65,24.5,24.6,15400.0,24.6
2007-05-23,24.69,24.7,24.56,24.57,25900.0,24.57
2007-05-22,24.66,24.7,24.54,24.65,31400.0,24.65
2007-05-21,24.65,24.7,24.65,24.66,9100.0,24.66
2007-05-18,24.66,24.69,24.62,24.64,6300.0,24.64
2007-05-17,24.65,24.72,24.61,24.69,16800.0,24.69
2007-05-16,24.62,24.72,24.62,24.62,12700.0,24.62
2007-05-15,24.63,24.73,24.62,24.67,28900.0,24.67
2007-05-14,24.73,24.95,24.62,24.64,16600.0,24.64
2007-05-11,24.71,24.74,24.66,24.67,11200.0,24.67
2007-05-10,24.7,24.79,24.63,24.63,16000.0,24.63
2007-05-09,24.72,24.78,24.67,24.67,11200.0,24.67
2007-05-08,24.72,24.77,24.7,24.71,29500.0,24.71
2007-05-07,24.7,24.8,24.67,24.72,32900.0,24.72
2007-05-04,24.71,24.75,24.66,24.67,23000.0,24.67
2007-05-03,24.69,24.83,24.69,24.71,26400.0,24.71
2007-05-02,24.71,24.93,24.71,24.75,22700.0,24.75
2007-05-01,24.81,24.81,24.73,24.8,15000.0,24.8
2007-04-30,24.61,24.79,24.61,24.75,9900.0,24.75
2007-04-27,24.63,24.76,24.63,24.66,12200.0,24.66
2007-04-26,24.72,24.77,24.72,24.72,16800.0,24.72
2007-04-25,24.77,24.77,24.66,24.72,14000.0,24.72
2007-04-24,24.72,24.72,24.65,24.67,9000.0,24.67
2007-04-23,24.83,24.84,24.64,24.64,11700.0,24.64
2007-04-20,24.7,24.8,24.61,24.75,21500.0,24.75
2007-04-19,24.59,24.8,24.54,24.71,55000.0,24.71
2007-04-18,24.48,24.64,24.48,24.55,17900.0,24.55
2007-04-17,24.52,24.95,24.5,24.55,34000.0,24.55
2007-04-16,24.66,24.69,24.49,24.51,74700.0,24.51
2007-04-13,24.56,24.64,24.56,24.57,8500.0,24.57
2007-04-12,24.52,24.61,24.52,24.57,17200.0,24.57
2007-04-11,24.53,24.63,24.5,24.52,28600.0,24.52
2007-04-10,24.56,24.64,24.5,24.52,21700.0,24.52
2007-04-09,24.51,24.63,24.49,24.6,24600.0,24.6
2007-04-05,24.7,24.73,24.46,24.5,22600.0,24.5
2007-04-04,24.51,24.58,24.45,24.51,24200.0,24.51
2007-04-03,24.37,24.5,24.27,24.41,28500.0,24.41
2007-04-02,24.36,24.39,24.2,24.29,23700.0,24.29
2007-03-30,24.25,24.35,24.25,24.26,22000.0,24.26
2007-03-29,24.21,24.35,24.21,24.25,37600.0,24.25
2007-03-28,24.16,24.25,24.05,24.17,28700.0,24.17
2007-03-27,24.45,24.61,24.38,24.5,22700.0,24.5
2007-03-26,24.54,24.58,24.36,24.44,26300.0,24.44
2007-03-23,24.67,24.78,24.37,24.41,76900.0,24.41
2007-03-22,24.6,24.78,24.4,24.56,65700.0,24.56
2007-03-21,24.59,24.73,24.5,24.68,35400.0,24.68
2007-03-20,24.49,24.69,24.44,24.59,63900.0,24.59
2007-03-19,24.53,24.53,22.5,24.4,40500.0,24.4
2007-03-16,24.32,24.61,24.32,24.53,17200.0,24.53
2007-03-15,24.36,24.73,24.36,24.46,50800.0,24.46
2007-03-14,24.0,24.49,23.71,24.21,102300.0,24.21
2007-03-13,24.4,24.4,23.12,23.58,169600.0,23.58
2007-03-12,24.89,24.89,24.01,24.41,77700.0,24.41
2007-03-09,24.91,24.96,24.82,24.89,25100.0,24.89
2007-03-08,24.91,25.13,24.86,24.86,44000.0,24.86
2007-03-07,24.8,24.98,24.69,24.94,39100.0,24.94
2007-03-06,24.62,24.81,24.51,24.78,53500.0,24.78
2007-03-05,24.71,24.71,24.33,24.37,77800.0,24.37
2007-03-02,24.84,24.86,24.72,24.72,71100.0,24.72
2007-03-01,24.88,24.89,24.82,24.85,33800.0,24.85
2007-02-28,24.94,25.03,24.87,24.98,146000.0,24.98
2007-02-27,24.98,24.98,24.93,24.95,34400.0,24.95
2007-02-26,25.01,25.05,25.0,25.02,24500.0,25.02
2007-02-23,25.22,25.22,25.03,25.03,66700.0,25.03
2007-02-22,25.19,25.24,25.18,25.18,11200.0,25.18
2007-02-21,25.18,25.25,25.12,25.2,14400.0,25.2
2007-02-20,25.17,25.22,25.16,25.2,15500.0,25.2
2007-02-16,25.18,25.29,25.15,25.17,10300.0,25.17
2007-02-15,25.12,25.23,25.12,25.18,7700.0,25.18
2007-02-14,24.96,25.25,24.96,25.23,13300.0,25.23
2007-02-13,24.96,25.04,24.96,25.02,11300.0,25.02
2007-02-12,25.03,25.1,24.95,24.95,38000.0,24.95
2007-02-09,25.04,25.11,25.02,25.02,8900.0,25.02
2007-02-08,25.16,25.17,25.05,25.05,11700.0,25.05
2007-02-07,25.18,25.24,25.11,25.11,5800.0,25.11
2007-02-06,25.17,25.25,25.13,25.17,43200.0,25.17
2007-02-05,25.14,25.24,25.14,25.19,5700.0,25.19
2007-02-02,25.25,25.3,25.24,25.24,6300.0,25.24
2007-02-01,25.02,25.3,25.02,25.25,14800.0,25.25
2007-01-31,25.06,25.19,25.06,25.11,16900.0,25.11
2007-01-30,25.12,25.24,25.12,25.17,10900.0,25.17
2007-01-29,25.27,25.27,25.15,25.15,4400.0,25.15
2007-01-26,24.92,25.35,24.92,25.17,77400.0,25.17
2007-01-25,25.01,25.05,24.91,24.91,9500.0,24.91
2007-01-24,25.01,25.05,24.92,24.96,754500.0,24.96
2007-01-23,25.19,25.19,24.84,25.0,67700.0,25.0
2007-01-22,25.22,25.22,25.15,25.15,7000.0,25.15
2007-01-19,25.19,25.2,25.13,25.13,23900.0,25.13
2007-01-18,25.24,25.24,25.14,25.19,13400.0,25.19
2007-01-17,25.17,25.26,25.16,25.2,12600.0,25.2
2007-01-16,25.2,25.33,25.17,25.18,7700.0,25.18
2007-01-12,25.24,25.25,25.18,25.19,9400.0,25.19
2007-01-11,25.27,25.28,25.18,25.21,5100.0,25.21
2007-01-10,25.16,25.25,25.16,25.24,6900.0,25.24
2007-01-09,25.17,25.25,25.15,25.24,12900.0,25.24
2007-01-08,25.27,25.27,25.16,25.17,3100.0,25.17
2007-01-05,25.15,25.2,25.15,25.17,8300.0,25.17
2007-01-04,25.12,25.33,25.0,25.29,27900.0,25.29
2007-01-03,25.26,25.26,25.03,25.12,15600.0,25.12
2006-12-29,25.02,25.05,24.95,25.01,15600.0,25.01
2006-12-28,24.98,25.0,24.9,24.93,24300.0,24.93
2006-12-27,25.0,25.0,24.9,24.93,12800.0,24.93
2006-12-26,25.25,25.34,25.25,25.28,6000.0,25.28
2006-12-22,25.2,25.28,25.2,25.25,1900.0,25.25
2006-12-21,25.29,25.35,25.19,25.2,14900.0,25.2
2006-12-20,25.12,25.32,25.12,25.25,4400.0,25.25
2006-12-19,25.2,25.25,25.15,25.19,9100.0,25.19
2006-12-18,25.22,25.37,25.2,25.28,26500.0,25.28
2006-12-15,25.14,25.23,25.1,25.13,39500.0,25.13
2006-12-14,25.12,25.19,25.1,25.13,25000.0,25.13
2006-12-13,25.08,25.17,25.08,25.08,9100.0,25.08
2006-12-12,25.14,25.18,25.08,25.08,11400.0,25.08
2006-12-11,25.1,25.18,25.09,25.09,23300.0,25.09
2006-12-08,25.11,25.16,25.09,25.09,34800.0,25.09
2006-12-07,25.12,25.17,25.11,25.13,102300.0,25.13
2006-12-06,25.14,25.2,25.11,25.11,53600.0,25.11
2006-12-05,25.17,25.2,25.13,25.18,36000.0,25.18
2006-12-04,25.22,25.25,25.18,25.18,55000.0,25.18
2006-12-01,25.14,25.22,25.1,25.22,43400.0,25.22
2006-11-30,25.1,25.19,25.1,25.13,108400.0,25.13
2006-11-29,25.2,25.2,25.11,25.11,16400.0,25.11
2006-11-28,25.12,25.25,25.12,25.15,9700.0,25.15
2006-11-27,25.12,25.15,25.11,25.12,15700.0,25.12
2006-11-24,25.11,25.23,25.11,25.2,3900.0,25.2
2006-11-22,25.05,25.15,25.05,25.11,22000.0,25.11
2006-11-21,25.05,25.1,25.03,25.03,34900.0,25.03
2006-11-20,25.02,25.12,25.02,25.02,64600.0,25.02
2006-11-17,24.99,25.02,24.92,24.95,26900.0,24.95
2006-11-16,24.95,24.97,24.89,24.89,10300.0,24.89
2006-11-15,24.99,25.0,24.8,24.89,43300.0,24.89
2006-11-14,24.92,25.0,24.92,24.92,30800.0,24.92
2006-11-13,24.95,24.95,24.86,24.88,17900.0,24.88
2006-11-10,24.91,24.98,24.86,24.92,10000.0,24.92
2006-11-09,24.81,24.9,24.81,24.84,61800.0,24.84
2006-11-08,24.81,24.88,24.81,24.81,8300.0,24.81
2006-11-07,24.81,24.88,24.8,24.84,42900.0,24.84
2006-11-06,24.81,24.84,24.76,24.8,8000.0,24.8
2006-11-03,24.82,24.86,24.76,24.77,8700.0,24.77
2006-11-02,24.88,24.93,24.83,24.85,8800.0,24.85
2006-11-01,24.84,24.96,24.84,24.9,13800.0,24.9
2006-10-31,24.89,24.93,24.84,24.84,11300.0,24.84
2006-10-30,25.16,25.16,24.83,24.88,22800.0,24.88
2006-10-27,25.06,25.16,25.06,25.09,53600.0,25.09
2006-10-26,25.1,25.1,24.97,25.02,14500.0,25.02
2006-10-25,25.11,25.11,25.02,25.06,6600.0,25.06
2006-10-24,25.08,25.23,25.01,25.07,17000.0,25.07
2006-10-23,25.13,25.16,25.06,25.11,7200.0,25.11
2006-10-20,25.06,25.27,25.05,25.13,11900.0,25.13
2006-10-19,25.18,25.18,25.01,25.04,11800.0,25.04
2006-10-18,25.22,25.22,25.15,25.15,41700.0,25.15
2006-10-17,25.11,25.23,25.11,25.16,10800.0,25.16
2006-10-16,25.31,25.31,25.15,25.15,17300.0,25.15
2006-10-13,25.2,25.32,25.15,25.23,7700.0,25.23
2006-10-12,25.17,25.27,25.15,25.25,5400.0,25.25
2006-10-11,25.16,25.24,25.15,25.2,207600.0,25.2
2006-10-10,25.26,25.26,25.16,25.16,2900.0,25.16
2006-10-09,25.25,25.32,25.16,25.18,3400.0,25.18
2006-10-06,25.21,25.35,25.2,25.27,5700.0,25.27
2006-10-05,25.25,25.25,25.16,25.21,4300.0,25.21
2006-10-04,25.19,25.26,25.16,25.17,11300.0,25.17
2006-10-03,25.35,25.35,25.17,25.17,5100.0,25.17
2006-10-02,25.17,25.2,25.15,25.16,6900.0,25.16
2006-09-29,25.17,25.18,25.09,25.09,5800.0,25.09
2006-09-28,25.2,25.2,25.07,25.09,6000.0,25.09
2006-09-27,25.23,25.3,25.05,25.06,11800.0,25.06
2006-09-26,25.54,25.65,25.51,25.52,13600.0,25.52
2006-09-25,25.55,25.62,25.46,25.5,10400.0,25.5
2006-09-22,25.4,25.55,25.4,25.55,6800.0,25.55
2006-09-21,25.41,25.5,25.4,25.4,4000.0,25.4
2006-09-20,25.2,25.49,25.2,25.41,8000.0,25.41
2006-09-19,25.36,25.42,25.27,25.32,6900.0,25.32
2006-09-18,25.37,25.4,25.35,25.4,5200.0,25.4
2006-09-15,25.4,25.41,25.31,25.32,11200.0,25.32
2006-09-14,25.36,25.42,25.3,25.36,12200.0,25.36
2006-09-13,25.35,25.39,25.27,25.39,14400.0,25.39
2006-09-12,25.19,25.35,25.19,25.25,15600.0,25.25
2006-09-11,25.29,25.29,25.18,25.24,5600.0,25.24
2006-09-08,25.25,25.29,25.18,25.27,5100.0,25.27
2006-09-07,25.22,25.3,25.17,25.19,18300.0,25.19
2006-09-06,25.25,25.36,25.22,25.22,14000.0,25.22
2006-09-05,25.29,25.29,25.2,25.25,4900.0,25.25
2006-09-01,25.25,25.34,25.22,25.3,14000.0,25.3
2006-08-31,25.21,25.25,25.19,25.2,17200.0,25.2
2006-08-30,25.18,25.25,25.17,25.21,11800.0,25.21
2006-08-29,25.25,25.25,25.17,25.19,19500.0,25.19
2006-08-28,25.24,25.31,25.17,25.31,9900.0,25.31
2006-08-25,25.14,25.23,25.14,25.18,7100.0,25.18
2006-08-24,25.22,25.25,25.15,25.24,9000.0,25.24
2006-08-23,25.4,25.4,25.21,25.22,8400.0,25.22
2006-08-22,25.33,25.34,25.2,25.34,25900.0,25.34
2006-08-21,25.26,25.26,25.09,25.14,20300.0,25.14
2006-08-18,24.9,25.3,24.9,25.26,19800.0,25.26
2006-08-17,24.95,25.0,24.92,25.0,12000.0,25.0
2006-08-16,24.81,24.95,24.81,24.95,386400.0,24.95
2006-08-15,24.98,24.98,24.8,24.89,12700.0,24.89
2006-08-14,24.81,24.89,24.78,24.78,115600.0,24.78
2006-08-11,24.88,24.99,24.85,24.92,9700.0,24.92
2006-08-10,24.9,24.95,24.87,24.87,113100.0,24.87
2006-08-09,24.97,25.0,24.88,24.93,132100.0,24.93
2006-08-08,24.83,24.94,24.78,24.93,11900.0,24.93
2006-08-07,24.73,24.87,24.65,24.73,7800.0,24.73
2006-08-04,24.72,24.82,24.72,24.77,7800.0,24.77
2006-08-03,24.66,24.8,24.66,24.71,8600.0,24.71
2006-08-02,24.68,24.72,24.65,24.72,6100.0,24.72
2006-08-01,24.65,24.75,24.64,24.64,8000.0,24.64
2006-07-31,24.61,24.63,24.58,24.58,21800.0,24.58
2006-07-28,24.67,24.67,24.55,24.56,10000.0,24.56
2006-07-27,24.66,24.66,24.52,24.52,27100.0,24.52
2006-07-26,24.72,24.74,24.57,24.57,7700.0,24.57
2006-07-25,24.43,24.74,24.43,24.62,27900.0,24.62
2006-07-24,24.53,24.74,24.5,24.52,13400.0,24.52
2006-07-21,24.68,24.69,24.55,24.61,11900.0,24.61
2006-07-20,24.6,24.63,24.55,24.58,110200.0,24.58
2006-07-19,24.42,24.64,24.42,24.6,25400.0,24.6
2006-07-18,24.45,24.6,24.38,24.44,14600.0,24.44
2006-07-17,24.48,24.48,24.31,24.4,6500.0,24.4
2006-07-14,24.4,24.4,24.29,24.38,8200.0,24.38
2006-07-13,24.35,24.5,24.26,24.4,15100.0,24.4
2006-07-12,24.37,24.51,24.25,24.35,12500.0,24.35
2006-07-11,24.25,24.55,24.25,24.36,19300.0,24.36
2006-07-10,24.15,24.15,23.99,24.15,22100.0,24.15
2006-07-07,24.0,24.3,23.96,24.02,31300.0,24.02
2006-07-06,23.65,24.1,23.65,23.92,21100.0,23.92
2006-07-05,23.78,23.78,23.58,23.65,5300.0,23.65
2006-07-03,23.7,23.7,23.6,23.69,900.0,23.69
2006-06-30,23.56,23.65,23.51,23.65,5200.0,23.65
2006-06-29,23.55,23.63,23.51,23.6,6000.0,23.6
2006-06-28,23.72,23.76,23.55,23.56,12800.0,23.56
2006-06-27,24.07,24.12,24.01,24.05,6600.0,24.05
2006-06-26,24.01,24.1,24.0,24.06,4400.0,24.06
2006-06-23,24.03,24.11,23.96,24.04,8700.0,24.04
2006-06-22,24.08,24.17,24.0,24.0,12700.0,24.0
2006-06-21,24.25,24.3,24.2,24.21,7400.0,24.21
2006-06-20,24.25,24.25,24.07,24.22,7700.0,24.22
2006-06-19,24.14,24.21,24.11,24.21,8300.0,24.21
2006-06-16,24.1,24.19,24.1,24.18,24200.0,24.18
2006-06-15,24.18,24.32,24.12,24.2,30900.0,24.2
2006-06-14,24.18,24.26,24.15,24.18,7400.0,24.18
2006-06-13,24.17,24.39,24.15,24.25,11300.0,24.25
2006-06-12,24.22,24.36,24.17,24.17,13700.0,24.17
2006-06-09,24.14,24.34,24.14,24.31,12200.0,24.31
2006-06-08,24.27,24.37,24.15,24.26,8300.0,24.26
2006-06-07,24.25,24.27,24.12,24.12,13700.0,24.12
2006-06-06,24.2,24.25,24.09,24.25,7000.0,24.25
2006-06-05,24.11,24.25,24.09,24.16,13300.0,24.16
2006-06-02,24.06,24.21,24.06,24.1,9600.0,24.1
2006-06-01,24.06,24.18,24.04,24.1,9400.0,24.1
2006-05-31,24.15,24.25,24.15,24.16,11900.0,24.16
2006-05-30,23.97,24.25,23.97,24.17,16800.0,24.17
2006-05-26,24.1,24.19,23.96,23.97,14500.0,23.97
2006-05-25,24.15,24.23,23.96,24.1,11800.0,24.1
2006-05-24,23.98,24.17,23.98,24.05,25700.0,24.05
2006-05-23,23.92,24.25,23.92,24.05,27200.0,24.05
2006-05-22,23.88,24.09,23.88,23.92,24200.0,23.92
2006-05-19,23.95,24.13,23.85,23.9,7400.0,23.9
2006-05-18,23.69,23.97,23.65,23.84,15200.0,23.84
2006-05-17,24.08,24.08,23.65,23.7,8600.0,23.7
2006-05-16,24.05,24.1,23.84,24.0,13300.0,24.0
2006-05-15,24.15,24.15,23.88,23.89,9100.0,23.89
2006-05-12,24.15,24.22,24.0,24.0,11500.0,24.0
2006-05-11,24.35,24.35,23.96,24.0,10500.0,24.0
2006-05-10,24.2,24.38,24.0,24.22,11100.0,24.22
2006-05-09,23.93,24.28,23.93,24.0,6600.0,24.0
2006-05-08,24.0,24.19,23.91,23.95,8900.0,23.95
2006-05-05,24.12,24.27,24.0,24.0,6300.0,24.0
2006-05-04,24.2,24.25,24.1,24.12,8000.0,24.12
2006-05-03,24.28,24.28,24.06,24.06,13400.0,24.06
2006-05-02,23.86,24.17,23.81,24.06,24000.0,24.06
2006-05-01,24.12,24.14,23.86,23.86,10900.0,23.86
2006-04-28,24.32,24.54,24.06,24.06,15300.0,24.06
2006-04-27,24.25,24.35,24.25,24.32,16700.0,24.32
2006-04-26,23.95,24.2,23.95,24.12,24900.0,24.12
2006-04-25,23.82,24.13,23.82,24.09,26900.0,24.09
2006-04-24,23.83,24.17,23.83,23.84,22200.0,23.84
2006-04-21,23.84,23.95,23.75,23.82,27600.0,23.82
2006-04-20,23.75,23.89,23.67,23.7,30700.0,23.7
2006-04-19,23.89,24.14,23.55,23.79,33900.0,23.79
2006-04-18,23.9,24.14,23.76,23.88,45200.0,23.88
2006-04-17,24.31,24.31,24.02,24.15,13800.0,24.15
2006-04-13,24.55,24.55,24.2,24.33,21800.0,24.33
2006-04-12,24.5,24.67,24.3,24.6,119400.0,24.6
2006-04-11,24.68,24.74,24.53,24.55,9700.0,24.55
2006-04-10,24.5,24.74,24.5,24.55,12700.0,24.55
2006-04-07,24.5,24.62,24.5,24.53,44900.0,24.53
2006-04-06,24.91,24.91,24.85,24.85,4600.0,24.85
2006-04-05,24.8,25.0,24.8,24.95,10300.0,24.95
2006-04-04,25.0,25.04,24.83,24.87,14400.0,24.87
2006-04-03,24.85,24.99,24.85,24.85,16800.0,24.85
2006-03-31,24.8,25.1,24.77,25.1,29500.0,25.1
2006-03-30,24.81,24.89,24.8,24.8,18400.0,24.8
2006-03-29,24.95,24.95,24.76,24.85,56900.0,24.85
2006-03-28,25.26,25.28,25.18,25.19,8100.0,25.19
2006-03-27,25.21,25.35,25.21,25.25,7900.0,25.25
2006-03-24,25.17,25.3,25.17,25.2,117500.0,25.2
2006-03-23,25.2,25.26,25.17,25.18,6000.0,25.18
2006-03-22,25.16,25.22,25.16,25.16,4700.0,25.16
2006-03-21,25.21,25.24,25.15,25.15,8500.0,25.15
2006-03-20,25.26,25.29,25.25,25.25,4900.0,25.25
2006-03-17,25.26,25.29,25.25,25.25,7100.0,25.25
2006-03-16,25.2,25.28,25.2,25.25,13600.0,25.25
2006-03-15,25.12,25.29,25.12,25.2,13800.0,25.2
2006-03-14,25.11,25.28,25.11,25.13,15800.0,25.13
2006-03-13,25.28,25.28,25.18,25.2,3700.0,25.2
2006-03-10,25.34,25.34,25.16,25.16,11600.0,25.16
2006-03-09,25.2,25.31,25.2,25.3,7100.0,25.3
2006-03-08,25.3,25.3,25.1,25.2,16100.0,25.2
2006-03-07,25.3,25.3,25.22,25.22,3800.0,25.22
2006-03-06,25.29,25.4,25.29,25.3,12900.0,25.3
2006-03-03,25.28,25.5,25.24,25.5,117600.0,25.5
2006-03-02,25.28,25.28,25.22,25.22,7000.0,25.22
2006-03-01,25.24,25.24,25.24,25.24,900.0,25.24
2006-02-28,25.24,25.25,25.24,25.24,2500.0,25.24
2006-02-27,25.26,25.3,25.23,25.26,13100.0,25.26
2006-02-24,25.3,25.37,25.26,25.26,2700.0,25.26
2006-02-23,25.4,25.4,25.25,25.27,7600.0,25.27
2006-02-22,25.35,25.45,25.23,25.23,71600.0,25.23
2006-02-21,25.39,25.45,25.35,25.35,7100.0,25.35
2006-02-17,25.31,25.39,25.31,25.35,5500.0,25.35
2006-02-16,25.35,25.37,25.29,25.36,7500.0,25.36
2006-02-15,25.32,25.34,25.15,25.31,44200.0,25.31
2006-02-14,25.25,25.32,25.2,25.21,6900.0,25.21
2006-02-13,25.21,25.36,25.21,25.25,6400.0,25.25
2006-02-10,25.1,25.33,25.1,25.26,6800.0,25.26
2006-02-09,25.3,25.37,25.06,25.25,9500.0,25.25
2006-02-08,25.4,25.4,25.28,25.28,3600.0,25.28
2006-02-07,25.39,25.44,25.31,25.34,12400.0,25.34
2006-02-06,25.35,25.55,25.25,25.39,12500.0,25.39
2006-02-03,25.1,25.48,25.06,25.48,19400.0,25.48
2006-02-02,25.05,25.15,25.02,25.05,11300.0,25.05
2006-02-01,25.05,25.1,25.0,25.02,8700.0,25.02
2006-01-31,25.05,25.09,25.0,25.01,6900.0,25.01
2006-01-30,25.0,25.08,25.0,25.05,6300.0,25.05
2006-01-27,25.02,25.12,25.0,25.0,7000.0,25.0
2006-01-26,25.05,25.15,25.0,25.02,22100.0,25.02
2006-01-25,25.2,25.2,25.05,25.06,5100.0,25.06
2006-01-24,25.2,25.2,25.08,25.16,2800.0,25.16
2006-01-23,25.12,25.24,25.09,25.11,14000.0,25.11
2006-01-20,25.1,25.11,25.04,25.04,8600.0,25.04
2006-01-19,25.07,25.12,25.04,25.06,13300.0,25.06
2006-01-18,25.02,25.09,25.01,25.01,5100.0,25.01
2006-01-17,25.12,25.12,25.01,25.01,8000.0,25.01
2006-01-13,25.15,25.15,25.07,25.13,9600.0,25.13
2006-01-12,25.49,25.49,25.09,25.11,119500.0,25.11
2006-01-11,25.07,25.12,25.05,25.07,7700.0,25.07
2006-01-10,25.1,25.12,25.06,25.09,10300.0,25.09
2006-01-09,25.15,25.15,25.06,25.1,6600.0,25.1
2006-01-06,25.2,25.2,25.05,25.05,151900.0,25.05
2006-01-05,25.05,25.28,25.0,25.12,10100.0,25.12
2006-01-04,25.29,25.29,25.05,25.1,14400.0,25.1
2006-01-03,25.26,25.3,25.16,25.16,6200.0,25.16
2005-12-30,25.16,25.25,25.16,25.23,3800.0,25.23
2005-12-29,25.16,25.31,25.15,25.16,8300.0,25.16
2005-12-28,25.06,25.29,25.01,25.2,24200.0,25.2
2005-12-27,25.08,25.5,25.02,25.5,13600.0,25.5
2005-12-23,24.96,25.08,24.92,25.08,6800.0,25.08
2005-12-22,24.95,25.04,24.87,24.98,15300.0,24.98
2005-12-21,24.94,24.96,24.87,24.87,16100.0,24.87
2005-12-20,24.95,24.96,24.9,24.9,20900.0,24.9
2005-12-19,24.9,24.96,24.9,24.92,5400.0,24.92
2005-12-16,24.89,24.97,24.89,24.94,15300.0,24.94
2005-12-15,24.98,24.98,24.85,24.9,14900.0,24.9
2005-12-14,24.9,24.92,24.81,24.86,45800.0,24.86
2005-12-13,24.8,24.9,24.8,24.84,6600.0,24.84
2005-12-12,24.9,24.9,24.82,24.82,12700.0,24.82
2005-12-09,24.96,24.96,24.85,24.85,8700.0,24.85
2005-12-08,24.85,24.98,24.82,24.86,18500.0,24.86
2005-12-07,24.85,24.89,24.82,24.82,9800.0,24.82
2005-12-06,24.77,24.93,24.77,24.81,31300.0,24.81
2005-12-05,24.77,24.89,24.77,24.77,13800.0,24.77
2005-12-02,24.8,24.89,24.72,24.81,55800.0,24.81
2005-12-01,24.71,24.88,24.68,24.78,13600.0,24.78
2005-11-30,24.7,24.88,24.67,24.79,28500.0,24.79
2005-11-29,24.73,24.88,24.63,24.72,16900.0,24.72
2005-11-28,24.65,24.8,24.5,24.6,10200.0,24.6
2005-11-25,24.43,24.63,24.43,24.55,5400.0,24.55
2005-11-23,24.45,24.75,24.42,24.43,21600.0,24.43
2005-11-22,24.5,24.52,24.4,24.5,7900.0,24.5
2005-11-21,24.55,24.55,24.42,24.43,10900.0,24.43
2005-11-18,24.62,24.63,24.36,24.4,22200.0,24.4
2005-11-17,24.52,24.64,24.25,24.55,14600.0,24.55
2005-11-16,24.5,24.65,24.5,24.53,14900.0,24.53
2005-11-15,24.55,24.73,24.5,24.5,17600.0,24.5
2005-11-14,24.75,24.84,24.66,24.66,8800.0,24.66
2005-11-11,24.8,24.85,24.67,24.8,10100.0,24.8
2005-11-10,24.7,24.9,24.66,24.66,13600.0,24.66
2005-11-09,24.8,24.94,24.69,24.69,16600.0,24.69
2005-11-08,24.8,24.86,24.76,24.77,12900.0,24.77
2005-11-07,25.06,25.06,24.8,24.8,19900.0,24.8
2005-11-04,25.0,25.11,25.0,25.05,5500.0,25.05
2005-11-03,25.05,25.05,24.8,24.95,9600.0,24.95
2005-11-02,24.86,25.04,24.76,25.02,39800.0,25.02
2005-11-01,24.75,24.93,24.72,24.85,12800.0,24.85
2005-10-31,24.83,24.89,24.72,24.75,11200.0,24.75
2005-10-28,25.01,25.19,24.8,24.83,59600.0,24.83
2005-10-27,24.7,25.0,24.6,25.0,18400.0,25.0
2005-10-26,24.92,24.92,24.6,24.61,22800.0,24.61
2005-10-25,25.07,25.09,24.8,24.92,12900.0,24.92
2005-10-24,24.95,25.15,24.95,25.03,12500.0,25.03
2005-10-21,24.89,24.99,24.8,24.88,14000.0,24.88
2005-10-20,24.91,24.98,24.65,24.82,46000.0,24.82
2005-10-19,24.95,25.0,24.85,24.85,110500.0,24.85
2005-10-18,24.9,24.99,24.86,24.9,7800.0,24.9
2005-10-17,25.0,25.09,24.85,24.86,11700.0,24.86
2005-10-14,25.0,25.05,24.85,24.89,12200.0,24.89
2005-10-13,25.15,25.15,24.91,24.92,14900.0,24.92
2005-10-12,25.24,25.3,25.2,25.2,6900.0,25.2
2005-10-11,25.3,25.3,25.23,25.23,4600.0,25.23
2005-10-10,25.32,25.32,25.25,25.25,3500.0,25.25
2005-10-07,25.3,25.35,25.23,25.3,4400.0,25.3
2005-10-06,25.4,25.44,25.25,25.3,6400.0,25.3
2005-10-05,25.25,25.42,25.23,25.3,8300.0,25.3
2005-10-04,25.45,25.45,25.25,25.25,17100.0,25.25
2005-10-03,25.51,25.51,25.23,25.23,5600.0,25.23
2005-09-30,25.25,25.44,25.25,25.41,6900.0,25.41
2005-09-29,25.27,25.34,25.23,25.25,6200.0,25.25
2005-09-28,25.3,25.46,25.23,25.25,7200.0,25.25
2005-09-27,25.85,25.85,25.65,25.72,15100.0,25.72
2005-09-26,25.84,25.9,25.76,25.81,12600.0,25.81
2005-09-23,25.86,25.86,25.75,25.76,7700.0,25.76
2005-09-22,25.86,25.91,25.83,25.87,4800.0,25.87
2005-09-21,25.87,25.91,25.76,25.76,3800.0,25.76
2005-09-20,25.9,25.9,25.75,25.77,2900.0,25.77
2005-09-19,25.8,25.83,25.75,25.8,7700.0,25.8
2005-09-16,25.86,25.94,25.76,25.8,2700.0,25.8
2005-09-15,25.86,26.03,25.86,25.92,7700.0,25.92
2005-09-14,26.0,26.1,25.87,25.87,6200.0,25.87
2005-09-13,25.86,25.94,25.86,25.86,3100.0,25.86
2005-09-12,25.95,25.95,25.88,25.88,1600.0,25.88
2005-09-09,25.86,26.11,25.86,25.88,7800.0,25.88
2005-09-08,25.94,25.94,25.86,25.87,5600.0,25.87
2005-09-07,25.95,25.96,25.86,25.87,3100.0,25.87
2005-09-06,25.95,25.99,25.86,25.9,5300.0,25.9
2005-09-02,25.9,25.97,25.86,25.87,3800.0,25.87
2005-09-01,25.96,26.01,25.82,25.82,4600.0,25.82
2005-08-31,25.98,26.05,25.94,25.96,11800.0,25.96
2005-08-30,25.91,25.98,25.9,25.95,4700.0,25.95
2005-08-29,25.95,25.97,25.9,25.9,2700.0,25.9
2005-08-26,25.87,25.95,25.86,25.9,7500.0,25.9
2005-08-25,25.91,25.96,25.87,25.92,6300.0,25.92
2005-08-24,25.93,25.98,25.9,25.91,4600.0,25.91
2005-08-23,25.87,25.93,25.82,25.93,6500.0,25.93
2005-08-22,25.94,25.94,25.82,25.82,12300.0,25.82
2005-08-19,25.81,25.95,25.81,25.92,7500.0,25.92
2005-08-18,25.83,25.84,25.76,25.76,7300.0,25.76
2005-08-17,25.82,25.83,25.81,25.81,5900.0,25.81
2005-08-16,25.8,25.83,25.8,25.81,9900.0,25.81
2005-08-15,25.83,25.83,25.7,25.8,8700.0,25.8
2005-08-12,25.75,25.82,25.75,25.8,3300.0,25.8
2005-08-11,25.8,25.83,25.75,25.75,4600.0,25.75
2005-08-10,25.8,25.81,25.77,25.8,3600.0,25.8
2005-08-09,25.76,25.83,25.75,25.83,2800.0,25.83
2005-08-08,25.85,25.86,25.77,25.86,3000.0,25.86
2005-08-05,25.9,25.95,25.81,25.9,4700.0,25.9
2005-08-04,25.82,26.05,25.82,25.98,3500.0,25.98
2005-08-03,25.84,25.85,25.81,25.81,1000.0,25.81
2005-08-02,25.91,25.91,25.76,25.86,11700.0,25.86
2005-08-01,26.0,26.01,25.81,25.81,3600.0,25.81
2005-07-29,26.0,26.0,25.81,25.91,5400.0,25.91
2005-07-28,26.0,26.0,25.84,25.92,6500.0,25.92
2005-07-27,26.0,26.25,25.85,25.9,3100.0,25.9
2005-07-26,26.05,26.25,25.93,26.0,3700.0,26.0
2005-07-25,25.94,25.94,25.84,25.92,73200.0,25.92
2005-07-22,25.95,25.95,25.82,25.89,7800.0,25.89
2005-07-21,25.9,25.98,25.77,25.87,7700.0,25.87
2005-07-20,25.76,26.0,25.76,25.85,12200.0,25.85
2005-07-19,25.78,25.85,25.76,25.77,3800.0,25.77
2005-07-18,25.86,25.99,25.78,25.78,5500.0,25.78
2005-07-15,25.83,26.0,25.8,25.9,6200.0,25.9
2005-07-14,25.92,25.99,25.76,25.98,10000.0,25.98
2005-07-13,25.81,25.9,25.8,25.85,8900.0,25.85
2005-07-12,25.9,25.94,25.8,25.8,7500.0,25.8
2005-07-11,25.99,26.0,25.81,25.82,3300.0,25.82
2005-07-08,26.0,26.05,25.85,25.91,21500.0,25.91
2005-07-07,25.99,26.0,25.94,25.98,4800.0,25.98
2005-07-06,25.9,26.0,25.87,25.99,5700.0,25.99
2005-07-05,26.05,26.05,25.8,25.82,4400.0,25.82
2005-07-01,26.07,26.07,25.91,25.95,2900.0,25.95
2005-06-30,25.83,25.96,25.83,25.96,7800.0,25.96
2005-06-29,25.85,25.86,25.83,25.83,6800.0,25.83
2005-06-28,25.9,25.99,25.86,25.87,6100.0,25.87
2005-06-27,26.25,26.37,26.25,26.31,25800.0,26.31
2005-06-24,26.24,26.29,26.22,26.24,5700.0,26.24
2005-06-23,26.28,26.28,26.17,26.24,18200.0,26.24
2005-06-22,26.12,26.24,26.12,26.23,29200.0,26.23
2005-06-21,26.15,26.18,26.02,26.11,8300.0,26.11
2005-06-20,25.91,26.07,25.91,26.03,6600.0,26.03
2005-06-17,26.05,26.25,26.0,26.11,7000.0,26.11
2005-06-16,25.93,26.13,25.9,26.0,9200.0,26.0
2005-06-15,26.08,26.08,25.9,25.97,4800.0,25.97
2005-06-14,26.0,26.06,25.9,26.0,5200.0,26.0
2005-06-13,26.18,26.18,25.9,25.95,8800.0,25.95
2005-06-10,26.06,26.19,26.06,26.12,17600.0,26.12
2005-06-09,26.08,26.13,26.07,26.1,2900.0,26.1
2005-06-08,26.12,26.13,26.06,26.08,6700.0,26.08
2005-06-07,26.18,26.18,26.07,26.07,26000.0,26.07
2005-06-06,26.16,26.29,26.06,26.07,17500.0,26.07
2005-06-03,26.12,26.26,26.1,26.1,3400.0,26.1
2005-06-02,25.95,26.0,25.92,25.95,4600.0,25.95
2005-06-01,26.0,26.04,25.96,25.97,2900.0,25.97
2005-05-31,25.81,25.96,25.8,25.96,9700.0,25.96
2005-05-27,25.79,25.82,25.75,25.75,3000.0,25.75
2005-05-26,25.8,25.84,25.75,25.78,11400.0,25.78
2005-05-25,25.9,25.9,25.75,25.78,10200.0,25.78
2005-05-24,25.87,25.92,25.73,25.79,9500.0,25.79
2005-05-23,25.84,25.91,25.78,25.83,11600.0,25.83
2005-05-20,25.88,25.88,25.75,25.81,3500.0,25.81
2005-05-19,25.95,25.95,25.82,25.82,822700.0,25.82
2005-05-18,25.75,25.95,25.75,25.84,9500.0,25.84
2005-05-17,25.72,25.85,25.7,25.8,15800.0,25.8
2005-05-16,25.61,25.7,25.61,25.66,8300.0,25.66
2005-05-13,25.52,25.65,25.52,25.61,22200.0,25.61
2005-05-12,25.52,25.68,25.52,25.53,5000.0,25.53
2005-05-11,25.6,25.7,25.49,25.57,6700.0,25.57
2005-05-10,25.54,25.55,25.47,25.54,5600.0,25.54
2005-05-09,25.48,25.48,25.35,25.47,4000.0,25.47
2005-05-06,25.45,25.49,25.33,25.48,10300.0,25.48
2005-05-05,25.33,25.5,25.33,25.48,19500.0,25.48
2005-05-04,25.25,25.38,25.18,25.3,14100.0,25.3
2005-05-03,25.35,25.42,25.34,25.37,8700.0,25.37
2005-05-02,25.32,25.41,25.31,25.37,23000.0,25.37
2005-04-29,25.35,25.38,25.31,25.31,9900.0,25.31
2005-04-28,25.38,25.41,25.3,25.33,21600.0,25.33
2005-04-27,25.29,25.48,25.29,25.35,21200.0,25.35
2005-04-26,25.16,25.31,25.15,25.22,8600.0,25.22
2005-04-25,25.11,25.32,25.11,25.25,36900.0,25.25
2005-04-22,25.2,25.2,25.09,25.16,10400.0,25.16
2005-04-21,25.25,25.28,25.04,25.1,16400.0,25.1
2005-04-20,25.3,25.3,25.17,25.18,16700.0,25.18
2005-04-19,25.35,25.35,25.16,25.32,13500.0,25.32
2005-04-18,25.22,25.35,25.13,25.29,6900.0,25.29
2005-04-15,25.22,25.4,25.14,25.35,12400.0,25.35
2005-04-14,25.16,25.22,25.16,25.2,14100.0,25.2
2005-04-13,25.15,25.2,25.13,25.2,7900.0,25.2
2005-04-12,25.13,25.21,25.13,25.16,7500.0,25.16
2005-04-11,25.23,25.23,25.11,25.18,27700.0,25.18
2005-04-08,25.12,25.2,25.11,25.18,12700.0,25.18
2005-04-07,25.22,25.22,25.11,25.17,12200.0,25.17
2005-04-06,25.25,25.31,25.11,25.2,7800.0,25.2
2005-04-05,25.09,25.35,25.09,25.2,43900.0,25.2
2005-04-04,25.4,25.4,25.08,25.15,11800.0,25.15
2005-04-01,25.2,25.27,25.12,25.2,9700.0,25.2
2005-03-31,25.12,25.5,25.08,25.08,5300.0,25.08
2005-03-30,25.15,25.15,25.05,25.1,10300.0,25.1
2005-03-29,25.15,25.24,25.03,25.14,9300.0,25.14
2005-03-28,25.2,25.43,25.04,25.42,17600.0,25.42
2005-03-24,25.05,25.21,25.01,25.1,11300.0,25.1
2005-03-23,25.34,25.35,25.05,25.1,39000.0,25.1
2005-03-22,25.61,25.61,25.35,25.41,11500.0,25.41
2005-03-21,25.62,25.62,25.61,25.61,8300.0,25.61
2005-03-18,25.83,25.83,25.63,25.63,8500.0,25.63
2005-03-17,25.6,25.7,25.6,25.7,5400.0,25.7
2005-03-16,25.62,25.7,25.6,25.6,9900.0,25.6
2005-03-15,25.74,25.84,25.65,25.65,6900.0,25.65
2005-03-14,25.75,25.8,25.72,25.8,10600.0,25.8
2005-03-11,25.9,25.96,25.81,25.81,9300.0,25.81
2005-03-10,25.91,25.92,25.88,25.9,19900.0,25.9
2005-03-09,26.12,26.12,25.91,25.91,156700.0,25.91
2005-03-08,26.05,26.12,26.03,26.09,8300.0,26.09
2005-03-07,26.15,26.15,26.03,26.06,11100.0,26.06
2005-03-04,25.96,26.14,25.96,26.14,9500.0,26.14
2005-03-03,26.07,26.1,25.93,25.95,9200.0,25.95
2005-03-02,26.08,26.09,26.0,26.0,424800.0,26.0
2005-03-01,25.99,26.09,25.97,26.0,56000.0,26.0
2005-02-28,26.01,26.08,25.97,26.08,19500.0,26.08
2005-02-25,26.02,26.04,25.96,26.02,12500.0,26.02
2005-02-24,25.96,25.97,25.95,25.95,10000.0,25.95
2005-02-23,25.9,26.0,25.9,25.9,15200.0,25.9
2005-02-22,25.88,25.91,25.85,25.86,13800.0,25.86
2005-02-18,26.0,26.0,25.85,25.85,14800.0,25.85
2005-02-17,26.06,26.08,26.03,26.08,90300.0,26.08
2005-02-16,26.14,26.14,26.06,26.07,8800.0,26.07
2005-02-15,26.17,26.19,26.09,26.14,9400.0,26.14
2005-02-14,26.1,26.2,26.09,26.1,6700.0,26.1
2005-02-11,26.17,26.18,26.11,26.11,5700.0,26.11
2005-02-10,26.12,26.18,26.1,26.11,10500.0,26.11
2005-02-09,26.21,26.22,26.11,26.16,9300.0,26.16
2005-02-08,26.2,26.2,26.15,26.18,3400.0,26.18
2005-02-07,26.2,26.23,26.11,26.12,6400.0,26.12
2005-02-04,26.2,26.49,26.12,26.16,15300.0,26.16
2005-02-03,26.07,26.4,26.07,26.23,21200.0,26.23
2005-02-02,26.1,26.12,26.07,26.07,25900.0,26.07
2005-02-01,26.12,26.2,26.03,26.1,15500.0,26.1
2005-01-31,26.03,26.12,26.0,26.11,25400.0,26.11
2005-01-28,26.0,26.03,25.96,26.01,10200.0,26.01
2005-01-27,25.95,26.05,25.95,26.03,26800.0,26.03
2005-01-26,26.05,26.08,25.96,25.96,31500.0,25.96
2005-01-25,26.24,26.25,25.96,26.0,25200.0,26.0
2005-01-24,26.1,26.15,26.01,26.14,47900.0,26.14
2005-01-21,25.94,26.15,25.94,26.0,19500.0,26.0
2005-01-20,25.92,26.02,25.91,25.94,21200.0,25.94
2005-01-19,25.78,25.95,25.78,25.95,99000.0,25.95
2005-01-18,25.8,25.81,25.75,25.77,16700.0,25.77
2005-01-14,25.85,25.87,25.72,25.75,58700.0,25.75
2005-01-13,25.71,25.85,25.69,25.85,16300.0,25.85
2005-01-12,25.75,25.78,25.67,25.73,32800.0,25.73
2005-01-11,25.8,25.8,25.71,25.78,18900.0,25.78
2005-01-10,25.84,25.84,25.7,25.77,8200.0,25.77
2005-01-07,25.76,25.81,25.71,25.8,18600.0,25.8
2005-01-06,25.74,25.74,25.68,25.7,8100.0,25.7
2005-01-05,25.72,25.75,25.65,25.73,11000.0,25.73
2005-01-04,25.8,25.84,25.72,25.74,301400.0,25.74
2005-01-03,25.74,25.74,25.66,25.72,12500.0,25.72
